participant_id,load,stimulus_code,behavior_class,response_status,response_latency_ms,cluster,trial_ersp_db
10,0,C8,NONTARGET_CORRECT_REJECTION,0,,early,3.9800956103623073
10,0,C8,NONTARGET_CORRECT_REJECTION,0,,late,1.362299842326984
10,0,C9,NONTARGET_CORRECT_REJECTION,0,,early,4.244400142207372
10,0,C9,NONTARGET_CORRECT_REJECTION,0,,late,-3.04521862452645
10,0,C5,NONTARGET_CORRECT_REJECTION,0,,early,0.5975849262261838
10,0,C5,NONTARGET_CORRECT_REJECTION,0,,late,-4.5602820325154
10,0,C10,NONTARGET_CORRECT_REJECTION,0,,early,-1.9929740093717792
10,0,C10,NONTARGET_CORRECT_REJECTION,0,,late,-6.852070831429848
10,0,C7,NONTARGET_CORRECT_REJECTION,0,,early,-5.3899116613610465
10,0,C7,NONTARGET_CORRECT_REJECTION,0,,late,-0.24236564623575033
10,0,C1,NONTARGET_CORRECT_REJECTION,0,,early,-0.27878571649100525
10,0,C1,NONTARGET_CORRECT_REJECTION,0,,late,0.02137484738518837
10,0,C4,NONTARGET_CORRECT_REJECTION,0,,early,-4.208032289349335
10,0,C4,NONTARGET_CORRECT_REJECTION,0,,late,1.9345296919482406
10,0,C6,NONTARGET_CORRECT_REJECTION,0,,early,-1.256140048661193
10,0,C6,NONTARGET_CORRECT_REJECTION,0,,late,-0.12592090927735786
10,0,C2,NONTARGET_CORRECT_REJECTION,0,,early,-1.1533159143242755
10,0,C2,NONTARGET_CORRECT_REJECTION,0,,late,-2.3364660906943198
10,0,C3,NONTARGET_CORRECT_REJECTION,0,,early,-2.235529317028357
10,0,C3,NONTARGET_CORRECT_REJECTION,0,,late,-3.4134293405946443
10,0,C6,NONTARGET_CORRECT_REJECTION,0,,early,-0.9922169064629132
10,0,C6,NONTARGET_CORRECT_REJECTION,0,,late,-0.6227727082759809
10,0,C3,NONTARGET_CORRECT_REJECTION,0,,early,-0.7280228668615313
10,0,C3,NONTARGET_CORRECT_REJECTION,0,,late,-1.1270969576126224
10,0,C7,NONTARGET_CORRECT_REJECTION,0,,early,-3.136120394265001
10,0,C7,NONTARGET_CORRECT_REJECTION,0,,late,0.07638147402639105
10,0,C9,NONTARGET_CORRECT_REJECTION,0,,early,1.4314487222391066
10,0,C9,NONTARGET_CORRECT_REJECTION,0,,late,-2.098776495696573
10,0,C4,NONTARGET_CORRECT_REJECTION,0,,early,2.3149011826435557
10,0,C4,NONTARGET_CORRECT_REJECTION,0,,late,1.3871686781673611
10,0,C5,NONTARGET_CORRECT_REJECTION,0,,early,-3.119575302222128
10,0,C5,NONTARGET_CORRECT_REJECTION,0,,late,-3.954415656082626
10,0,C1,NONTARGET_CORRECT_REJECTION,0,,early,2.836816320321881
10,0,C1,NONTARGET_CORRECT_REJECTION,0,,late,-5.392679038248125
10,0,C2,NONTARGET_CORRECT_REJECTION,0,,early,-7.003824651130033
10,0,C2,NONTARGET_CORRECT_REJECTION,0,,late,-4.737824602978313
10,0,C1,NONTARGET_CORRECT_REJECTION,0,,early,-3.6567494640339895
10,0,C1,NONTARGET_CORRECT_REJECTION,0,,late,1.2654231145150927
10,0,C7,NONTARGET_CORRECT_REJECTION,0,,early,-2.202202458204457
10,0,C7,NONTARGET_CORRECT_REJECTION,0,,late,-2.3739867129749017
10,0,C3,NONTARGET_CORRECT_REJECTION,0,,early,-2.285967953010996
10,0,C3,NONTARGET_CORRECT_REJECTION,0,,late,-3.3785562476239197
10,0,C9,NONTARGET_CORRECT_REJECTION,0,,early,-0.2976005848857313
10,0,C9,NONTARGET_CORRECT_REJECTION,0,,late,1.404583940224911
10,0,C8,NONTARGET_CORRECT_REJECTION,0,,early,-4.2963884006061015
10,0,C8,NONTARGET_CORRECT_REJECTION,0,,late,-2.6207425662567463
10,0,C6,NONTARGET_CORRECT_REJECTION,0,,early,-0.384513536307891
10,0,C6,NONTARGET_CORRECT_REJECTION,0,,late,-2.616279463740416
10,0,C5,NONTARGET_CORRECT_REJECTION,0,,early,3.458356866755163
10,0,C5,NONTARGET_CORRECT_REJECTION,0,,late,-4.883289793640099
10,0,C4,NONTARGET_CORRECT_REJECTION,0,,early,-4.451485293779208
10,0,C4,NONTARGET_CORRECT_REJECTION,0,,late,-2.4528471947432253
10,0,C10,NONTARGET_CORRECT_REJECTION,0,,early,0.5750699789037771
10,0,C10,NONTARGET_CORRECT_REJECTION,0,,late,-0.9001571976892191
10,0,C2,NONTARGET_CORRECT_REJECTION,0,,early,-1.3715978571588732
10,0,C2,NONTARGET_CORRECT_REJECTION,0,,late,0.3154725381774887
10,0,C4,NONTARGET_CORRECT_REJECTION,0,,early,-1.278121234799434
10,0,C4,NONTARGET_CORRECT_REJECTION,0,,late,-3.354587789334576
10,0,C6,NONTARGET_CORRECT_REJECTION,0,,early,-2.710708524643964
10,0,C6,NONTARGET_CORRECT_REJECTION,0,,late,-2.793288425823499
10,0,C5,NONTARGET_CORRECT_REJECTION,0,,early,-0.21198819719168252
10,0,C5,NONTARGET_CORRECT_REJECTION,0,,late,1.7616568023309345
10,0,C9,NONTARGET_CORRECT_REJECTION,0,,early,-0.185936439995002
10,0,C9,NONTARGET_CORRECT_REJECTION,0,,late,-1.3354379734717459
10,0,C3,NONTARGET_CORRECT_REJECTION,0,,early,3.6155479611429038
10,0,C3,NONTARGET_CORRECT_REJECTION,0,,late,-2.747210936036928
10,0,C1,NONTARGET_CORRECT_REJECTION,0,,early,4.0956370984725385
10,0,C1,NONTARGET_CORRECT_REJECTION,0,,late,0.3426535343054305
10,0,C7,NONTARGET_CORRECT_REJECTION,0,,early,-0.7957651719981259
10,0,C7,NONTARGET_CORRECT_REJECTION,0,,late,-3.8877335650442038
10,0,C8,NONTARGET_CORRECT_REJECTION,0,,early,0.865418170509703
10,0,C8,NONTARGET_CORRECT_REJECTION,0,,late,-3.3181012696292056
10,0,C5,NONTARGET_CORRECT_REJECTION,0,,early,-6.746027850672254
10,0,C5,NONTARGET_CORRECT_REJECTION,0,,late,-3.7959148096691946
10,0,C7,NONTARGET_CORRECT_REJECTION,0,,early,-0.6184634872696824
10,0,C7,NONTARGET_CORRECT_REJECTION,0,,late,2.623489380389742
10,0,C6,NONTARGET_CORRECT_REJECTION,0,,early,-4.364925652396523
10,0,C6,NONTARGET_CORRECT_REJECTION,0,,late,-3.4759736818238047
10,0,C1,NONTARGET_CORRECT_REJECTION,0,,early,-3.6944504829694913
10,0,C1,NONTARGET_CORRECT_REJECTION,0,,late,0.3615871144810299
10,0,C2,NONTARGET_CORRECT_REJECTION,0,,early,-3.0869155286421024
10,0,C2,NONTARGET_CORRECT_REJECTION,0,,late,-0.26540993632001253
10,0,C4,NONTARGET_CORRECT_REJECTION,0,,early,3.1211164023087967
10,0,C4,NONTARGET_CORRECT_REJECTION,0,,late,-0.8285924384134865
10,0,C9,NONTARGET_CORRECT_REJECTION,0,,early,4.705063980969902
10,0,C9,NONTARGET_CORRECT_REJECTION,0,,late,1.9145583548711003
10,0,C10,NONTARGET_CORRECT_REJECTION,0,,early,1.788127029583148
10,0,C10,NONTARGET_CORRECT_REJECTION,0,,late,-0.38197574377815013
10,0,C2,NONTARGET_CORRECT_REJECTION,0,,early,5.709098014036321
10,0,C2,NONTARGET_CORRECT_REJECTION,0,,late,0.014126523292136038
10,0,C3,NONTARGET_CORRECT_REJECTION,0,,early,0.17040258144737777
10,0,C3,NONTARGET_CORRECT_REJECTION,0,,late,1.3642734208361713
10,0,C8,NONTARGET_CORRECT_REJECTION,0,,early,-0.12333414418438648
10,0,C8,NONTARGET_CORRECT_REJECTION,0,,late,-6.491961953329217
10,0,C4,NONTARGET_CORRECT_REJECTION,0,,early,1.2276524862331297
10,0,C4,NONTARGET_CORRECT_REJECTION,0,,late,2.1991810070578266
10,0,C10,NONTARGET_CORRECT_REJECTION,0,,early,-5.473913370700922
10,0,C10,NONTARGET_CORRECT_REJECTION,0,,late,-0.5970422666811542
10,0,C5,NONTARGET_CORRECT_REJECTION,0,,early,-3.941947910093225
10,0,C5,NONTARGET_CORRECT_REJECTION,0,,late,-1.3100311618379847
10,0,C10,NONTARGET_CORRECT_REJECTION,0,,early,1.5537930125494062
10,0,C10,NONTARGET_CORRECT_REJECTION,0,,late,0.9269868968446032
10,0,C9,NONTARGET_CORRECT_REJECTION,0,,early,2.564753028709532
10,0,C9,NONTARGET_CORRECT_REJECTION,0,,late,-2.010352874040096
10,0,C2,NONTARGET_CORRECT_REJECTION,0,,early,-0.8733391088388941
10,0,C2,NONTARGET_CORRECT_REJECTION,0,,late,-2.8304603667819364
10,0,C8,NONTARGET_CORRECT_REJECTION,0,,early,-2.3788140352000116
10,0,C8,NONTARGET_CORRECT_REJECTION,0,,late,-1.0594464829660317
10,0,C1,NONTARGET_CORRECT_REJECTION,0,,early,-2.2256589127784516
10,0,C1,NONTARGET_CORRECT_REJECTION,0,,late,-0.8384774320172734
10,0,C2,NONTARGET_CORRECT_REJECTION,0,,early,-0.6542720890395165
10,0,C2,NONTARGET_CORRECT_REJECTION,0,,late,-5.163008407347696
10,0,C9,NONTARGET_CORRECT_REJECTION,0,,early,-0.09675320469506948
10,0,C9,NONTARGET_CORRECT_REJECTION,0,,late,-1.0620185835965517
10,1,C6,NONTARGET_CORRECT_REJECTION,0,,early,0.33989526843798873
10,1,C6,NONTARGET_CORRECT_REJECTION,0,,late,-6.253963506514952
10,1,C1,NONTARGET_CORRECT_REJECTION,0,,early,1.656134566572553
10,1,C1,NONTARGET_CORRECT_REJECTION,0,,late,-5.34250820296073
10,1,C4,NONTARGET_CORRECT_REJECTION,0,,early,1.9966790219803967
10,1,C4,NONTARGET_CORRECT_REJECTION,0,,late,-4.448148387233524
10,1,C3,NONTARGET_CORRECT_REJECTION,0,,early,-0.5030320656537883
10,1,C3,NONTARGET_CORRECT_REJECTION,0,,late,-4.672985441044892
10,1,C5,NONTARGET_CORRECT_REJECTION,0,,early,0.028459580574687563
10,1,C5,NONTARGET_CORRECT_REJECTION,0,,late,-0.6984157923394197
10,1,P1,NONTARGET_CORRECT_REJECTION,0,,early,4.744802031509779
10,1,P1,NONTARGET_CORRECT_REJECTION,0,,late,3.211758966251144
10,1,C8,NONTARGET_CORRECT_REJECTION,0,,early,1.9011466151573972
10,1,C8,NONTARGET_CORRECT_REJECTION,0,,late,2.3588497748230357
10,1,P2,NONTARGET_CORRECT_REJECTION,0,,early,6.755568079667441
10,1,P2,NONTARGET_CORRECT_REJECTION,0,,late,-0.2866704204389716
10,1,C7,NONTARGET_CORRECT_REJECTION,0,,early,4.035510379569004
10,1,C7,NONTARGET_CORRECT_REJECTION,0,,late,0.05534514122083407
10,1,C4,NONTARGET_CORRECT_REJECTION,0,,early,4.578240070332116
10,1,C4,NONTARGET_CORRECT_REJECTION,0,,late,0.1875923137780608
10,1,C3,NONTARGET_CORRECT_REJECTION,0,,early,0.8716318052191333
10,1,C3,NONTARGET_CORRECT_REJECTION,0,,late,-4.174916806468232
10,1,C1,NONTARGET_CORRECT_REJECTION,0,,early,0.10630513083069631
10,1,C1,NONTARGET_CORRECT_REJECTION,0,,late,-3.5333058881786754
10,1,C7,NONTARGET_CORRECT_REJECTION,0,,early,1.5637034320916468
10,1,C7,NONTARGET_CORRECT_REJECTION,0,,late,-0.16023091984548193
10,1,C6,NONTARGET_CORRECT_REJECTION,0,,early,-1.0047492916036722
10,1,C6,NONTARGET_CORRECT_REJECTION,0,,late,-2.2336984727262026
10,1,C5,NONTARGET_CORRECT_REJECTION,0,,early,3.6664066391330223
10,1,C5,NONTARGET_CORRECT_REJECTION,0,,late,0.38985611802695913
10,1,P4,NONTARGET_CORRECT_REJECTION,0,,early,-0.9330742633262752
10,1,P4,NONTARGET_CORRECT_REJECTION,0,,late,-5.9346249087548
10,1,P1,NONTARGET_CORRECT_REJECTION,0,,early,1.9846622517096253
10,1,P1,NONTARGET_CORRECT_REJECTION,0,,late,-3.6222571947358984
10,1,C10,NONTARGET_CORRECT_REJECTION,0,,early,-2.0940582370897527
10,1,C10,NONTARGET_CORRECT_REJECTION,0,,late,-5.62794537666484
10,1,C3,NONTARGET_CORRECT_REJECTION,0,,early,-2.276367416649083
10,1,C3,NONTARGET_CORRECT_REJECTION,0,,late,-3.2899619504186055
10,1,C6,NONTARGET_CORRECT_REJECTION,0,,early,-0.36747817757865764
10,1,C6,NONTARGET_CORRECT_REJECTION,0,,late,-7.265753037676006
10,1,C5,NONTARGET_CORRECT_REJECTION,0,,early,-2.155496729723045
10,1,C5,NONTARGET_CORRECT_REJECTION,0,,late,-4.582972238344413
10,1,C10,NONTARGET_CORRECT_REJECTION,0,,early,-1.9583909892001192
10,1,C10,NONTARGET_CORRECT_REJECTION,0,,late,0.8692901027596128
10,1,P4,NONTARGET_CORRECT_REJECTION,0,,early,1.228121009704987
10,1,P4,NONTARGET_CORRECT_REJECTION,0,,late,2.5087167610057017
10,1,P3,NONTARGET_CORRECT_REJECTION,0,,early,-1.8446339680833705
10,1,P3,NONTARGET_CORRECT_REJECTION,0,,late,1.3040166701658835
10,1,C5,NONTARGET_CORRECT_REJECTION,0,,early,-3.3105937754016272
10,1,C5,NONTARGET_CORRECT_REJECTION,0,,late,-0.3936805660287543
10,1,C2,NONTARGET_CORRECT_REJECTION,0,,early,2.586496759482456
10,1,C2,NONTARGET_CORRECT_REJECTION,0,,late,-4.910860424834087
10,1,P4,NONTARGET_CORRECT_REJECTION,0,,early,-0.3832645932835251
10,1,P4,NONTARGET_CORRECT_REJECTION,0,,late,-4.672311302293897
10,1,C8,NONTARGET_CORRECT_REJECTION,0,,early,2.2575357406888648
10,1,C8,NONTARGET_CORRECT_REJECTION,0,,late,-4.815273835627962
10,1,P3,NONTARGET_CORRECT_REJECTION,0,,early,3.547373538799777
10,1,P3,NONTARGET_CORRECT_REJECTION,0,,late,-5.251476254604819
10,1,C9,NONTARGET_CORRECT_REJECTION,0,,early,-1.1012195217447946
10,1,C9,NONTARGET_CORRECT_REJECTION,0,,late,-3.9861731014982262
10,1,C7,NONTARGET_CORRECT_REJECTION,0,,early,-0.8413714858284119
10,1,C7,NONTARGET_CORRECT_REJECTION,0,,late,-2.536913149262107
10,1,C4,NONTARGET_CORRECT_REJECTION,0,,early,2.227129284534344
10,1,C4,NONTARGET_CORRECT_REJECTION,0,,late,1.1862206772520496
10,1,C2,NONTARGET_CORRECT_REJECTION,0,,early,0.09111128472450682
10,1,C2,NONTARGET_CORRECT_REJECTION,0,,late,-1.7006822489679438
10,1,C10,NONTARGET_CORRECT_REJECTION,0,,early,1.1434936602472556
10,1,C10,NONTARGET_CORRECT_REJECTION,0,,late,-5.18293573326998
10,1,C1,NONTARGET_CORRECT_REJECTION,0,,early,3.096649451296077
10,1,C1,NONTARGET_CORRECT_REJECTION,0,,late,-0.4565128390827599
10,1,C6,NONTARGET_CORRECT_REJECTION,0,,early,0.41610677699199783
10,1,C6,NONTARGET_CORRECT_REJECTION,0,,late,-3.232786413160201
10,1,C8,NONTARGET_CORRECT_REJECTION,0,,early,-3.7629538181926687
10,1,C8,NONTARGET_CORRECT_REJECTION,0,,late,1.744463847701756
10,1,P2,NONTARGET_CORRECT_REJECTION,0,,early,0.7156294696902232
10,1,P2,NONTARGET_CORRECT_REJECTION,0,,late,-0.44768040868298853
10,1,C4,NONTARGET_CORRECT_REJECTION,0,,early,1.9538672729188633
10,1,C4,NONTARGET_CORRECT_REJECTION,0,,late,-6.189071900097171
10,1,C1,NONTARGET_CORRECT_REJECTION,0,,early,1.4919264563358763
10,1,C1,NONTARGET_CORRECT_REJECTION,0,,late,-3.0638417226321484
10,1,C2,NONTARGET_CORRECT_REJECTION,0,,early,4.303669867755617
10,1,C2,NONTARGET_CORRECT_REJECTION,0,,late,2.480850999776132
10,1,C6,NONTARGET_CORRECT_REJECTION,0,,early,-0.24340175264004404
10,1,C6,NONTARGET_CORRECT_REJECTION,0,,late,-4.010550800379195
10,1,P4,NONTARGET_CORRECT_REJECTION,0,,early,1.7242497265723244
10,1,P4,NONTARGET_CORRECT_REJECTION,0,,late,-2.865798530354674
10,1,C3,NONTARGET_CORRECT_REJECTION,0,,early,0.23786890673569638
10,1,C3,NONTARGET_CORRECT_REJECTION,0,,late,-2.3777347938198763
10,1,P1,NONTARGET_CORRECT_REJECTION,0,,early,1.4449658702317225
10,1,P1,NONTARGET_CORRECT_REJECTION,0,,late,-0.11122861866737892
10,1,C10,NONTARGET_CORRECT_REJECTION,0,,early,-1.2797506894184165
10,1,C10,NONTARGET_CORRECT_REJECTION,0,,late,-3.750835204297377
10,1,C5,NONTARGET_CORRECT_REJECTION,0,,early,1.843584246747808
10,1,C5,NONTARGET_CORRECT_REJECTION,0,,late,-5.854556794619533
10,1,C9,NONTARGET_CORRECT_REJECTION,0,,early,1.43975601593666
10,1,C9,NONTARGET_CORRECT_REJECTION,0,,late,-5.803732863243842
10,1,C7,NONTARGET_CORRECT_REJECTION,0,,early,-1.079405648319007
10,1,C7,NONTARGET_CORRECT_REJECTION,0,,late,-6.158970765087361
10,1,C4,NONTARGET_CORRECT_REJECTION,0,,early,1.3232380482171637
10,1,C4,NONTARGET_CORRECT_REJECTION,0,,late,-4.693628158204823
10,1,P1,NONTARGET_CORRECT_REJECTION,0,,early,1.629938597866751
10,1,P1,NONTARGET_CORRECT_REJECTION,0,,late,-4.026647228097626
10,1,C6,NONTARGET_CORRECT_REJECTION,0,,early,1.8801388581701166
10,1,C6,NONTARGET_CORRECT_REJECTION,0,,late,-3.7603586787425036
10,1,P4,NONTARGET_CORRECT_REJECTION,0,,early,-1.7061072210497334
10,1,P4,NONTARGET_CORRECT_REJECTION,0,,late,-4.384253908191962
10,1,P2,NONTARGET_CORRECT_REJECTION,0,,early,2.203524583995387
10,1,P2,NONTARGET_CORRECT_REJECTION,0,,late,-5.298196688750836
10,1,C1,NONTARGET_CORRECT_REJECTION,0,,early,-3.194186515234542
10,1,C1,NONTARGET_CORRECT_REJECTION,0,,late,-4.850359018682354
10,1,C3,NONTARGET_CORRECT_REJECTION,0,,early,-1.7295379259727852
10,1,C3,NONTARGET_CORRECT_REJECTION,0,,late,-2.8894647930991733
10,1,C4,NONTARGET_CORRECT_REJECTION,0,,early,-0.7143489002126793
10,1,C4,NONTARGET_CORRECT_REJECTION,0,,late,-3.8068002396570146
10,1,C8,NONTARGET_CORRECT_REJECTION,0,,early,-0.3220898007320349
10,1,C8,NONTARGET_CORRECT_REJECTION,0,,late,-3.8036827546427983
10,1,C6,NONTARGET_CORRECT_REJECTION,0,,early,0.9337096831965309
10,1,C6,NONTARGET_CORRECT_REJECTION,0,,late,-4.536956210715894
10,1,C2,NONTARGET_CORRECT_REJECTION,0,,early,1.3507226758214361
10,1,C2,NONTARGET_CORRECT_REJECTION,0,,late,-4.624159052670486
10,1,C9,NONTARGET_CORRECT_REJECTION,0,,early,-3.693992423377804
10,1,C9,NONTARGET_CORRECT_REJECTION,0,,late,-1.100394023750852
10,1,C10,NONTARGET_CORRECT_REJECTION,0,,early,0.8835458398014253
10,1,C10,NONTARGET_CORRECT_REJECTION,0,,late,1.128563105369261
10,1,P4,NONTARGET_CORRECT_REJECTION,0,,early,1.8341898943707542
10,1,P4,NONTARGET_CORRECT_REJECTION,0,,late,-0.5644176811975726
10,1,C7,NONTARGET_CORRECT_REJECTION,0,,early,-1.5616596614420848
10,1,C7,NONTARGET_CORRECT_REJECTION,0,,late,-1.707781895962956
10,1,C5,NONTARGET_CORRECT_REJECTION,0,,early,-3.442085695963484
10,1,C5,NONTARGET_CORRECT_REJECTION,0,,late,-4.909012004666257
10,1,C6,NONTARGET_CORRECT_REJECTION,0,,early,4.553871387279754
10,1,C6,NONTARGET_CORRECT_REJECTION,0,,late,-5.24206864281541
10,1,C4,NONTARGET_CORRECT_REJECTION,0,,early,-2.043641256235872
10,1,C4,NONTARGET_CORRECT_REJECTION,0,,late,-3.596543506872246
10,2,C7,NONTARGET_CORRECT_REJECTION,0,,early,0.8096892558824328
10,2,C7,NONTARGET_CORRECT_REJECTION,0,,late,-2.3441794755005514
10,2,P2,NONTARGET_CORRECT_REJECTION,0,,early,-4.237148963835491
10,2,P2,NONTARGET_CORRECT_REJECTION,0,,late,-3.2452434807506543
10,2,C5,NONTARGET_CORRECT_REJECTION,0,,early,-2.145836103928029
10,2,C5,NONTARGET_CORRECT_REJECTION,0,,late,-2.5811096740689403
10,2,C8,NONTARGET_CORRECT_REJECTION,0,,early,1.2289059807160825
10,2,C8,NONTARGET_CORRECT_REJECTION,0,,late,-2.706359319441687
10,2,C9,NONTARGET_CORRECT_REJECTION,0,,early,-1.215993526532382
10,2,C9,NONTARGET_CORRECT_REJECTION,0,,late,-5.884784193136602
10,2,P1,NONTARGET_CORRECT_REJECTION,0,,early,1.3819206024632795
10,2,P1,NONTARGET_CORRECT_REJECTION,0,,late,-4.5225738940925275
10,2,P3,NONTARGET_CORRECT_REJECTION,0,,early,0.5118987198934998
10,2,P3,NONTARGET_CORRECT_REJECTION,0,,late,1.7653194530431644
10,2,P1,NONTARGET_CORRECT_REJECTION,0,,early,-0.45451514725646147
10,2,P1,NONTARGET_CORRECT_REJECTION,0,,late,0.12974147523918544
10,2,C2,NONTARGET_CORRECT_REJECTION,0,,early,-2.4734933341762764
10,2,C2,NONTARGET_CORRECT_REJECTION,0,,late,-5.129765038391355
10,2,C1,NONTARGET_CORRECT_REJECTION,0,,early,-4.168807389423147
10,2,C1,NONTARGET_CORRECT_REJECTION,0,,late,-5.9530430889452735
10,2,P3,NONTARGET_CORRECT_REJECTION,0,,early,0.0167251886910703
10,2,P3,NONTARGET_CORRECT_REJECTION,0,,late,-2.702832271887412
10,2,C7,NONTARGET_CORRECT_REJECTION,0,,early,-0.3523184471694342
10,2,C7,NONTARGET_CORRECT_REJECTION,0,,late,-5.071364943768405
10,2,P1,NONTARGET_CORRECT_REJECTION,0,,early,2.254374165656519
10,2,P1,NONTARGET_CORRECT_REJECTION,0,,late,-2.4429155285486868
10,2,C9,NONTARGET_CORRECT_REJECTION,0,,early,0.33402486928808234
10,2,C9,NONTARGET_CORRECT_REJECTION,0,,late,3.481220840503405
10,2,P4,NONTARGET_CORRECT_REJECTION,0,,early,2.8256697573734644
10,2,P4,NONTARGET_CORRECT_REJECTION,0,,late,4.640006226390143
10,2,C6,NONTARGET_CORRECT_REJECTION,0,,early,1.6607791072837268
10,2,C6,NONTARGET_CORRECT_REJECTION,0,,late,1.8880878545427093
10,2,C8,NONTARGET_CORRECT_REJECTION,0,,early,0.9639937686490933
10,2,C8,NONTARGET_CORRECT_REJECTION,0,,late,1.0276613027721813
10,2,C5,NONTARGET_CORRECT_REJECTION,0,,early,2.337580070267674
10,2,C5,NONTARGET_CORRECT_REJECTION,0,,late,-2.4313266412211476
10,2,C3,NONTARGET_CORRECT_REJECTION,0,,early,0.4747982943534539
10,2,C3,NONTARGET_CORRECT_REJECTION,0,,late,1.0191481836932945
10,2,C1,NONTARGET_CORRECT_REJECTION,0,,early,-0.3749762925473258
10,2,C1,NONTARGET_CORRECT_REJECTION,0,,late,0.42220998369650253
10,2,P4,NONTARGET_CORRECT_REJECTION,0,,early,2.7577723059279475
10,2,P4,NONTARGET_CORRECT_REJECTION,0,,late,0.5499002397366325
10,2,C10,NONTARGET_CORRECT_REJECTION,0,,early,-0.3433734766311292
10,2,C10,NONTARGET_CORRECT_REJECTION,0,,late,2.3762131129886446
10,2,C8,NONTARGET_CORRECT_REJECTION,0,,early,0.059463599550716846
10,2,C8,NONTARGET_CORRECT_REJECTION,0,,late,-0.09596393689082874
10,2,C6,NONTARGET_FALSE_ALARM,1,1049.0999999999767,early,0.19431062912946953
10,2,C6,NONTARGET_FALSE_ALARM,1,1049.0999999999767,late,-0.9383433969282498
10,2,C7,NONTARGET_CORRECT_REJECTION,0,,early,0.36142515969988986
10,2,C7,NONTARGET_CORRECT_REJECTION,0,,late,-1.0204100111394359
10,2,C6,NONTARGET_CORRECT_REJECTION,0,,early,1.6698980509147656
10,2,C6,NONTARGET_CORRECT_REJECTION,0,,late,-3.6712321179647787
10,2,C5,NONTARGET_CORRECT_REJECTION,0,,early,0.4871770612373247
10,2,C5,NONTARGET_CORRECT_REJECTION,0,,late,-1.7033389121558578
10,2,C4,NONTARGET_CORRECT_REJECTION,0,,early,1.330453142172545
10,2,C4,NONTARGET_CORRECT_REJECTION,0,,late,-1.088741356711651
10,2,C2,NONTARGET_CORRECT_REJECTION,0,,early,-4.353966436961287
10,2,C2,NONTARGET_CORRECT_REJECTION,0,,late,-5.21033346596345
10,2,C1,NONTARGET_CORRECT_REJECTION,0,,early,-2.2968021152710545
10,2,C1,NONTARGET_CORRECT_REJECTION,0,,late,-5.550362087262169
10,2,C10,NONTARGET_CORRECT_REJECTION,0,,early,0.9397743877497264
10,2,C10,NONTARGET_CORRECT_REJECTION,0,,late,-5.248124337475314
10,2,P1,NONTARGET_CORRECT_REJECTION,0,,early,-0.027915098036297766
10,2,P1,NONTARGET_CORRECT_REJECTION,0,,late,-5.1027636636046125
10,2,C9,NONTARGET_CORRECT_REJECTION,0,,early,-0.6880904633755865
10,2,C9,NONTARGET_CORRECT_REJECTION,0,,late,-5.7139904815869205
10,2,C5,NONTARGET_CORRECT_REJECTION,0,,early,-1.11499474048382
10,2,C5,NONTARGET_CORRECT_REJECTION,0,,late,-3.6352145848483044
10,2,C4,NONTARGET_CORRECT_REJECTION,0,,early,-3.1406743808502813
10,2,C4,NONTARGET_CORRECT_REJECTION,0,,late,-1.8040234822176209
10,2,C8,NONTARGET_CORRECT_REJECTION,0,,early,-0.8184447970032196
10,2,C8,NONTARGET_CORRECT_REJECTION,0,,late,-3.177053879311287
10,2,C10,NONTARGET_CORRECT_REJECTION,0,,early,-6.63370122432233
10,2,C10,NONTARGET_CORRECT_REJECTION,0,,late,-5.391092072452714
10,2,C1,NONTARGET_CORRECT_REJECTION,0,,early,-0.39881004807931825
10,2,C1,NONTARGET_CORRECT_REJECTION,0,,late,-6.024089381269019
10,2,P4,NONTARGET_CORRECT_REJECTION,0,,early,1.4373557490873174
10,2,P4,NONTARGET_CORRECT_REJECTION,0,,late,-4.556012732693082
10,2,P3,NONTARGET_CORRECT_REJECTION,0,,early,3.271420688034502
10,2,P3,NONTARGET_CORRECT_REJECTION,0,,late,1.8241120835666933
10,2,C3,NONTARGET_CORRECT_REJECTION,0,,early,5.3719262587297525
10,2,C3,NONTARGET_CORRECT_REJECTION,0,,late,3.0324142719308425
10,2,C7,NONTARGET_CORRECT_REJECTION,0,,early,-1.1785680468441695
10,2,C7,NONTARGET_CORRECT_REJECTION,0,,late,1.1997587508121572
10,2,C4,NONTARGET_CORRECT_REJECTION,0,,early,4.5264525567166745
10,2,C4,NONTARGET_CORRECT_REJECTION,0,,late,-0.016179420684293736
10,2,C10,NONTARGET_CORRECT_REJECTION,0,,early,-0.8875902935352383
10,2,C10,NONTARGET_CORRECT_REJECTION,0,,late,2.128888539158892
10,2,P4,NONTARGET_CORRECT_REJECTION,0,,early,-1.1014723141008078
10,2,P4,NONTARGET_CORRECT_REJECTION,0,,late,1.0899035940100559
10,2,C6,NONTARGET_CORRECT_REJECTION,0,,early,-0.5007626904215496
10,2,C6,NONTARGET_CORRECT_REJECTION,0,,late,-4.562857007193081
10,2,C8,NONTARGET_CORRECT_REJECTION,0,,early,-2.954962134075019
10,2,C8,NONTARGET_CORRECT_REJECTION,0,,late,-5.5053920505486875
10,2,P1,NONTARGET_CORRECT_REJECTION,0,,early,2.653524496253812
10,2,P1,NONTARGET_CORRECT_REJECTION,0,,late,-4.177320913430012
10,2,C7,NONTARGET_CORRECT_REJECTION,0,,early,0.032321704820154916
10,2,C7,NONTARGET_CORRECT_REJECTION,0,,late,-2.0113537863932156
10,2,P3,NONTARGET_CORRECT_REJECTION,0,,early,-4.834787156857917
10,2,P3,NONTARGET_CORRECT_REJECTION,0,,late,-3.9561899879936955
10,2,C9,NONTARGET_CORRECT_REJECTION,0,,early,-3.305192500738585
10,2,C9,NONTARGET_CORRECT_REJECTION,0,,late,0.1826508720233988
10,2,C5,NONTARGET_CORRECT_REJECTION,0,,early,-1.2387513997849326
10,2,C5,NONTARGET_CORRECT_REJECTION,0,,late,1.229266577391296
10,2,C3,NONTARGET_CORRECT_REJECTION,0,,early,1.1338298801230249
10,2,C3,NONTARGET_CORRECT_REJECTION,0,,late,-2.491489600860435
10,2,C4,NONTARGET_CORRECT_REJECTION,0,,early,1.3636416493511272
10,2,C4,NONTARGET_CORRECT_REJECTION,0,,late,-7.047713956055168
10,2,C2,NONTARGET_CORRECT_REJECTION,0,,early,-1.4589523805307982
10,2,C2,NONTARGET_CORRECT_REJECTION,0,,late,-6.301592325203317
10,2,C7,NONTARGET_CORRECT_REJECTION,0,,early,1.5951501009638487
10,2,C7,NONTARGET_CORRECT_REJECTION,0,,late,-4.998531027928032
10,2,C6,NONTARGET_CORRECT_REJECTION,0,,early,-4.283806216228053
10,2,C6,NONTARGET_CORRECT_REJECTION,0,,late,-2.5307055992614886
10,2,C5,NONTARGET_CORRECT_REJECTION,0,,early,-3.704592591831853
10,2,C5,NONTARGET_CORRECT_REJECTION,0,,late,0.05689059393415276
10,2,C3,NONTARGET_CORRECT_REJECTION,0,,early,-2.720661911699546
10,2,C3,NONTARGET_CORRECT_REJECTION,0,,late,-5.749387758262325
10,2,P1,NONTARGET_CORRECT_REJECTION,0,,early,0.9267004522505297
10,2,P1,NONTARGET_CORRECT_REJECTION,0,,late,-6.940126261727057
10,2,P4,NONTARGET_CORRECT_REJECTION,0,,early,1.5329684350951722
10,2,P4,NONTARGET_CORRECT_REJECTION,0,,late,-0.48068022744383493
10,2,C10,NONTARGET_CORRECT_REJECTION,0,,early,2.4045538135556304
10,2,C10,NONTARGET_CORRECT_REJECTION,0,,late,0.9157819167461028
10,2,C1,NONTARGET_CORRECT_REJECTION,0,,early,-4.961830089240731
10,2,C1,NONTARGET_CORRECT_REJECTION,0,,late,-6.146852622142516
10,2,P2,NONTARGET_CORRECT_REJECTION,0,,early,-0.8179704988969475
10,2,P2,NONTARGET_CORRECT_REJECTION,0,,late,-0.891454235343801
10,2,C1,NONTARGET_CORRECT_REJECTION,0,,early,2.4160275468499366
10,2,C1,NONTARGET_CORRECT_REJECTION,0,,late,0.7545902850862153
10,2,C9,NONTARGET_CORRECT_REJECTION,0,,early,-0.9441645841980678
10,2,C9,NONTARGET_CORRECT_REJECTION,0,,late,-4.826615193714622
10,2,C8,NONTARGET_CORRECT_REJECTION,0,,early,2.2739257923310423
10,2,C8,NONTARGET_CORRECT_REJECTION,0,,late,-6.364756768411265
10,2,P1,NONTARGET_CORRECT_REJECTION,0,,early,-1.117835289913561
10,2,P1,NONTARGET_CORRECT_REJECTION,0,,late,-0.0036708801744442395
10,2,C7,NONTARGET_CORRECT_REJECTION,0,,early,1.0167198953432404
10,2,C7,NONTARGET_CORRECT_REJECTION,0,,late,-3.3659711327508557
10,2,C10,NONTARGET_CORRECT_REJECTION,0,,early,-2.0062278053124016
10,2,C10,NONTARGET_CORRECT_REJECTION,0,,late,-3.8524726013380857
10,2,C4,NONTARGET_CORRECT_REJECTION,0,,early,4.297911145875126
10,2,C4,NONTARGET_CORRECT_REJECTION,0,,late,1.9134719794800241
10,2,C3,NONTARGET_CORRECT_REJECTION,0,,early,0.32525390588645686
10,2,C3,NONTARGET_CORRECT_REJECTION,0,,late,-3.3911843694944963
10,2,P2,NONTARGET_CORRECT_REJECTION,0,,early,-0.5590617210364518
10,2,P2,NONTARGET_CORRECT_REJECTION,0,,late,1.9455413703960553
10,2,C5,NONTARGET_CORRECT_REJECTION,0,,early,0.5882739903951891
10,2,C5,NONTARGET_CORRECT_REJECTION,0,,late,-6.233886792026055
10,2,C2,NONTARGET_CORRECT_REJECTION,0,,early,1.4104843773572813
10,2,C2,NONTARGET_CORRECT_REJECTION,0,,late,-6.39255782731076
10,2,C9,NONTARGET_CORRECT_REJECTION,0,,early,2.2084635661904475
10,2,C9,NONTARGET_CORRECT_REJECTION,0,,late,-5.760302749415154
16,0,C8,NONTARGET_CORRECT_REJECTION,0,,early,-0.3457462750349788
16,0,C8,NONTARGET_CORRECT_REJECTION,0,,late,-3.7857177640719852
16,0,C9,NONTARGET_CORRECT_REJECTION,0,,early,-2.1508046296183814
16,0,C9,NONTARGET_CORRECT_REJECTION,0,,late,-0.5865851996413236
16,0,C5,NONTARGET_CORRECT_REJECTION,0,,early,0.903295476951965
16,0,C5,NONTARGET_CORRECT_REJECTION,0,,late,-1.4977298171636246
16,0,C10,NONTARGET_CORRECT_REJECTION,0,,early,-1.8745999338832113
16,0,C10,NONTARGET_CORRECT_REJECTION,0,,late,-0.07343576607181329
16,0,C7,NONTARGET_CORRECT_REJECTION,0,,early,-0.29225000073513197
16,0,C7,NONTARGET_CORRECT_REJECTION,0,,late,2.548641506285094
16,0,C1,NONTARGET_CORRECT_REJECTION,0,,early,0.6043275985324031
16,0,C1,NONTARGET_CORRECT_REJECTION,0,,late,-1.715140201040012
16,0,C4,NONTARGET_CORRECT_REJECTION,0,,early,-1.4249659548091707
16,0,C4,NONTARGET_CORRECT_REJECTION,0,,late,-4.439034527104967
16,0,C6,NONTARGET_CORRECT_REJECTION,0,,early,-2.1055093489108443
16,0,C6,NONTARGET_CORRECT_REJECTION,0,,late,-3.737560887936511
16,0,C2,NONTARGET_CORRECT_REJECTION,0,,early,-0.5338384470271248
16,0,C2,NONTARGET_CORRECT_REJECTION,0,,late,-2.0456256927423455
16,0,C3,NONTARGET_CORRECT_REJECTION,0,,early,-1.5995994443994628
16,0,C3,NONTARGET_CORRECT_REJECTION,0,,late,-1.5631846044048046
16,0,C6,NONTARGET_CORRECT_REJECTION,0,,early,-4.590501396068255
16,0,C6,NONTARGET_CORRECT_REJECTION,0,,late,0.1959064568142863
16,0,C3,NONTARGET_CORRECT_REJECTION,0,,early,-1.8731913527628592
16,0,C3,NONTARGET_CORRECT_REJECTION,0,,late,-1.6717336419496922
16,0,C7,NONTARGET_CORRECT_REJECTION,0,,early,-3.196817517046608
16,0,C7,NONTARGET_CORRECT_REJECTION,0,,late,-2.6709323532286313
16,0,C4,NONTARGET_CORRECT_REJECTION,0,,early,-4.651139152531888
16,0,C4,NONTARGET_CORRECT_REJECTION,0,,late,-3.2182531396060896
16,0,C5,NONTARGET_CORRECT_REJECTION,0,,early,-3.840533176472489
16,0,C5,NONTARGET_CORRECT_REJECTION,0,,late,-2.3516637326977583
16,0,C1,NONTARGET_CORRECT_REJECTION,0,,early,7.741626975863599
16,0,C1,NONTARGET_CORRECT_REJECTION,0,,late,-2.817617054882729
16,0,C10,NONTARGET_CORRECT_REJECTION,0,,early,-5.454616023872518
16,0,C10,NONTARGET_CORRECT_REJECTION,0,,late,-0.9232850076151076
16,0,C2,NONTARGET_CORRECT_REJECTION,0,,early,0.09391510681934288
16,0,C2,NONTARGET_CORRECT_REJECTION,0,,late,-0.9525820881862809
16,0,C1,NONTARGET_CORRECT_REJECTION,0,,early,-5.0068625272069145
16,0,C1,NONTARGET_CORRECT_REJECTION,0,,late,-3.584506749870915
16,0,C2,NONTARGET_CORRECT_REJECTION,0,,early,-4.056391417932498
16,0,C2,NONTARGET_CORRECT_REJECTION,0,,late,-1.8346333588405177
16,0,C7,NONTARGET_CORRECT_REJECTION,0,,early,-3.669167578637688
16,0,C7,NONTARGET_CORRECT_REJECTION,0,,late,-1.593181100707665
16,0,C3,NONTARGET_CORRECT_REJECTION,0,,early,-3.5568333395110616
16,0,C3,NONTARGET_CORRECT_REJECTION,0,,late,-3.9707417753702607
16,0,C9,NONTARGET_CORRECT_REJECTION,0,,early,-3.1675207760529007
16,0,C9,NONTARGET_CORRECT_REJECTION,0,,late,-1.387053892145731
16,0,C8,NONTARGET_CORRECT_REJECTION,0,,early,-7.803747592958456
16,0,C8,NONTARGET_CORRECT_REJECTION,0,,late,-4.081298205668844
16,0,C6,NONTARGET_CORRECT_REJECTION,0,,early,-5.777048964670874
16,0,C6,NONTARGET_CORRECT_REJECTION,0,,late,-0.7833985034749574
16,0,C5,NONTARGET_CORRECT_REJECTION,0,,early,-2.2530851120283786
16,0,C5,NONTARGET_CORRECT_REJECTION,0,,late,-1.416533270575705
16,0,C4,NONTARGET_CORRECT_REJECTION,0,,early,0.13612130147647397
16,0,C4,NONTARGET_CORRECT_REJECTION,0,,late,-3.0467470177814513
16,0,C10,NONTARGET_CORRECT_REJECTION,0,,early,-2.3432967042004247
16,0,C10,NONTARGET_CORRECT_REJECTION,0,,late,-1.4105891628605949
16,0,C2,NONTARGET_CORRECT_REJECTION,0,,early,-0.9425671740743685
16,0,C2,NONTARGET_CORRECT_REJECTION,0,,late,-3.4125645880167377
16,0,C4,NONTARGET_CORRECT_REJECTION,0,,early,1.2985448681523875
16,0,C4,NONTARGET_CORRECT_REJECTION,0,,late,-3.170202436521629
16,0,C6,NONTARGET_CORRECT_REJECTION,0,,early,-4.479168233573179
16,0,C6,NONTARGET_CORRECT_REJECTION,0,,late,-1.4951079468515982
16,0,C5,NONTARGET_CORRECT_REJECTION,0,,early,-2.2439693981765667
16,0,C5,NONTARGET_CORRECT_REJECTION,0,,late,-0.8733300636617608
16,0,C9,NONTARGET_CORRECT_REJECTION,0,,early,-2.1514307907114842
16,0,C9,NONTARGET_CORRECT_REJECTION,0,,late,0.8154540989467043
16,0,C3,NONTARGET_CORRECT_REJECTION,0,,early,-1.5634619759428336
16,0,C3,NONTARGET_CORRECT_REJECTION,0,,late,-1.3711467898251932
16,0,C1,NONTARGET_CORRECT_REJECTION,0,,early,-4.726846384530795
16,0,C1,NONTARGET_CORRECT_REJECTION,0,,late,-0.8594901374808552
16,0,C7,NONTARGET_CORRECT_REJECTION,0,,early,7.0105951029170495
16,0,C7,NONTARGET_CORRECT_REJECTION,0,,late,1.3469256043457623
16,0,C8,NONTARGET_CORRECT_REJECTION,0,,early,-2.625087338570776
16,0,C8,NONTARGET_CORRECT_REJECTION,0,,late,-2.1511285832940867
16,0,C8,NONTARGET_CORRECT_REJECTION,0,,early,-6.898328473940332
16,0,C8,NONTARGET_CORRECT_REJECTION,0,,late,-6.719711847158127
16,0,C5,NONTARGET_CORRECT_REJECTION,0,,early,-3.5497108480113417
16,0,C5,NONTARGET_CORRECT_REJECTION,0,,late,-2.5907232905367445
16,0,C7,NONTARGET_CORRECT_REJECTION,0,,early,-6.785544620281314
16,0,C7,NONTARGET_CORRECT_REJECTION,0,,late,-3.3094886488750284
16,0,C6,NONTARGET_CORRECT_REJECTION,0,,early,-0.9135288268377041
16,0,C6,NONTARGET_CORRECT_REJECTION,0,,late,1.4478835451866703
16,0,C1,NONTARGET_CORRECT_REJECTION,0,,early,-2.9447842146095504
16,0,C1,NONTARGET_CORRECT_REJECTION,0,,late,-0.3109850513095429
16,0,C2,NONTARGET_CORRECT_REJECTION,0,,early,-4.474288250138788
16,0,C2,NONTARGET_CORRECT_REJECTION,0,,late,-4.388257375964914
16,0,C3,NONTARGET_CORRECT_REJECTION,0,,early,-2.6175326683110223
16,0,C3,NONTARGET_CORRECT_REJECTION,0,,late,-5.737442551060147
16,0,C10,NONTARGET_CORRECT_REJECTION,0,,early,-1.0990896333573046
16,0,C10,NONTARGET_CORRECT_REJECTION,0,,late,-0.19021054004144045
16,0,C9,NONTARGET_CORRECT_REJECTION,0,,early,0.6632475059725681
16,0,C9,NONTARGET_CORRECT_REJECTION,0,,late,-3.134511650725902
16,0,C6,NONTARGET_CORRECT_REJECTION,0,,early,0.762058788318715
16,0,C6,NONTARGET_CORRECT_REJECTION,0,,late,-1.229438542957259
16,0,C2,NONTARGET_CORRECT_REJECTION,0,,early,-4.546015849142016
16,0,C2,NONTARGET_CORRECT_REJECTION,0,,late,-2.30239026564803
16,0,C3,NONTARGET_CORRECT_REJECTION,0,,early,-1.118394061790081
16,0,C3,NONTARGET_CORRECT_REJECTION,0,,late,-1.8403853022927732
16,0,C8,NONTARGET_CORRECT_REJECTION,0,,early,1.5904384042792266
16,0,C8,NONTARGET_CORRECT_REJECTION,0,,late,-0.3136541512414137
16,0,C4,NONTARGET_CORRECT_REJECTION,0,,early,4.486682626682933
16,0,C4,NONTARGET_CORRECT_REJECTION,0,,late,-0.9664895561412344
16,0,C1,NONTARGET_CORRECT_REJECTION,0,,early,2.3808993103363685
16,0,C1,NONTARGET_CORRECT_REJECTION,0,,late,-1.4894955795105345
16,0,C10,NONTARGET_CORRECT_REJECTION,0,,early,-1.5887696430830958
16,0,C10,NONTARGET_CORRECT_REJECTION,0,,late,-2.1045936584093528
16,0,C10,NONTARGET_CORRECT_REJECTION,0,,early,-2.7747584554913622
16,0,C10,NONTARGET_CORRECT_REJECTION,0,,late,-1.4356741964590636
16,0,C9,NONTARGET_CORRECT_REJECTION,0,,early,1.5152944680389175
16,0,C9,NONTARGET_CORRECT_REJECTION,0,,late,-2.6644375485434217
16,0,C2,NONTARGET_CORRECT_REJECTION,0,,early,-0.017441233020713914
16,0,C2,NONTARGET_CORRECT_REJECTION,0,,late,-3.3011378762187062
16,0,C8,NONTARGET_CORRECT_REJECTION,0,,early,-1.2570592915468555
16,0,C8,NONTARGET_CORRECT_REJECTION,0,,late,-0.8566841965226607
16,0,C7,NONTARGET_CORRECT_REJECTION,0,,early,8.384803536735065
16,0,C7,NONTARGET_CORRECT_REJECTION,0,,late,-2.074505618012421
16,0,C6,NONTARGET_CORRECT_REJECTION,0,,early,-3.8610954527921018
16,0,C6,NONTARGET_CORRECT_REJECTION,0,,late,-3.4550399039195065
16,0,C5,NONTARGET_CORRECT_REJECTION,0,,early,0.4468832044764362
16,0,C5,NONTARGET_CORRECT_REJECTION,0,,late,-1.3716530563195106
16,0,C4,NONTARGET_CORRECT_REJECTION,0,,early,0.4036413450216317
16,0,C4,NONTARGET_CORRECT_REJECTION,0,,late,0.01425530830410241
16,0,C1,NONTARGET_CORRECT_REJECTION,0,,early,2.5482294355071953
16,0,C1,NONTARGET_CORRECT_REJECTION,0,,late,0.22211613882958942
16,0,C9,NONTARGET_CORRECT_REJECTION,0,,early,-0.6957157385980388
16,0,C9,NONTARGET_CORRECT_REJECTION,0,,late,-2.597053984308766
16,1,C6,NONTARGET_CORRECT_REJECTION,0,,early,2.4790952966647257
16,1,C6,NONTARGET_CORRECT_REJECTION,0,,late,-2.756699574820575
16,1,C1,NONTARGET_CORRECT_REJECTION,0,,early,1.5740175552472662
16,1,C1,NONTARGET_CORRECT_REJECTION,0,,late,0.6266224791872639
16,1,C4,NONTARGET_CORRECT_REJECTION,0,,early,0.23946288730263002
16,1,C4,NONTARGET_CORRECT_REJECTION,0,,late,-2.3593947393715125
16,1,C3,NONTARGET_CORRECT_REJECTION,0,,early,1.0225981163466527
16,1,C3,NONTARGET_CORRECT_REJECTION,0,,late,-4.341899800084879
16,1,C5,NONTARGET_CORRECT_REJECTION,0,,early,4.9028629494698475
16,1,C5,NONTARGET_CORRECT_REJECTION,0,,late,-0.8549088540070455
16,1,P1,NONTARGET_CORRECT_REJECTION,0,,early,6.980441689220516
16,1,P1,NONTARGET_CORRECT_REJECTION,0,,late,-2.1720657159945436
16,1,C8,NONTARGET_CORRECT_REJECTION,0,,early,-2.763900689537758
16,1,C8,NONTARGET_CORRECT_REJECTION,0,,late,-2.0199670475981994
16,1,C7,NONTARGET_CORRECT_REJECTION,0,,early,-0.639580707486919
16,1,C7,NONTARGET_CORRECT_REJECTION,0,,late,-1.367808906671964
16,1,C4,NONTARGET_CORRECT_REJECTION,0,,early,-0.577213460663085
16,1,C4,NONTARGET_CORRECT_REJECTION,0,,late,-3.231473796995586
16,1,C3,NONTARGET_CORRECT_REJECTION,0,,early,-5.989994381805297
16,1,C3,NONTARGET_CORRECT_REJECTION,0,,late,-2.8073374374726687
16,1,C1,NONTARGET_CORRECT_REJECTION,0,,early,-3.35004020308311
16,1,C1,NONTARGET_CORRECT_REJECTION,0,,late,-1.5050361139491715
16,1,C7,NONTARGET_CORRECT_REJECTION,0,,early,-0.3952669177530497
16,1,C7,NONTARGET_CORRECT_REJECTION,0,,late,-2.2452993017546556
16,1,C5,NONTARGET_CORRECT_REJECTION,0,,early,-1.3103841246969405
16,1,C5,NONTARGET_CORRECT_REJECTION,0,,late,-2.9234877917791526
16,1,P2,NONTARGET_CORRECT_REJECTION,0,,early,-4.551580885156469
16,1,P2,NONTARGET_CORRECT_REJECTION,0,,late,-1.4329908011238275
16,1,C1,NONTARGET_CORRECT_REJECTION,0,,early,-0.23484212429106072
16,1,C1,NONTARGET_CORRECT_REJECTION,0,,late,-0.8370060710931262
16,1,P4,NONTARGET_CORRECT_REJECTION,0,,early,-5.028495299827511
16,1,P4,NONTARGET_CORRECT_REJECTION,0,,late,-2.6666325626490663
16,1,P1,NONTARGET_CORRECT_REJECTION,0,,early,-6.052244131142344
16,1,P1,NONTARGET_CORRECT_REJECTION,0,,late,-3.2646331226732306
16,1,C10,NONTARGET_CORRECT_REJECTION,0,,early,-4.457970494040101
16,1,C10,NONTARGET_CORRECT_REJECTION,0,,late,-1.807156642498584
16,1,C6,NONTARGET_CORRECT_REJECTION,0,,early,1.3727912762880694
16,1,C6,NONTARGET_CORRECT_REJECTION,0,,late,-1.8470341789508307
16,1,C5,NONTARGET_CORRECT_REJECTION,0,,early,-3.451236295646928
16,1,C5,NONTARGET_CORRECT_REJECTION,0,,late,-3.8121885545978835
16,1,C10,NONTARGET_CORRECT_REJECTION,0,,early,-6.622048567843867
16,1,C10,NONTARGET_CORRECT_REJECTION,0,,late,-2.9427025955628965
16,1,P4,NONTARGET_CORRECT_REJECTION,0,,early,-0.559049664852437
16,1,P4,NONTARGET_CORRECT_REJECTION,0,,late,-1.9124904815116899
16,1,P3,NONTARGET_CORRECT_REJECTION,0,,early,-4.069140462414001
16,1,P3,NONTARGET_CORRECT_REJECTION,0,,late,-4.296792787983849
16,1,C5,NONTARGET_CORRECT_REJECTION,0,,early,0.1776381115697044
16,1,C5,NONTARGET_CORRECT_REJECTION,0,,late,-1.970308414157062
16,1,C2,NONTARGET_CORRECT_REJECTION,0,,early,1.7466083195249136
16,1,C2,NONTARGET_CORRECT_REJECTION,0,,late,-2.392577031672478
16,1,P4,NONTARGET_CORRECT_REJECTION,0,,early,0.6018111184004964
16,1,P4,NONTARGET_CORRECT_REJECTION,0,,late,0.7522225225063478
16,1,C8,NONTARGET_CORRECT_REJECTION,0,,early,-5.7764760313774275
16,1,C8,NONTARGET_CORRECT_REJECTION,0,,late,-1.0521016487288648
16,1,P3,NONTARGET_CORRECT_REJECTION,0,,early,-1.874172311589502
16,1,P3,NONTARGET_CORRECT_REJECTION,0,,late,-2.4519414991808572
16,1,C9,NONTARGET_CORRECT_REJECTION,0,,early,0.14099645016762222
16,1,C9,NONTARGET_CORRECT_REJECTION,0,,late,-3.6862019546819162
16,1,C7,NONTARGET_CORRECT_REJECTION,0,,early,-0.8864881217097591
16,1,C7,NONTARGET_CORRECT_REJECTION,0,,late,0.3594901533075707
16,1,C4,NONTARGET_CORRECT_REJECTION,0,,early,-0.00517135681818526
16,1,C4,NONTARGET_CORRECT_REJECTION,0,,late,1.5768367515178265
16,1,C10,NONTARGET_CORRECT_REJECTION,0,,early,-1.8964246997038123
16,1,C10,NONTARGET_CORRECT_REJECTION,0,,late,-1.354894859385505
16,1,C1,NONTARGET_CORRECT_REJECTION,0,,early,-5.115747421382646
16,1,C1,NONTARGET_CORRECT_REJECTION,0,,late,-2.9695534963228902
16,1,C6,NONTARGET_CORRECT_REJECTION,0,,early,-2.545067739559137
16,1,C6,NONTARGET_CORRECT_REJECTION,0,,late,-3.2600055622582667
16,1,P4,NONTARGET_CORRECT_REJECTION,0,,early,-7.622887396337358
16,1,P4,NONTARGET_CORRECT_REJECTION,0,,late,-3.75344314525065
16,1,C8,NONTARGET_CORRECT_REJECTION,0,,early,-6.190432632213418
16,1,C8,NONTARGET_CORRECT_REJECTION,0,,late,-0.7086024318528277
16,1,P2,NONTARGET_CORRECT_REJECTION,0,,early,-5.024348573060702
16,1,P2,NONTARGET_CORRECT_REJECTION,0,,late,-3.890992064593236
16,1,C4,NONTARGET_CORRECT_REJECTION,0,,early,-0.2961305853143466
16,1,C4,NONTARGET_CORRECT_REJECTION,0,,late,-1.529927946528833
16,1,C1,NONTARGET_CORRECT_REJECTION,0,,early,0.8619350981236765
16,1,C1,NONTARGET_CORRECT_REJECTION,0,,late,-3.125004236931416
16,1,C2,NONTARGET_CORRECT_REJECTION,0,,early,-2.9047581121889325
16,1,C2,NONTARGET_CORRECT_REJECTION,0,,late,-2.426885227865983
16,1,C6,NONTARGET_CORRECT_REJECTION,0,,early,3.4777934431381765
16,1,C6,NONTARGET_CORRECT_REJECTION,0,,late,-1.45618558556896
16,1,P4,NONTARGET_CORRECT_REJECTION,0,,early,-1.6596648709004407
16,1,P4,NONTARGET_CORRECT_REJECTION,0,,late,-1.3161578985555384
16,1,C3,NONTARGET_CORRECT_REJECTION,0,,early,-9.092469720237796
16,1,C3,NONTARGET_CORRECT_REJECTION,0,,late,-3.55750817644713
16,1,P1,NONTARGET_CORRECT_REJECTION,0,,early,0.21911001654799817
16,1,P1,NONTARGET_CORRECT_REJECTION,0,,late,-1.4855009789755813
16,1,C10,NONTARGET_CORRECT_REJECTION,0,,early,-0.6488140781278442
16,1,C10,NONTARGET_CORRECT_REJECTION,0,,late,-3.3528238006178066
16,1,C5,NONTARGET_CORRECT_REJECTION,0,,early,-7.94620551228809
16,1,C5,NONTARGET_CORRECT_REJECTION,0,,late,-4.642140506256099
16,1,C9,NONTARGET_CORRECT_REJECTION,0,,early,-2.7300157536425433
16,1,C9,NONTARGET_CORRECT_REJECTION,0,,late,-1.6391148470215293
16,1,C7,NONTARGET_CORRECT_REJECTION,0,,early,-1.5538211954407086
16,1,C7,NONTARGET_CORRECT_REJECTION,0,,late,-0.9513093296241358
16,1,P1,NONTARGET_CORRECT_REJECTION,0,,early,-1.2992329942683034
16,1,P1,NONTARGET_CORRECT_REJECTION,0,,late,-1.6649128347808724
16,1,C6,NONTARGET_CORRECT_REJECTION,0,,early,-3.0483216619032825
16,1,C6,NONTARGET_CORRECT_REJECTION,0,,late,-3.935535787859865
16,1,P4,NONTARGET_CORRECT_REJECTION,0,,early,0.42974702152264055
16,1,P4,NONTARGET_CORRECT_REJECTION,0,,late,-3.4660724741345765
16,1,P2,NONTARGET_CORRECT_REJECTION,0,,early,-5.592380054305478
16,1,P2,NONTARGET_CORRECT_REJECTION,0,,late,-1.456230289103548
16,1,C1,NONTARGET_CORRECT_REJECTION,0,,early,-4.583639263624443
16,1,C1,NONTARGET_CORRECT_REJECTION,0,,late,-1.2980584801136978
16,1,C8,NONTARGET_CORRECT_REJECTION,0,,early,-1.4153363487865906
16,1,C8,NONTARGET_CORRECT_REJECTION,0,,late,-1.2935296443701874
16,1,C3,NONTARGET_CORRECT_REJECTION,0,,early,-4.069388833239516
16,1,C3,NONTARGET_CORRECT_REJECTION,0,,late,-2.7589845342838655
16,1,P2,NONTARGET_CORRECT_REJECTION,0,,early,-4.6781830929411
16,1,P2,NONTARGET_CORRECT_REJECTION,0,,late,-1.14299568580321
16,1,C5,NONTARGET_CORRECT_REJECTION,0,,early,-3.5077549331211832
16,1,C5,NONTARGET_CORRECT_REJECTION,0,,late,-2.0351812194577805
16,1,C6,NONTARGET_CORRECT_REJECTION,0,,early,-3.1511721476353696
16,1,C6,NONTARGET_CORRECT_REJECTION,0,,late,-1.8979896782650318
16,1,C2,NONTARGET_CORRECT_REJECTION,0,,early,-0.8384293338557827
16,1,C2,NONTARGET_CORRECT_REJECTION,0,,late,0.7491956513191708
16,1,P3,NONTARGET_CORRECT_REJECTION,0,,early,-1.5153610047894073
16,1,P3,NONTARGET_CORRECT_REJECTION,0,,late,-0.8527393313633336
16,1,C9,NONTARGET_CORRECT_REJECTION,0,,early,-1.1524052377761307
16,1,C9,NONTARGET_CORRECT_REJECTION,0,,late,-2.6625624087451834
16,1,C10,NONTARGET_CORRECT_REJECTION,0,,early,3.359724777869455
16,1,C10,NONTARGET_CORRECT_REJECTION,0,,late,-2.0949237703217336
16,1,P4,NONTARGET_CORRECT_REJECTION,0,,early,-0.401237087788738
16,1,P4,NONTARGET_CORRECT_REJECTION,0,,late,-0.3809059866003571
16,1,C7,NONTARGET_CORRECT_REJECTION,0,,early,-2.81385477670599
16,1,C7,NONTARGET_CORRECT_REJECTION,0,,late,-2.2829009597807124
16,1,C6,NONTARGET_CORRECT_REJECTION,0,,early,-1.6667222296555202
16,1,C6,NONTARGET_CORRECT_REJECTION,0,,late,-3.654895535841064
16,1,C4,NONTARGET_CORRECT_REJECTION,0,,early,-7.173664643571704
16,1,C4,NONTARGET_CORRECT_REJECTION,0,,late,-2.516414812121932
16,2,C7,NONTARGET_CORRECT_REJECTION,0,,early,0.3461371566786992
16,2,C7,NONTARGET_CORRECT_REJECTION,0,,late,-3.474879779145061
16,2,P2,NONTARGET_CORRECT_REJECTION,0,,early,-0.610321014850471
16,2,P2,NONTARGET_CORRECT_REJECTION,0,,late,-2.3426570104851634
16,2,C3,NONTARGET_CORRECT_REJECTION,0,,early,-0.8429860669405324
16,2,C3,NONTARGET_CORRECT_REJECTION,0,,late,-0.04470030795838819
16,2,C5,NONTARGET_CORRECT_REJECTION,0,,early,1.100302029128461
16,2,C5,NONTARGET_CORRECT_REJECTION,0,,late,-3.248411442159079
16,2,C8,NONTARGET_CORRECT_REJECTION,0,,early,-3.1735701043704094
16,2,C8,NONTARGET_CORRECT_REJECTION,0,,late,-4.36833271529083
16,2,C9,NONTARGET_CORRECT_REJECTION,0,,early,-1.3032040978360475
16,2,C9,NONTARGET_CORRECT_REJECTION,0,,late,-4.295605192091248
16,2,P1,NONTARGET_CORRECT_REJECTION,0,,early,-2.973599879961571
16,2,P1,NONTARGET_CORRECT_REJECTION,0,,late,-2.405419463576418
16,2,P3,NONTARGET_CORRECT_REJECTION,0,,early,-1.8404348484542725
16,2,P3,NONTARGET_CORRECT_REJECTION,0,,late,-0.6222077335238699
16,2,P1,NONTARGET_FALSE_ALARM,1,592.2000000000698,early,-0.3986470667897499
16,2,P1,NONTARGET_FALSE_ALARM,1,592.2000000000698,late,-4.604244222523298
16,2,C2,NONTARGET_CORRECT_REJECTION,0,,early,-2.8992692559100424
16,2,C2,NONTARGET_CORRECT_REJECTION,0,,late,-2.212999445397353
16,2,C1,NONTARGET_CORRECT_REJECTION,0,,early,0.34193117494789554
16,2,C1,NONTARGET_CORRECT_REJECTION,0,,late,-1.1831135883887813
16,2,P3,NONTARGET_CORRECT_REJECTION,0,,early,-4.139184245574295
16,2,P3,NONTARGET_CORRECT_REJECTION,0,,late,-0.9249245719766932
16,2,C7,NONTARGET_CORRECT_REJECTION,0,,early,-0.6353494952969254
16,2,C7,NONTARGET_CORRECT_REJECTION,0,,late,-1.2800950801682132
16,2,P1,NONTARGET_CORRECT_REJECTION,0,,early,-2.1764916592673282
16,2,P1,NONTARGET_CORRECT_REJECTION,0,,late,-2.3734020116027272
16,2,C9,NONTARGET_CORRECT_REJECTION,0,,early,-0.9630152963923269
16,2,C9,NONTARGET_CORRECT_REJECTION,0,,late,0.2687309848986977
16,2,P4,NONTARGET_CORRECT_REJECTION,0,,early,-3.3674751197860595
16,2,P4,NONTARGET_CORRECT_REJECTION,0,,late,-2.2802709102791927
16,2,C6,NONTARGET_CORRECT_REJECTION,0,,early,0.5769527394864141
16,2,C6,NONTARGET_CORRECT_REJECTION,0,,late,-2.2466678456230293
16,2,C8,NONTARGET_CORRECT_REJECTION,0,,early,-2.2204481104841
16,2,C8,NONTARGET_CORRECT_REJECTION,0,,late,-2.503703701315544
16,2,C5,NONTARGET_CORRECT_REJECTION,0,,early,1.1299346667997188
16,2,C5,NONTARGET_CORRECT_REJECTION,0,,late,-2.7835703378410686
16,2,C3,NONTARGET_FALSE_ALARM,1,793.3000000000466,early,-1.637313084676485
16,2,C3,NONTARGET_FALSE_ALARM,1,793.3000000000466,late,-3.750142968543366
16,2,C1,NONTARGET_CORRECT_REJECTION,0,,early,1.621539803217476
16,2,C1,NONTARGET_CORRECT_REJECTION,0,,late,0.07520429136857805
16,2,P4,NONTARGET_CORRECT_REJECTION,0,,early,0.3465119271128129
16,2,P4,NONTARGET_CORRECT_REJECTION,0,,late,-3.3195416854713216
16,2,C10,NONTARGET_CORRECT_REJECTION,0,,early,-5.551390946041888
16,2,C10,NONTARGET_CORRECT_REJECTION,0,,late,-1.3006251847467378
16,2,C8,NONTARGET_FALSE_ALARM,1,1106.8000000000466,early,-1.6253975563830036
16,2,C8,NONTARGET_FALSE_ALARM,1,1106.8000000000466,late,-1.186265440989097
16,2,C6,NONTARGET_FALSE_ALARM,1,857.8000000000466,early,2.292898762587289
16,2,C6,NONTARGET_FALSE_ALARM,1,857.8000000000466,late,-0.8215739975177485
16,2,C7,NONTARGET_CORRECT_REJECTION,0,,early,4.091831054213062
16,2,C7,NONTARGET_CORRECT_REJECTION,0,,late,-1.66246501834337
16,2,C6,NONTARGET_FALSE_ALARM,1,640.8000000000466,early,-1.5927698135919965
16,2,C6,NONTARGET_FALSE_ALARM,1,640.8000000000466,late,-3.9380726011003357
16,2,C5,NONTARGET_CORRECT_REJECTION,0,,early,-6.341977852542499
16,2,C5,NONTARGET_CORRECT_REJECTION,0,,late,-3.6215574780365345
16,2,C4,NONTARGET_CORRECT_REJECTION,0,,early,0.12026711350938239
16,2,C4,NONTARGET_CORRECT_REJECTION,0,,late,-3.79574883826274
16,2,C2,NONTARGET_CORRECT_REJECTION,0,,early,-1.9373109595475233
16,2,C2,NONTARGET_CORRECT_REJECTION,0,,late,-2.1334502432324376
16,2,C1,NONTARGET_CORRECT_REJECTION,0,,early,1.370177430670236
16,2,C1,NONTARGET_CORRECT_REJECTION,0,,late,-1.6452382371790661
16,2,C10,NONTARGET_CORRECT_REJECTION,0,,early,-6.489416256308043
16,2,C10,NONTARGET_CORRECT_REJECTION,0,,late,-3.9271625312909855
16,2,P1,NONTARGET_CORRECT_REJECTION,0,,early,-5.4882592411164595
16,2,P1,NONTARGET_CORRECT_REJECTION,0,,late,-3.8553353558872896
16,2,C9,NONTARGET_CORRECT_REJECTION,0,,early,-5.550655603079768
16,2,C9,NONTARGET_CORRECT_REJECTION,0,,late,-1.515253520292758
16,2,C5,NONTARGET_CORRECT_REJECTION,0,,early,-6.319837437746927
16,2,C5,NONTARGET_CORRECT_REJECTION,0,,late,-3.551416098515135
16,2,C4,NONTARGET_CORRECT_REJECTION,0,,early,1.2025091598531947
16,2,C4,NONTARGET_CORRECT_REJECTION,0,,late,0.4285250054583882
16,2,C8,NONTARGET_CORRECT_REJECTION,0,,early,-2.164387334235525
16,2,C8,NONTARGET_CORRECT_REJECTION,0,,late,-0.09557496622139104
16,2,C10,NONTARGET_CORRECT_REJECTION,0,,early,-2.3143663079493257
16,2,C10,NONTARGET_CORRECT_REJECTION,0,,late,-6.349681746889455
16,2,C1,NONTARGET_CORRECT_REJECTION,0,,early,-5.617549866334753
16,2,C1,NONTARGET_CORRECT_REJECTION,0,,late,-1.4953115334949334
16,2,P4,NONTARGET_CORRECT_REJECTION,0,,early,-5.559208130328483
16,2,P4,NONTARGET_CORRECT_REJECTION,0,,late,-2.37978008285087
16,2,P3,NONTARGET_CORRECT_REJECTION,0,,early,-1.1116471503461303
16,2,P3,NONTARGET_CORRECT_REJECTION,0,,late,-1.5914300056921893
16,2,C3,NONTARGET_CORRECT_REJECTION,0,,early,-2.9935072378709795
16,2,C3,NONTARGET_CORRECT_REJECTION,0,,late,-2.9096036027722842
16,2,C7,NONTARGET_CORRECT_REJECTION,0,,early,-4.433970454507759
16,2,C7,NONTARGET_CORRECT_REJECTION,0,,late,-2.130607337921506
16,2,C4,NONTARGET_CORRECT_REJECTION,0,,early,2.4671980494305004
16,2,C4,NONTARGET_CORRECT_REJECTION,0,,late,-1.3837122112795435
16,2,C10,NONTARGET_CORRECT_REJECTION,0,,early,-1.384337523192873
16,2,C10,NONTARGET_CORRECT_REJECTION,0,,late,-4.276941836275174
16,2,P4,NONTARGET_CORRECT_REJECTION,0,,early,-1.0798490415954274
16,2,P4,NONTARGET_CORRECT_REJECTION,0,,late,-5.266249655282727
16,2,C6,NONTARGET_CORRECT_REJECTION,0,,early,1.4286974131909607
16,2,C6,NONTARGET_CORRECT_REJECTION,0,,late,-0.367865288138779
16,2,C8,NONTARGET_CORRECT_REJECTION,0,,early,1.705559365608033
16,2,C8,NONTARGET_CORRECT_REJECTION,0,,late,-3.4990028294359696
16,2,P1,NONTARGET_CORRECT_REJECTION,0,,early,-2.3874876601994552
16,2,P1,NONTARGET_CORRECT_REJECTION,0,,late,-2.3520356172677372
16,2,C7,NONTARGET_CORRECT_REJECTION,0,,early,-4.036601607315102
16,2,C7,NONTARGET_CORRECT_REJECTION,0,,late,-4.495234718934035
16,2,P3,NONTARGET_CORRECT_REJECTION,0,,early,-1.5416983043807668
16,2,P3,NONTARGET_CORRECT_REJECTION,0,,late,-1.6855475690916675
16,2,C9,NONTARGET_CORRECT_REJECTION,0,,early,-0.3209327259964354
16,2,C9,NONTARGET_CORRECT_REJECTION,0,,late,-2.4525930458427374
16,2,C5,NONTARGET_FALSE_ALARM,1,787.3000000000466,early,-4.174842194204833
16,2,C5,NONTARGET_FALSE_ALARM,1,787.3000000000466,late,-4.805906843938251
16,2,C3,NONTARGET_CORRECT_REJECTION,0,,early,-0.6117029831975247
16,2,C3,NONTARGET_CORRECT_REJECTION,0,,late,-1.2063703029192598
16,2,C4,NONTARGET_CORRECT_REJECTION,0,,early,0.032207205380719056
16,2,C4,NONTARGET_CORRECT_REJECTION,0,,late,-2.0538125083815792
16,2,C2,NONTARGET_CORRECT_REJECTION,0,,early,-1.5277231054763711
16,2,C2,NONTARGET_CORRECT_REJECTION,0,,late,-3.7503323154061405
16,2,C7,NONTARGET_CORRECT_REJECTION,0,,early,1.159004471490988
16,2,C7,NONTARGET_CORRECT_REJECTION,0,,late,0.27180924298994624
16,2,C6,NONTARGET_CORRECT_REJECTION,0,,early,-5.47540670950928
16,2,C6,NONTARGET_CORRECT_REJECTION,0,,late,-3.8290062831639156
16,2,C5,NONTARGET_CORRECT_REJECTION,0,,early,-5.68106946590997
16,2,C5,NONTARGET_CORRECT_REJECTION,0,,late,-3.784713453884566
16,2,C3,NONTARGET_CORRECT_REJECTION,0,,early,-5.562314711653153
16,2,C3,NONTARGET_CORRECT_REJECTION,0,,late,-3.3301203819070246
16,2,P1,NONTARGET_CORRECT_REJECTION,0,,early,-3.50913273564841
16,2,P1,NONTARGET_CORRECT_REJECTION,0,,late,-2.3705623188326133
16,2,P4,NONTARGET_CORRECT_REJECTION,0,,early,-1.1343573231864206
16,2,P4,NONTARGET_CORRECT_REJECTION,0,,late,-1.7714663133180364
16,2,C10,NONTARGET_CORRECT_REJECTION,0,,early,-3.5549720753016394
16,2,C10,NONTARGET_CORRECT_REJECTION,0,,late,-1.9767761729254896
16,2,C1,NONTARGET_CORRECT_REJECTION,0,,early,-4.055859946715279
16,2,C1,NONTARGET_CORRECT_REJECTION,0,,late,-3.040226458962704
16,2,P2,NONTARGET_CORRECT_REJECTION,0,,early,-5.051869440411844
16,2,P2,NONTARGET_CORRECT_REJECTION,0,,late,-3.6702437202568077
16,2,C1,NONTARGET_CORRECT_REJECTION,0,,early,-1.2690274749195014
16,2,C1,NONTARGET_CORRECT_REJECTION,0,,late,-3.266165785200023
16,2,C9,NONTARGET_CORRECT_REJECTION,0,,early,-4.003664392792015
16,2,C9,NONTARGET_CORRECT_REJECTION,0,,late,-4.609893305107432
16,2,C8,NONTARGET_FALSE_ALARM,1,738.1999999999534,early,-4.08250815905705
16,2,C8,NONTARGET_FALSE_ALARM,1,738.1999999999534,late,-5.225174147533036
16,2,P1,NONTARGET_CORRECT_REJECTION,0,,early,-4.4315973418887085
16,2,P1,NONTARGET_CORRECT_REJECTION,0,,late,-4.102953381343326
16,2,C7,NONTARGET_CORRECT_REJECTION,0,,early,-1.182287432048553
16,2,C7,NONTARGET_CORRECT_REJECTION,0,,late,-3.5776787800229046
16,2,C10,NONTARGET_CORRECT_REJECTION,0,,early,0.5763380550948893
16,2,C10,NONTARGET_CORRECT_REJECTION,0,,late,1.056396692585705
16,2,C4,NONTARGET_CORRECT_REJECTION,0,,early,-8.235642415355148
16,2,C4,NONTARGET_CORRECT_REJECTION,0,,late,-5.102802718857417
16,2,C3,NONTARGET_CORRECT_REJECTION,0,,early,-1.689621293153022
16,2,C3,NONTARGET_CORRECT_REJECTION,0,,late,-5.181076137568148
16,2,P2,NONTARGET_CORRECT_REJECTION,0,,early,-1.8897601788937293
16,2,P2,NONTARGET_CORRECT_REJECTION,0,,late,-4.483392134767448
16,2,C5,NONTARGET_FALSE_ALARM,1,1113.6999999999534,early,-1.750708690606855
16,2,C5,NONTARGET_FALSE_ALARM,1,1113.6999999999534,late,-3.43624163691538
16,2,C2,NONTARGET_FALSE_ALARM,1,829.1999999999534,early,0.473911603400648
16,2,C2,NONTARGET_FALSE_ALARM,1,829.1999999999534,late,-3.9331882494655823
16,2,C9,NONTARGET_CORRECT_REJECTION,0,,early,-3.760716547734359
16,2,C9,NONTARGET_CORRECT_REJECTION,0,,late,-1.5015906905349734
18,0,C8,NONTARGET_CORRECT_REJECTION,0,,early,0.8750365556980064
18,0,C8,NONTARGET_CORRECT_REJECTION,0,,late,-3.2631956331682472
18,0,C9,NONTARGET_CORRECT_REJECTION,0,,early,-0.616810506065529
18,0,C9,NONTARGET_CORRECT_REJECTION,0,,late,-1.4819186524531447
18,0,C5,NONTARGET_CORRECT_REJECTION,0,,early,0.9194473043445944
18,0,C5,NONTARGET_CORRECT_REJECTION,0,,late,-3.263745660878962
18,0,C1,NONTARGET_CORRECT_REJECTION,0,,early,0.3286991207355542
18,0,C1,NONTARGET_CORRECT_REJECTION,0,,late,-0.5518771186654725
18,0,C4,NONTARGET_CORRECT_REJECTION,0,,early,-0.6121725340127124
18,0,C4,NONTARGET_CORRECT_REJECTION,0,,late,-2.3485014049114783
18,0,C6,NONTARGET_CORRECT_REJECTION,0,,early,-1.9742877082311494
18,0,C6,NONTARGET_CORRECT_REJECTION,0,,late,-1.0870341814392372
18,0,C2,NONTARGET_CORRECT_REJECTION,0,,early,5.65645678029823
18,0,C2,NONTARGET_CORRECT_REJECTION,0,,late,-2.1857796954514073
18,0,C8,NONTARGET_CORRECT_REJECTION,0,,early,2.129090982381375
18,0,C8,NONTARGET_CORRECT_REJECTION,0,,late,-0.7641810819381585
18,0,C6,NONTARGET_CORRECT_REJECTION,0,,early,-1.5889368981096905
18,0,C6,NONTARGET_CORRECT_REJECTION,0,,late,-2.315398098423848
18,0,C3,NONTARGET_CORRECT_REJECTION,0,,early,-1.6020870533842375
18,0,C3,NONTARGET_CORRECT_REJECTION,0,,late,-0.5728346826144601
18,0,C7,NONTARGET_CORRECT_REJECTION,0,,early,2.09189464975817
18,0,C7,NONTARGET_CORRECT_REJECTION,0,,late,-0.6042697340911749
18,0,C9,NONTARGET_CORRECT_REJECTION,0,,early,-2.587583330850669
18,0,C9,NONTARGET_CORRECT_REJECTION,0,,late,-2.810230025194315
18,0,C4,NONTARGET_CORRECT_REJECTION,0,,early,-1.1871081322015298
18,0,C4,NONTARGET_CORRECT_REJECTION,0,,late,-2.3579722319077767
18,0,C1,NONTARGET_CORRECT_REJECTION,0,,early,1.5060721581888372
18,0,C1,NONTARGET_CORRECT_REJECTION,0,,late,-2.2389549495365566
18,0,C10,NONTARGET_CORRECT_REJECTION,0,,early,1.0944540534163865
18,0,C10,NONTARGET_CORRECT_REJECTION,0,,late,-0.15706589392596235
18,0,C2,NONTARGET_CORRECT_REJECTION,0,,early,1.3664906701265864
18,0,C2,NONTARGET_CORRECT_REJECTION,0,,late,-2.6321119332673315
18,0,C2,NONTARGET_CORRECT_REJECTION,0,,early,0.8146548191830787
18,0,C2,NONTARGET_CORRECT_REJECTION,0,,late,-0.895028164320286
18,0,C7,NONTARGET_CORRECT_REJECTION,0,,early,-1.716615801919973
18,0,C7,NONTARGET_CORRECT_REJECTION,0,,late,0.7691886580338854
18,0,C3,NONTARGET_CORRECT_REJECTION,0,,early,-0.643537285453217
18,0,C3,NONTARGET_CORRECT_REJECTION,0,,late,-0.49945353748155136
18,0,C9,NONTARGET_CORRECT_REJECTION,0,,early,-2.4528144396731033
18,0,C9,NONTARGET_CORRECT_REJECTION,0,,late,-2.595258696869035
18,0,C8,NONTARGET_CORRECT_REJECTION,0,,early,0.5764826803431603
18,0,C8,NONTARGET_CORRECT_REJECTION,0,,late,-0.8520150870745477
18,0,C8,NONTARGET_CORRECT_REJECTION,0,,early,-2.5126519309803963
18,0,C8,NONTARGET_CORRECT_REJECTION,0,,late,-1.8378900609718387
18,0,C7,NONTARGET_CORRECT_REJECTION,0,,early,-1.3000243341224256
18,0,C7,NONTARGET_CORRECT_REJECTION,0,,late,-0.22986480755008337
18,0,C1,NONTARGET_CORRECT_REJECTION,0,,early,-5.049110351559666
18,0,C1,NONTARGET_CORRECT_REJECTION,0,,late,-1.311434325423514
18,0,C2,NONTARGET_CORRECT_REJECTION,0,,early,-1.5399700230190978
18,0,C2,NONTARGET_CORRECT_REJECTION,0,,late,-1.0086927249751023
18,0,C4,NONTARGET_CORRECT_REJECTION,0,,early,-5.93739003378612
18,0,C4,NONTARGET_CORRECT_REJECTION,0,,late,-4.488323406428953
18,0,C9,NONTARGET_CORRECT_REJECTION,0,,early,-0.23998435269361965
18,0,C9,NONTARGET_CORRECT_REJECTION,0,,late,-5.763170339151016
18,0,C6,NONTARGET_CORRECT_REJECTION,0,,early,2.0263203813755464
18,0,C6,NONTARGET_CORRECT_REJECTION,0,,late,-2.0977590611258146
18,0,C8,NONTARGET_CORRECT_REJECTION,0,,early,-1.9116532550031384
18,0,C8,NONTARGET_CORRECT_REJECTION,0,,late,-1.6130025853438736
18,0,C1,NONTARGET_CORRECT_REJECTION,0,,early,1.428970303978527
18,0,C1,NONTARGET_CORRECT_REJECTION,0,,late,0.15672808741549699
18,0,C7,NONTARGET_CORRECT_REJECTION,0,,early,0.7795926179964071
18,0,C7,NONTARGET_CORRECT_REJECTION,0,,late,-3.550267260773292
18,0,C5,NONTARGET_CORRECT_REJECTION,0,,early,-0.659427718166643
18,0,C5,NONTARGET_CORRECT_REJECTION,0,,late,0.834754988418944
18,0,C9,NONTARGET_CORRECT_REJECTION,0,,early,0.22115634926926278
18,0,C9,NONTARGET_CORRECT_REJECTION,0,,late,-1.012262223176128
18,0,C2,NONTARGET_CORRECT_REJECTION,0,,early,-0.21688289700669122
18,0,C2,NONTARGET_CORRECT_REJECTION,0,,late,0.3785142208133489
18,0,C8,NONTARGET_CORRECT_REJECTION,0,,early,-2.791690143634568
18,0,C8,NONTARGET_CORRECT_REJECTION,0,,late,-3.859829427718994
18,0,C6,NONTARGET_CORRECT_REJECTION,0,,early,-0.820796651736285
18,0,C6,NONTARGET_CORRECT_REJECTION,0,,late,-0.9253440859707811
18,0,C4,NONTARGET_CORRECT_REJECTION,0,,early,-0.9038714872947471
18,0,C4,NONTARGET_CORRECT_REJECTION,0,,late,-3.132081168914033
18,0,C1,NONTARGET_CORRECT_REJECTION,0,,early,0.7425396540165928
18,0,C1,NONTARGET_CORRECT_REJECTION,0,,late,-2.217590902288477
18,0,C2,NONTARGET_CORRECT_REJECTION,0,,early,2.151504894636078
18,0,C2,NONTARGET_CORRECT_REJECTION,0,,late,-0.22562104939452263
18,0,C9,NONTARGET_CORRECT_REJECTION,0,,early,0.8239095950666836
18,0,C9,NONTARGET_CORRECT_REJECTION,0,,late,0.16974654322902252
18,1,C6,NONTARGET_CORRECT_REJECTION,0,,early,1.590894581623481
18,1,C6,NONTARGET_CORRECT_REJECTION,0,,late,-1.359658046577195
18,1,C1,NONTARGET_CORRECT_REJECTION,0,,early,0.6495978381471506
18,1,C1,NONTARGET_CORRECT_REJECTION,0,,late,-3.630947709916718
18,1,C4,NONTARGET_CORRECT_REJECTION,0,,early,-0.3200901515726263
18,1,C4,NONTARGET_CORRECT_REJECTION,0,,late,-0.8620881198398334
18,1,C3,NONTARGET_CORRECT_REJECTION,0,,early,1.5595507916734253
18,1,C3,NONTARGET_CORRECT_REJECTION,0,,late,-1.3867836719800941
18,1,C5,NONTARGET_CORRECT_REJECTION,0,,early,-2.5253116226199577
18,1,C5,NONTARGET_CORRECT_REJECTION,0,,late,-1.2260096819779984
18,1,P1,NONTARGET_CORRECT_REJECTION,0,,early,-3.540811206258788
18,1,P1,NONTARGET_CORRECT_REJECTION,0,,late,-3.418712608474345
18,1,C8,NONTARGET_CORRECT_REJECTION,0,,early,-0.3317176410925149
18,1,C8,NONTARGET_CORRECT_REJECTION,0,,late,-3.714543985641632
18,1,P2,NONTARGET_CORRECT_REJECTION,0,,early,1.873483385309563
18,1,P2,NONTARGET_CORRECT_REJECTION,0,,late,-0.481581043941829
18,1,C7,NONTARGET_CORRECT_REJECTION,0,,early,4.195478543528287
18,1,C7,NONTARGET_CORRECT_REJECTION,0,,late,1.9213062429799734
18,1,C4,NONTARGET_CORRECT_REJECTION,0,,early,-1.6877018600405356
18,1,C4,NONTARGET_CORRECT_REJECTION,0,,late,-1.7955103475144572
18,1,C3,NONTARGET_CORRECT_REJECTION,0,,early,-2.134390297037972
18,1,C3,NONTARGET_CORRECT_REJECTION,0,,late,-3.123544133247937
18,1,C1,NONTARGET_CORRECT_REJECTION,0,,early,-0.04509061978862007
18,1,C1,NONTARGET_CORRECT_REJECTION,0,,late,-1.451530046464333
18,1,C7,NONTARGET_CORRECT_REJECTION,0,,early,-2.2042280480728675
18,1,C7,NONTARGET_CORRECT_REJECTION,0,,late,-2.75227046794861
18,1,C6,NONTARGET_CORRECT_REJECTION,0,,early,1.9617933927693252
18,1,C6,NONTARGET_CORRECT_REJECTION,0,,late,-2.90615907483735
18,1,C5,NONTARGET_CORRECT_REJECTION,0,,early,-0.8198998055644982
18,1,C5,NONTARGET_CORRECT_REJECTION,0,,late,1.2314871994384333
18,1,P2,NONTARGET_CORRECT_REJECTION,0,,early,-0.5475980535871866
18,1,P2,NONTARGET_CORRECT_REJECTION,0,,late,-2.0879160660026894
18,1,C1,NONTARGET_CORRECT_REJECTION,0,,early,1.440306235687873
18,1,C1,NONTARGET_CORRECT_REJECTION,0,,late,0.168497293546865
18,1,P4,NONTARGET_CORRECT_REJECTION,0,,early,-3.060298489492182
18,1,P4,NONTARGET_CORRECT_REJECTION,0,,late,0.5689119538445221
18,1,P1,NONTARGET_CORRECT_REJECTION,0,,early,1.234610023214573
18,1,P1,NONTARGET_CORRECT_REJECTION,0,,late,-0.4082882778721683
18,1,C10,NONTARGET_CORRECT_REJECTION,0,,early,-2.2545909324661992
18,1,C10,NONTARGET_CORRECT_REJECTION,0,,late,-2.1895640698906877
18,1,C3,NONTARGET_CORRECT_REJECTION,0,,early,2.049913438226969
18,1,C3,NONTARGET_CORRECT_REJECTION,0,,late,-0.9026339237724789
18,1,C6,NONTARGET_CORRECT_REJECTION,0,,early,1.5757790610611924
18,1,C6,NONTARGET_CORRECT_REJECTION,0,,late,-1.3915458873347204
18,1,C5,NONTARGET_CORRECT_REJECTION,0,,early,0.13256622199836104
18,1,C5,NONTARGET_CORRECT_REJECTION,0,,late,-0.02890869955982857
18,1,C10,NONTARGET_CORRECT_REJECTION,0,,early,0.3083569536246824
18,1,C10,NONTARGET_CORRECT_REJECTION,0,,late,-1.8515765505296995
18,1,P4,NONTARGET_CORRECT_REJECTION,0,,early,-1.4911964741122854
18,1,P4,NONTARGET_CORRECT_REJECTION,0,,late,-3.08298549761851
18,1,P3,NONTARGET_CORRECT_REJECTION,0,,early,2.3114311352658774
18,1,P3,NONTARGET_CORRECT_REJECTION,0,,late,-1.911117961794038
18,1,C5,NONTARGET_CORRECT_REJECTION,0,,early,1.3123868035954802
18,1,C5,NONTARGET_CORRECT_REJECTION,0,,late,-1.139812876677342
18,1,C2,NONTARGET_CORRECT_REJECTION,0,,early,-0.23609157027869887
18,1,C2,NONTARGET_CORRECT_REJECTION,0,,late,-1.6912141191128265
18,1,P4,NONTARGET_CORRECT_REJECTION,0,,early,-0.5552186548587188
18,1,P4,NONTARGET_CORRECT_REJECTION,0,,late,-2.5033207219892475
18,1,C8,NONTARGET_CORRECT_REJECTION,0,,early,-0.43847649243641174
18,1,C8,NONTARGET_CORRECT_REJECTION,0,,late,0.7683945430183383
18,1,P3,NONTARGET_CORRECT_REJECTION,0,,early,1.5854767244008403
18,1,P3,NONTARGET_CORRECT_REJECTION,0,,late,-3.801971497904003
18,1,C9,NONTARGET_CORRECT_REJECTION,0,,early,-0.49005816514130957
18,1,C9,NONTARGET_CORRECT_REJECTION,0,,late,-1.207709931715511
18,1,C7,NONTARGET_CORRECT_REJECTION,0,,early,2.5274111421488796
18,1,C7,NONTARGET_CORRECT_REJECTION,0,,late,0.2785156154620936
18,1,C4,NONTARGET_CORRECT_REJECTION,0,,early,0.325280823153282
18,1,C4,NONTARGET_CORRECT_REJECTION,0,,late,-3.4421026574386975
18,1,C2,NONTARGET_CORRECT_REJECTION,0,,early,0.4008074600876888
18,1,C2,NONTARGET_CORRECT_REJECTION,0,,late,-2.3219405566139906
18,1,C10,NONTARGET_CORRECT_REJECTION,0,,early,-1.5030320125663263
18,1,C10,NONTARGET_CORRECT_REJECTION,0,,late,0.4437408736386426
18,1,C1,NONTARGET_CORRECT_REJECTION,0,,early,-1.3085994423458407
18,1,C1,NONTARGET_CORRECT_REJECTION,0,,late,-1.326840712942286
18,1,C6,NONTARGET_CORRECT_REJECTION,0,,early,2.898161195671385
18,1,C6,NONTARGET_CORRECT_REJECTION,0,,late,-2.4809295462132477
18,1,P4,NONTARGET_CORRECT_REJECTION,0,,early,-1.6514171334017267
18,1,P4,NONTARGET_CORRECT_REJECTION,0,,late,-2.250180142747523
18,1,C8,NONTARGET_CORRECT_REJECTION,0,,early,-1.0820852415636366
18,1,C8,NONTARGET_CORRECT_REJECTION,0,,late,-3.810131363552168
18,1,P2,NONTARGET_CORRECT_REJECTION,0,,early,0.5949892025679696
18,1,P2,NONTARGET_CORRECT_REJECTION,0,,late,-3.304520797012854
18,1,C4,NONTARGET_CORRECT_REJECTION,0,,early,0.9184757785520583
18,1,C4,NONTARGET_CORRECT_REJECTION,0,,late,-0.21310539084117183
18,1,C1,NONTARGET_CORRECT_REJECTION,0,,early,-3.52936054651219
18,1,C1,NONTARGET_CORRECT_REJECTION,0,,late,-1.5492115155246724
18,1,C2,NONTARGET_CORRECT_REJECTION,0,,early,2.494566409011541
18,1,C2,NONTARGET_CORRECT_REJECTION,0,,late,-3.483063424700776
18,1,C6,NONTARGET_CORRECT_REJECTION,0,,early,0.16836844252689828
18,1,C6,NONTARGET_CORRECT_REJECTION,0,,late,-1.5841632329273265
18,1,P4,NONTARGET_CORRECT_REJECTION,0,,early,0.31719357965273387
18,1,P4,NONTARGET_CORRECT_REJECTION,0,,late,-0.177122577534645
18,1,C3,NONTARGET_CORRECT_REJECTION,0,,early,1.5797375913050493
18,1,C3,NONTARGET_CORRECT_REJECTION,0,,late,-1.9134157345029812
18,1,P1,NONTARGET_CORRECT_REJECTION,0,,early,-0.8555197628447793
18,1,P1,NONTARGET_CORRECT_REJECTION,0,,late,-2.2904982475829843
18,1,C10,NONTARGET_CORRECT_REJECTION,0,,early,-5.057781578710722
18,1,C10,NONTARGET_CORRECT_REJECTION,0,,late,-1.4462120918473906
18,1,C5,NONTARGET_CORRECT_REJECTION,0,,early,2.124061430214051
18,1,C5,NONTARGET_CORRECT_REJECTION,0,,late,-3.3463980505603153
18,1,C9,NONTARGET_CORRECT_REJECTION,0,,early,-0.7544813768790299
18,1,C9,NONTARGET_CORRECT_REJECTION,0,,late,-0.6188917886474056
18,1,C7,NONTARGET_CORRECT_REJECTION,0,,early,-0.6366398748766713
18,1,C7,NONTARGET_CORRECT_REJECTION,0,,late,-2.1979547828595627
18,1,C4,NONTARGET_CORRECT_REJECTION,0,,early,-0.7487441635415527
18,1,C4,NONTARGET_CORRECT_REJECTION,0,,late,-1.8226964810318738
18,1,P1,NONTARGET_CORRECT_REJECTION,0,,early,-0.39920912181360335
18,1,P1,NONTARGET_CORRECT_REJECTION,0,,late,-1.140416807381829
18,1,C6,NONTARGET_CORRECT_REJECTION,0,,early,-1.2347970217129032
18,1,C6,NONTARGET_CORRECT_REJECTION,0,,late,-0.3324008260381254
18,1,P4,NONTARGET_CORRECT_REJECTION,0,,early,-2.099318140894766
18,1,P4,NONTARGET_CORRECT_REJECTION,0,,late,-2.485621386636087
18,1,P2,NONTARGET_CORRECT_REJECTION,0,,early,0.7015599973131861
18,1,P2,NONTARGET_CORRECT_REJECTION,0,,late,-0.41398105862062085
18,1,C1,NONTARGET_CORRECT_REJECTION,0,,early,-1.2724099000373068
18,1,C1,NONTARGET_CORRECT_REJECTION,0,,late,-1.8599889083324257
18,1,C8,NONTARGET_CORRECT_REJECTION,0,,early,-2.230434963361679
18,1,C8,NONTARGET_CORRECT_REJECTION,0,,late,-1.3790647808960055
18,1,C3,NONTARGET_CORRECT_REJECTION,0,,early,0.3391167328431875
18,1,C3,NONTARGET_CORRECT_REJECTION,0,,late,-2.8179176672183486
18,1,C4,NONTARGET_CORRECT_REJECTION,0,,early,2.438960198718462
18,1,C4,NONTARGET_CORRECT_REJECTION,0,,late,-2.0916719216205237
18,1,C8,NONTARGET_CORRECT_REJECTION,0,,early,2.5347818337123544
18,1,C8,NONTARGET_CORRECT_REJECTION,0,,late,-3.026822337895077
18,1,P2,NONTARGET_CORRECT_REJECTION,0,,early,1.1839558802105514
18,1,P2,NONTARGET_CORRECT_REJECTION,0,,late,0.9214074873381727
18,1,C5,NONTARGET_CORRECT_REJECTION,0,,early,-1.0101768012070937
18,1,C5,NONTARGET_CORRECT_REJECTION,0,,late,-0.9972220567888114
18,1,C6,NONTARGET_CORRECT_REJECTION,0,,early,0.22671882056595136
18,1,C6,NONTARGET_CORRECT_REJECTION,0,,late,-3.6331170793868997
18,1,C2,NONTARGET_CORRECT_REJECTION,0,,early,3.666405960783991
18,1,C2,NONTARGET_CORRECT_REJECTION,0,,late,-0.5370532555724483
18,1,C9,NONTARGET_CORRECT_REJECTION,0,,early,-1.0833642961048757
18,1,C9,NONTARGET_CORRECT_REJECTION,0,,late,-4.024122442604517
18,1,C10,NONTARGET_CORRECT_REJECTION,0,,early,-1.1975791991863212
18,1,C10,NONTARGET_CORRECT_REJECTION,0,,late,-1.9760700695838087
18,1,P4,NONTARGET_CORRECT_REJECTION,0,,early,-1.5631427820621024
18,1,P4,NONTARGET_CORRECT_REJECTION,0,,late,-2.40053258367827
18,1,C7,NONTARGET_CORRECT_REJECTION,0,,early,2.37753999979957
18,1,C7,NONTARGET_CORRECT_REJECTION,0,,late,1.210065944629771
18,1,C5,NONTARGET_CORRECT_REJECTION,0,,early,-3.0599612667918956
18,1,C5,NONTARGET_CORRECT_REJECTION,0,,late,-3.6314637890861596
18,1,C6,NONTARGET_CORRECT_REJECTION,0,,early,-1.142753194400288
18,1,C6,NONTARGET_CORRECT_REJECTION,0,,late,-1.7204126206538897
18,1,C4,NONTARGET_CORRECT_REJECTION,0,,early,-2.0872547580032097
18,1,C4,NONTARGET_CORRECT_REJECTION,0,,late,-0.048170639915133595
18,2,C7,NONTARGET_CORRECT_REJECTION,0,,early,0.8881766361614101
18,2,C7,NONTARGET_CORRECT_REJECTION,0,,late,-0.09690746277430817
18,2,P2,NONTARGET_CORRECT_REJECTION,0,,early,-0.32705593022548013
18,2,P2,NONTARGET_CORRECT_REJECTION,0,,late,-1.207037336099993
18,2,C5,NONTARGET_CORRECT_REJECTION,0,,early,0.4518858734269562
18,2,C5,NONTARGET_CORRECT_REJECTION,0,,late,-0.9042024006417403
18,2,C8,NONTARGET_CORRECT_REJECTION,0,,early,4.928547903358926
18,2,C8,NONTARGET_CORRECT_REJECTION,0,,late,1.534293150545291
18,2,C9,NONTARGET_CORRECT_REJECTION,0,,early,-3.344421952002596
18,2,C9,NONTARGET_CORRECT_REJECTION,0,,late,-3.0894309010507066
18,2,P1,NONTARGET_CORRECT_REJECTION,0,,early,-0.6797020118630424
18,2,P1,NONTARGET_CORRECT_REJECTION,0,,late,-0.45595132148448564
18,2,P3,NONTARGET_CORRECT_REJECTION,0,,early,-2.6115659022617623
18,2,P3,NONTARGET_CORRECT_REJECTION,0,,late,-2.5659598547416804
18,2,P1,NONTARGET_CORRECT_REJECTION,0,,early,-1.0091460125471727
18,2,P1,NONTARGET_CORRECT_REJECTION,0,,late,-1.5749587579207607
18,2,C2,NONTARGET_CORRECT_REJECTION,0,,early,1.8668719641046598
18,2,C2,NONTARGET_CORRECT_REJECTION,0,,late,-2.1813442891312502
18,2,C1,NONTARGET_CORRECT_REJECTION,0,,early,1.9221134722286009
18,2,C1,NONTARGET_CORRECT_REJECTION,0,,late,-1.0862999260643056
18,2,P3,NONTARGET_CORRECT_REJECTION,0,,early,2.104731780888355
18,2,P3,NONTARGET_CORRECT_REJECTION,0,,late,-2.239051583012332
18,2,C7,NONTARGET_CORRECT_REJECTION,0,,early,-0.049668823468875564
18,2,C7,NONTARGET_CORRECT_REJECTION,0,,late,-1.3892384554350594
18,2,P1,NONTARGET_CORRECT_REJECTION,0,,early,1.8363461376377386
18,2,P1,NONTARGET_CORRECT_REJECTION,0,,late,-0.8970921872551046
18,2,C9,NONTARGET_CORRECT_REJECTION,0,,early,-0.8872700882553078
18,2,C9,NONTARGET_CORRECT_REJECTION,0,,late,-3.4654752122465635
18,2,P4,NONTARGET_CORRECT_REJECTION,0,,early,0.3261567440799751
18,2,P4,NONTARGET_CORRECT_REJECTION,0,,late,-0.3339955929837475
18,2,C6,NONTARGET_CORRECT_REJECTION,0,,early,2.8004954079181923
18,2,C6,NONTARGET_CORRECT_REJECTION,0,,late,-2.797350352296154
18,2,C8,NONTARGET_CORRECT_REJECTION,0,,early,1.777068731376059
18,2,C8,NONTARGET_CORRECT_REJECTION,0,,late,-1.8397965293298786
18,2,C5,NONTARGET_CORRECT_REJECTION,0,,early,-1.3697722334824187
18,2,C5,NONTARGET_CORRECT_REJECTION,0,,late,-1.4712256571309092
18,2,C3,NONTARGET_CORRECT_REJECTION,0,,early,5.519732221036462
18,2,C3,NONTARGET_CORRECT_REJECTION,0,,late,-1.2659303956465213
18,2,C1,NONTARGET_CORRECT_REJECTION,0,,early,-4.799960877369289
18,2,C1,NONTARGET_CORRECT_REJECTION,0,,late,-2.3917366249776486
18,2,P4,NONTARGET_CORRECT_REJECTION,0,,early,5.437994495389175
18,2,P4,NONTARGET_CORRECT_REJECTION,0,,late,-0.714132177329972
18,2,C10,NONTARGET_CORRECT_REJECTION,0,,early,-1.9258990360050305
18,2,C10,NONTARGET_CORRECT_REJECTION,0,,late,-0.8054455997092089
18,2,C8,NONTARGET_CORRECT_REJECTION,0,,early,1.4943077334240198
18,2,C8,NONTARGET_CORRECT_REJECTION,0,,late,1.9334567268593517
18,2,C6,NONTARGET_CORRECT_REJECTION,0,,early,2.371017826622502
18,2,C6,NONTARGET_CORRECT_REJECTION,0,,late,-1.0847339988278988
18,2,C7,NONTARGET_CORRECT_REJECTION,0,,early,2.4166263818590195
18,2,C7,NONTARGET_CORRECT_REJECTION,0,,late,-2.3380289560253438
18,2,C5,NONTARGET_CORRECT_REJECTION,0,,early,4.838812816823823
18,2,C5,NONTARGET_CORRECT_REJECTION,0,,late,-0.6357932257274215
18,2,C4,NONTARGET_CORRECT_REJECTION,0,,early,-4.98510196264264
18,2,C4,NONTARGET_CORRECT_REJECTION,0,,late,-1.770109230798196
18,2,C2,NONTARGET_CORRECT_REJECTION,0,,early,0.04453205220034719
18,2,C2,NONTARGET_CORRECT_REJECTION,0,,late,-0.3403175705839882
18,2,C1,NONTARGET_CORRECT_REJECTION,0,,early,-1.073014934012404
18,2,C1,NONTARGET_CORRECT_REJECTION,0,,late,-2.393820140440492
18,2,C10,NONTARGET_CORRECT_REJECTION,0,,early,2.1671067445987293
18,2,C10,NONTARGET_CORRECT_REJECTION,0,,late,-1.1282880107813935
18,2,P1,NONTARGET_CORRECT_REJECTION,0,,early,0.18693275590224567
18,2,P1,NONTARGET_CORRECT_REJECTION,0,,late,-0.7086305872494868
18,2,C9,NONTARGET_CORRECT_REJECTION,0,,early,3.734558766982332
18,2,C9,NONTARGET_CORRECT_REJECTION,0,,late,-0.6826534807158421
18,2,C5,NONTARGET_CORRECT_REJECTION,0,,early,1.3083484027783177
18,2,C5,NONTARGET_CORRECT_REJECTION,0,,late,-0.8472944593475924
18,2,C4,NONTARGET_CORRECT_REJECTION,0,,early,-1.639079983005966
18,2,C4,NONTARGET_CORRECT_REJECTION,0,,late,-3.71591879852041
18,2,C8,NONTARGET_CORRECT_REJECTION,0,,early,2.1877226330763615
18,2,C8,NONTARGET_CORRECT_REJECTION,0,,late,-0.8649304451914033
18,2,C10,NONTARGET_CORRECT_REJECTION,0,,early,0.6869865563532866
18,2,C10,NONTARGET_CORRECT_REJECTION,0,,late,-3.3787542709179137
18,2,C1,NONTARGET_CORRECT_REJECTION,0,,early,1.7390793248892404
18,2,C1,NONTARGET_CORRECT_REJECTION,0,,late,-0.29821142037626197
18,2,P4,NONTARGET_CORRECT_REJECTION,0,,early,-2.919248372854411
18,2,P4,NONTARGET_CORRECT_REJECTION,0,,late,-1.8696656636613036
18,2,P3,NONTARGET_CORRECT_REJECTION,0,,early,4.473993654511858
18,2,P3,NONTARGET_CORRECT_REJECTION,0,,late,-2.5383964365517637
18,2,C3,NONTARGET_CORRECT_REJECTION,0,,early,1.1139298876954
18,2,C3,NONTARGET_CORRECT_REJECTION,0,,late,-1.8612671736881734
18,2,C7,NONTARGET_CORRECT_REJECTION,0,,early,2.534765433634311
18,2,C7,NONTARGET_CORRECT_REJECTION,0,,late,-0.9644946373015517
18,2,C4,NONTARGET_CORRECT_REJECTION,0,,early,-5.6375081079306
18,2,C4,NONTARGET_CORRECT_REJECTION,0,,late,-0.7539160997899766
18,2,C10,NONTARGET_CORRECT_REJECTION,0,,early,-0.23253551103951126
18,2,C10,NONTARGET_CORRECT_REJECTION,0,,late,-0.5281196710923295
18,2,P4,NONTARGET_CORRECT_REJECTION,0,,early,-4.201285343074173
18,2,P4,NONTARGET_CORRECT_REJECTION,0,,late,-1.5578788119593228
18,2,C6,NONTARGET_CORRECT_REJECTION,0,,early,-1.404084968316371
18,2,C6,NONTARGET_CORRECT_REJECTION,0,,late,-1.8755838221239998
18,2,C8,NONTARGET_CORRECT_REJECTION,0,,early,2.1155121809570407
18,2,C8,NONTARGET_CORRECT_REJECTION,0,,late,-2.074682563364621
18,2,P1,NONTARGET_CORRECT_REJECTION,0,,early,0.872837883140945
18,2,P1,NONTARGET_CORRECT_REJECTION,0,,late,0.35154501446986736
18,2,C7,NONTARGET_CORRECT_REJECTION,0,,early,-0.6434365644989434
18,2,C7,NONTARGET_CORRECT_REJECTION,0,,late,-0.7134911311547933
18,2,P3,NONTARGET_CORRECT_REJECTION,0,,early,-2.50382936150533
18,2,P3,NONTARGET_CORRECT_REJECTION,0,,late,-2.885710492280778
18,2,C9,NONTARGET_CORRECT_REJECTION,0,,early,0.23929951829762472
18,2,C9,NONTARGET_CORRECT_REJECTION,0,,late,-1.4874266746022349
18,2,C5,NONTARGET_CORRECT_REJECTION,0,,early,-0.3770163367497661
18,2,C5,NONTARGET_CORRECT_REJECTION,0,,late,-3.2709757451085335
18,2,C3,NONTARGET_CORRECT_REJECTION,0,,early,0.6388468012228873
18,2,C3,NONTARGET_CORRECT_REJECTION,0,,late,-1.805333582144707
18,2,C4,NONTARGET_CORRECT_REJECTION,0,,early,0.38502371428041526
18,2,C4,NONTARGET_CORRECT_REJECTION,0,,late,-3.005249165399105
18,2,C2,NONTARGET_CORRECT_REJECTION,0,,early,0.6818677597898021
18,2,C2,NONTARGET_CORRECT_REJECTION,0,,late,-2.9645610324375054
18,2,C7,NONTARGET_CORRECT_REJECTION,0,,early,-2.9500783988384467
18,2,C7,NONTARGET_CORRECT_REJECTION,0,,late,-1.6600238933380533
18,2,C6,NONTARGET_CORRECT_REJECTION,0,,early,-1.3292366467213228
18,2,C6,NONTARGET_CORRECT_REJECTION,0,,late,0.46760251235984174
18,2,C5,NONTARGET_CORRECT_REJECTION,0,,early,-0.1439897955924319
18,2,C5,NONTARGET_CORRECT_REJECTION,0,,late,1.0502460249047751
18,2,C3,NONTARGET_CORRECT_REJECTION,0,,early,1.972946718278284
18,2,C3,NONTARGET_CORRECT_REJECTION,0,,late,-1.2523274895487282
18,2,P1,NONTARGET_CORRECT_REJECTION,0,,early,-0.006553590967080148
18,2,P1,NONTARGET_CORRECT_REJECTION,0,,late,-3.0336143970749387
18,2,P4,NONTARGET_CORRECT_REJECTION,0,,early,-3.048406003514942
18,2,P4,NONTARGET_CORRECT_REJECTION,0,,late,-3.7727233255466257
18,2,C10,NONTARGET_CORRECT_REJECTION,0,,early,-3.960871467647404
18,2,C10,NONTARGET_CORRECT_REJECTION,0,,late,-0.6032194133858368
18,2,C1,NONTARGET_CORRECT_REJECTION,0,,early,-6.7019866860451955
18,2,C1,NONTARGET_CORRECT_REJECTION,0,,late,-1.6196162015342792
18,2,P2,NONTARGET_CORRECT_REJECTION,0,,early,2.486975402894793
18,2,P2,NONTARGET_CORRECT_REJECTION,0,,late,-1.2922116940271062
18,2,C1,NONTARGET_CORRECT_REJECTION,0,,early,-4.537875517016944
18,2,C1,NONTARGET_CORRECT_REJECTION,0,,late,-2.329358000190898
18,2,C9,NONTARGET_CORRECT_REJECTION,0,,early,2.97546935739979
18,2,C9,NONTARGET_CORRECT_REJECTION,0,,late,-3.215299620593487
18,2,C8,NONTARGET_CORRECT_REJECTION,0,,early,-3.614112457438893
18,2,C8,NONTARGET_CORRECT_REJECTION,0,,late,0.6831110227142959
18,2,P1,NONTARGET_CORRECT_REJECTION,0,,early,2.4105804241621223
18,2,P1,NONTARGET_CORRECT_REJECTION,0,,late,-2.168600061948875
18,2,C7,NONTARGET_CORRECT_REJECTION,0,,early,4.182493870763743
18,2,C7,NONTARGET_CORRECT_REJECTION,0,,late,-1.3324774639781731
18,2,C10,NONTARGET_CORRECT_REJECTION,0,,early,1.4983412860502632
18,2,C10,NONTARGET_CORRECT_REJECTION,0,,late,-1.9029494935713294
18,2,C4,NONTARGET_CORRECT_REJECTION,0,,early,0.11817419359969582
18,2,C4,NONTARGET_CORRECT_REJECTION,0,,late,-2.93875766955907
18,2,C3,NONTARGET_CORRECT_REJECTION,0,,early,0.4879086148402487
18,2,C3,NONTARGET_CORRECT_REJECTION,0,,late,0.8556588824548098
18,2,P2,NONTARGET_CORRECT_REJECTION,0,,early,2.0397767553855717
18,2,P2,NONTARGET_CORRECT_REJECTION,0,,late,-2.0083771278031115
18,2,C9,NONTARGET_CORRECT_REJECTION,0,,early,-1.1409123200950542
18,2,C9,NONTARGET_CORRECT_REJECTION,0,,late,-0.4211156147573377
19,0,C8,NONTARGET_FALSE_ALARM,1,381.2000000000044,early,-1.5815622226230057
19,0,C8,NONTARGET_FALSE_ALARM,1,381.2000000000044,late,1.5346208825079928
19,0,C10,NONTARGET_CORRECT_REJECTION,0,,early,-4.727933634587364
19,0,C10,NONTARGET_CORRECT_REJECTION,0,,late,-0.8045244047940189
19,0,C1,NONTARGET_CORRECT_REJECTION,0,,early,1.3098580246861045
19,0,C1,NONTARGET_CORRECT_REJECTION,0,,late,-0.6281352527853052
19,0,C2,NONTARGET_CORRECT_REJECTION,0,,early,-1.434978812438563
19,0,C2,NONTARGET_CORRECT_REJECTION,0,,late,2.5597404326613833
19,0,C3,NONTARGET_CORRECT_REJECTION,0,,early,-4.604148184651884
19,0,C3,NONTARGET_CORRECT_REJECTION,0,,late,-0.37654108060866703
19,0,C8,NONTARGET_CORRECT_REJECTION,0,,early,-2.757580855030578
19,0,C8,NONTARGET_CORRECT_REJECTION,0,,late,0.4853921630938673
19,0,C6,NONTARGET_CORRECT_REJECTION,0,,early,-3.6522272950037498
19,0,C6,NONTARGET_CORRECT_REJECTION,0,,late,-0.08318823508953052
19,0,C3,NONTARGET_CORRECT_REJECTION,0,,early,-4.235373903572855
19,0,C3,NONTARGET_CORRECT_REJECTION,0,,late,-3.476842783206628
19,0,C7,NONTARGET_CORRECT_REJECTION,0,,early,-6.246541297028599
19,0,C7,NONTARGET_CORRECT_REJECTION,0,,late,0.647655039032035
19,0,C9,NONTARGET_CORRECT_REJECTION,0,,early,-2.7049076381683523
19,0,C9,NONTARGET_CORRECT_REJECTION,0,,late,-1.4025253078092879
19,0,C4,NONTARGET_CORRECT_REJECTION,0,,early,-6.6417666246849825
19,0,C4,NONTARGET_CORRECT_REJECTION,0,,late,-2.1416205723637303
19,0,C5,NONTARGET_CORRECT_REJECTION,0,,early,-2.631812241256235
19,0,C5,NONTARGET_CORRECT_REJECTION,0,,late,-0.8212299913956883
19,0,C1,NONTARGET_CORRECT_REJECTION,0,,early,0.3992449017219601
19,0,C1,NONTARGET_CORRECT_REJECTION,0,,late,-2.330884387957259
19,0,C10,NONTARGET_CORRECT_REJECTION,0,,early,-2.056014962918524
19,0,C10,NONTARGET_CORRECT_REJECTION,0,,late,-3.2261340261683347
19,0,C2,NONTARGET_CORRECT_REJECTION,0,,early,-0.3748087693714208
19,0,C2,NONTARGET_CORRECT_REJECTION,0,,late,-0.13035916020161817
19,0,C1,NONTARGET_CORRECT_REJECTION,0,,early,-2.131127519561067
19,0,C1,NONTARGET_CORRECT_REJECTION,0,,late,-2.5174049771329963
19,0,C2,NONTARGET_CORRECT_REJECTION,0,,early,-4.542599976036876
19,0,C2,NONTARGET_CORRECT_REJECTION,0,,late,0.17946854121509406
19,0,C7,NONTARGET_CORRECT_REJECTION,0,,early,-2.8773675885830077
19,0,C7,NONTARGET_CORRECT_REJECTION,0,,late,0.6986749152561598
19,0,C3,NONTARGET_CORRECT_REJECTION,0,,early,-5.4317500196957225
19,0,C3,NONTARGET_CORRECT_REJECTION,0,,late,-1.443134407184748
19,0,C9,NONTARGET_CORRECT_REJECTION,0,,early,-2.865527830632698
19,0,C9,NONTARGET_CORRECT_REJECTION,0,,late,1.1511942347821655
19,0,C8,NONTARGET_CORRECT_REJECTION,0,,early,-5.492754627028286
19,0,C8,NONTARGET_CORRECT_REJECTION,0,,late,-0.16977224906817154
19,0,C6,NONTARGET_CORRECT_REJECTION,0,,early,-3.8378725958573052
19,0,C6,NONTARGET_CORRECT_REJECTION,0,,late,-0.2505177129949936
19,0,C10,NONTARGET_CORRECT_REJECTION,0,,early,-2.2955513582788396
19,0,C10,NONTARGET_CORRECT_REJECTION,0,,late,-2.2307538254872132
19,0,C5,NONTARGET_CORRECT_REJECTION,0,,early,-3.7507029481675214
19,0,C5,NONTARGET_CORRECT_REJECTION,0,,late,-1.5004308993167619
19,0,C4,NONTARGET_CORRECT_REJECTION,0,,early,-6.542405123878859
19,0,C4,NONTARGET_CORRECT_REJECTION,0,,late,-0.8553853549006777
19,0,C10,NONTARGET_CORRECT_REJECTION,0,,early,-2.5771133659253165
19,0,C10,NONTARGET_CORRECT_REJECTION,0,,late,-1.196550524589025
19,0,C2,NONTARGET_CORRECT_REJECTION,0,,early,-4.788626000929883
19,0,C2,NONTARGET_CORRECT_REJECTION,0,,late,-0.3088708780598667
19,0,C4,NONTARGET_CORRECT_REJECTION,0,,early,-1.1943229078841986
19,0,C4,NONTARGET_CORRECT_REJECTION,0,,late,0.41638995808642093
19,0,C6,NONTARGET_CORRECT_REJECTION,0,,early,-1.376189714534965
19,0,C6,NONTARGET_CORRECT_REJECTION,0,,late,-1.1322680998552812
19,0,C5,NONTARGET_CORRECT_REJECTION,0,,early,-3.9198420086287724
19,0,C5,NONTARGET_CORRECT_REJECTION,0,,late,-0.9809615158349787
19,0,C9,NONTARGET_CORRECT_REJECTION,0,,early,1.0447414279051754
19,0,C9,NONTARGET_CORRECT_REJECTION,0,,late,0.6217354306915427
19,0,C3,NONTARGET_CORRECT_REJECTION,0,,early,-5.167334707360298
19,0,C3,NONTARGET_CORRECT_REJECTION,0,,late,-1.553982165900001
19,0,C1,NONTARGET_CORRECT_REJECTION,0,,early,0.8913366744403041
19,0,C1,NONTARGET_CORRECT_REJECTION,0,,late,-1.1667770549594236
19,0,C7,NONTARGET_CORRECT_REJECTION,0,,early,-7.15137014695547
19,0,C7,NONTARGET_CORRECT_REJECTION,0,,late,0.745805770515794
19,0,C8,NONTARGET_CORRECT_REJECTION,0,,early,-0.1736815608484415
19,0,C8,NONTARGET_CORRECT_REJECTION,0,,late,1.9046963483011754
19,0,C8,NONTARGET_CORRECT_REJECTION,0,,early,-6.6066718058845435
19,0,C8,NONTARGET_CORRECT_REJECTION,0,,late,-1.6492891341806577
19,0,C5,NONTARGET_CORRECT_REJECTION,0,,early,-3.7877212126607827
19,0,C5,NONTARGET_CORRECT_REJECTION,0,,late,-2.077787661410439
19,0,C7,NONTARGET_CORRECT_REJECTION,0,,early,-4.241466439212022
19,0,C7,NONTARGET_CORRECT_REJECTION,0,,late,-2.773191395983757
19,0,C6,NONTARGET_CORRECT_REJECTION,0,,early,0.7944435602886587
19,0,C6,NONTARGET_CORRECT_REJECTION,0,,late,-3.2171158732867338
19,0,C1,NONTARGET_CORRECT_REJECTION,0,,early,-3.4827468660643737
19,0,C1,NONTARGET_CORRECT_REJECTION,0,,late,0.39178431321044077
19,0,C2,NONTARGET_CORRECT_REJECTION,0,,early,-3.8263361171080197
19,0,C2,NONTARGET_CORRECT_REJECTION,0,,late,-0.6537728858213849
19,0,C4,NONTARGET_CORRECT_REJECTION,0,,early,0.3106497738249357
19,0,C4,NONTARGET_CORRECT_REJECTION,0,,late,0.3379818004219515
19,0,C9,NONTARGET_CORRECT_REJECTION,0,,early,-0.5773905566508144
19,0,C9,NONTARGET_CORRECT_REJECTION,0,,late,0.9140443351963943
19,0,C3,NONTARGET_CORRECT_REJECTION,0,,early,-5.1557048082210635
19,0,C3,NONTARGET_CORRECT_REJECTION,0,,late,-1.915304718535787
19,0,C10,NONTARGET_CORRECT_REJECTION,0,,early,-3.0817440379911485
19,0,C10,NONTARGET_CORRECT_REJECTION,0,,late,0.2587037416634955
19,0,C9,NONTARGET_CORRECT_REJECTION,0,,early,-3.6709405636107295
19,0,C9,NONTARGET_CORRECT_REJECTION,0,,late,0.22933619515635884
19,0,C6,NONTARGET_CORRECT_REJECTION,0,,early,0.7256011321435717
19,0,C6,NONTARGET_CORRECT_REJECTION,0,,late,-0.6082590412068845
19,0,C2,NONTARGET_CORRECT_REJECTION,0,,early,-6.739604571285652
19,0,C2,NONTARGET_CORRECT_REJECTION,0,,late,0.442290750636409
19,0,C3,NONTARGET_CORRECT_REJECTION,0,,early,-4.610053153732565
19,0,C3,NONTARGET_CORRECT_REJECTION,0,,late,0.2016794408185917
19,0,C8,NONTARGET_CORRECT_REJECTION,0,,early,-0.6803211499928532
19,0,C8,NONTARGET_CORRECT_REJECTION,0,,late,0.98637603313437
19,0,C4,NONTARGET_CORRECT_REJECTION,0,,early,-2.389021464713105
19,0,C4,NONTARGET_CORRECT_REJECTION,0,,late,-0.24358912334282945
19,0,C1,NONTARGET_CORRECT_REJECTION,0,,early,-3.211330064037592
19,0,C1,NONTARGET_CORRECT_REJECTION,0,,late,-0.6404960948023272
19,0,C7,NONTARGET_CORRECT_REJECTION,0,,early,0.15403615352694422
19,0,C7,NONTARGET_CORRECT_REJECTION,0,,late,2.4362620409254543
19,0,C10,NONTARGET_CORRECT_REJECTION,0,,early,-1.5618488869192164
19,0,C10,NONTARGET_CORRECT_REJECTION,0,,late,-0.6977574566593624
19,0,C5,NONTARGET_CORRECT_REJECTION,0,,early,-3.660997152163484
19,0,C5,NONTARGET_CORRECT_REJECTION,0,,late,-2.454782783677361
19,0,C10,NONTARGET_CORRECT_REJECTION,0,,early,-1.6422902635077543
19,0,C10,NONTARGET_CORRECT_REJECTION,0,,late,1.1315387105194383
19,0,C9,NONTARGET_CORRECT_REJECTION,0,,early,-3.208215556816671
19,0,C9,NONTARGET_CORRECT_REJECTION,0,,late,-0.43751811553355213
19,0,C2,NONTARGET_CORRECT_REJECTION,0,,early,-4.453805904856663
19,0,C2,NONTARGET_CORRECT_REJECTION,0,,late,-0.1017355272563698
19,0,C8,NONTARGET_CORRECT_REJECTION,0,,early,-1.3778644571583174
19,0,C8,NONTARGET_CORRECT_REJECTION,0,,late,-0.1347589141329408
19,0,C7,NONTARGET_CORRECT_REJECTION,0,,early,-6.2982535363308365
19,0,C7,NONTARGET_CORRECT_REJECTION,0,,late,-0.9476442195632053
19,0,C6,NONTARGET_CORRECT_REJECTION,0,,early,-0.2720712648606988
19,0,C6,NONTARGET_CORRECT_REJECTION,0,,late,1.732105001954044
19,0,C5,NONTARGET_CORRECT_REJECTION,0,,early,-4.522298669850716
19,0,C5,NONTARGET_CORRECT_REJECTION,0,,late,-3.1521436760245445
19,0,C4,NONTARGET_CORRECT_REJECTION,0,,early,-4.022092611168013
19,0,C4,NONTARGET_CORRECT_REJECTION,0,,late,-0.5654261648603403
19,0,C3,NONTARGET_CORRECT_REJECTION,0,,early,-4.330330655098354
19,0,C3,NONTARGET_CORRECT_REJECTION,0,,late,-1.4415462117002094
19,0,C1,NONTARGET_CORRECT_REJECTION,0,,early,-1.8073914361691124
19,0,C1,NONTARGET_CORRECT_REJECTION,0,,late,-0.34785038625732834
19,0,C2,NONTARGET_CORRECT_REJECTION,0,,early,-4.462908129280548
19,0,C2,NONTARGET_CORRECT_REJECTION,0,,late,-0.03058855002505316
19,0,C9,NONTARGET_CORRECT_REJECTION,0,,early,-3.7274639753711587
19,0,C9,NONTARGET_CORRECT_REJECTION,0,,late,-1.9201538973032812
19,1,C6,NONTARGET_CORRECT_REJECTION,0,,early,1.6835083396547903
19,1,C6,NONTARGET_CORRECT_REJECTION,0,,late,0.38995993100528004
19,1,C1,NONTARGET_CORRECT_REJECTION,0,,early,5.6465905472444025
19,1,C1,NONTARGET_CORRECT_REJECTION,0,,late,3.0570322246157553
19,1,C4,NONTARGET_CORRECT_REJECTION,0,,early,1.046886262591221
19,1,C4,NONTARGET_CORRECT_REJECTION,0,,late,-0.6822903932870481
19,1,C3,NONTARGET_CORRECT_REJECTION,0,,early,6.769403395486502
19,1,C3,NONTARGET_CORRECT_REJECTION,0,,late,0.7268468258182977
19,1,C5,NONTARGET_CORRECT_REJECTION,0,,early,1.5995549329143794
19,1,C5,NONTARGET_CORRECT_REJECTION,0,,late,-3.9404526816048926
19,1,C8,NONTARGET_CORRECT_REJECTION,0,,early,-1.07063088356564
19,1,C8,NONTARGET_CORRECT_REJECTION,0,,late,-2.124253174467155
19,1,P2,NONTARGET_CORRECT_REJECTION,0,,early,-2.307816366937083
19,1,P2,NONTARGET_CORRECT_REJECTION,0,,late,-1.4722376369157197
19,1,C7,NONTARGET_CORRECT_REJECTION,0,,early,0.37037964189470496
19,1,C7,NONTARGET_CORRECT_REJECTION,0,,late,1.9389266615103313
19,1,C4,NONTARGET_CORRECT_REJECTION,0,,early,1.8936227800763157
19,1,C4,NONTARGET_CORRECT_REJECTION,0,,late,-5.0063459052599475
19,1,C3,NONTARGET_CORRECT_REJECTION,0,,early,2.60900148527783
19,1,C3,NONTARGET_CORRECT_REJECTION,0,,late,-2.208851461452798
19,1,C1,NONTARGET_CORRECT_REJECTION,0,,early,-3.9047805522865318
19,1,C1,NONTARGET_CORRECT_REJECTION,0,,late,-2.4159740222852824
19,1,C7,NONTARGET_CORRECT_REJECTION,0,,early,3.48535907379805
19,1,C7,NONTARGET_CORRECT_REJECTION,0,,late,-0.05856336226992311
19,1,C6,NONTARGET_CORRECT_REJECTION,0,,early,-1.0413259493162517
19,1,C6,NONTARGET_CORRECT_REJECTION,0,,late,-1.267501878844728
19,1,C5,NONTARGET_CORRECT_REJECTION,0,,early,6.387327045356908
19,1,C5,NONTARGET_CORRECT_REJECTION,0,,late,-0.7039471099811405
19,1,P2,NONTARGET_CORRECT_REJECTION,0,,early,2.093688526836657
19,1,P2,NONTARGET_CORRECT_REJECTION,0,,late,0.4228557004328811
19,1,C1,NONTARGET_CORRECT_REJECTION,0,,early,1.7647388993420985
19,1,C1,NONTARGET_CORRECT_REJECTION,0,,late,-3.1693881755163567
19,1,P4,NONTARGET_CORRECT_REJECTION,0,,early,-4.6361811602817005
19,1,P4,NONTARGET_CORRECT_REJECTION,0,,late,-1.5056617027988684
19,1,P1,NONTARGET_CORRECT_REJECTION,0,,early,6.03521404276248
19,1,P1,NONTARGET_CORRECT_REJECTION,0,,late,-5.126069875767483
19,1,C10,NONTARGET_CORRECT_REJECTION,0,,early,-2.6689625605415417
19,1,C10,NONTARGET_CORRECT_REJECTION,0,,late,-5.264127128908684
19,1,C3,NONTARGET_CORRECT_REJECTION,0,,early,-4.716884386319325
19,1,C3,NONTARGET_CORRECT_REJECTION,0,,late,-2.7870492743818707
19,1,C6,NONTARGET_CORRECT_REJECTION,0,,early,1.8489617312401914
19,1,C6,NONTARGET_CORRECT_REJECTION,0,,late,-3.363707920031962
19,1,C5,NONTARGET_CORRECT_REJECTION,0,,early,-4.567051247748049
19,1,C5,NONTARGET_CORRECT_REJECTION,0,,late,-3.2260499696141354
19,1,C10,NONTARGET_CORRECT_REJECTION,0,,early,-2.9389001666997383
19,1,C10,NONTARGET_CORRECT_REJECTION,0,,late,-1.3034388728785407
19,1,P4,NONTARGET_CORRECT_REJECTION,0,,early,-3.4345425606467543
19,1,P4,NONTARGET_CORRECT_REJECTION,0,,late,1.7806289360435372
19,1,P3,NONTARGET_CORRECT_REJECTION,0,,early,-1.88559881286079
19,1,P3,NONTARGET_CORRECT_REJECTION,0,,late,1.1754356418781193
19,1,C5,NONTARGET_CORRECT_REJECTION,0,,early,-1.2393026638999105
19,1,C5,NONTARGET_CORRECT_REJECTION,0,,late,-2.37191043448203
19,1,C2,NONTARGET_CORRECT_REJECTION,0,,early,-2.0616838653633067
19,1,C2,NONTARGET_CORRECT_REJECTION,0,,late,1.2479110602533279
19,1,C8,NONTARGET_CORRECT_REJECTION,0,,early,-3.946541112791996
19,1,C8,NONTARGET_CORRECT_REJECTION,0,,late,-2.2350773611788743
19,1,P3,NONTARGET_CORRECT_REJECTION,0,,early,6.295148274723554
19,1,P3,NONTARGET_CORRECT_REJECTION,0,,late,-0.05080166141582908
19,1,C9,NONTARGET_CORRECT_REJECTION,0,,early,-6.929495891784209
19,1,C9,NONTARGET_CORRECT_REJECTION,0,,late,-3.3328383445423646
19,1,C7,NONTARGET_CORRECT_REJECTION,0,,early,-5.331274776264298
19,1,C7,NONTARGET_CORRECT_REJECTION,0,,late,-3.065562178492965
19,1,C4,NONTARGET_CORRECT_REJECTION,0,,early,0.8481679469627168
19,1,C4,NONTARGET_CORRECT_REJECTION,0,,late,-1.7553924565148602
19,1,C2,NONTARGET_CORRECT_REJECTION,0,,early,-0.8274508093302957
19,1,C2,NONTARGET_CORRECT_REJECTION,0,,late,-1.7774338559279257
19,1,C10,NONTARGET_CORRECT_REJECTION,0,,early,-2.3009232392728527
19,1,C10,NONTARGET_CORRECT_REJECTION,0,,late,-1.3499377873992613
19,1,C1,NONTARGET_CORRECT_REJECTION,0,,early,-0.369826657236961
19,1,C1,NONTARGET_CORRECT_REJECTION,0,,late,0.886666629282239
19,1,C6,NONTARGET_CORRECT_REJECTION,0,,early,-0.775732235177666
19,1,C6,NONTARGET_CORRECT_REJECTION,0,,late,-0.7616513366379722
19,1,P4,NONTARGET_CORRECT_REJECTION,0,,early,-3.805996503779304
19,1,P4,NONTARGET_CORRECT_REJECTION,0,,late,0.2148354907267241
19,1,C8,NONTARGET_CORRECT_REJECTION,0,,early,-6.853736967371477
19,1,C8,NONTARGET_CORRECT_REJECTION,0,,late,-2.128577651912877
19,1,P2,NONTARGET_CORRECT_REJECTION,0,,early,-6.592204781783083
19,1,P2,NONTARGET_CORRECT_REJECTION,0,,late,-2.6358444774492384
19,1,C4,NONTARGET_CORRECT_REJECTION,0,,early,-3.1656171617640263
19,1,C4,NONTARGET_CORRECT_REJECTION,0,,late,-0.3650946376352704
19,1,C1,NONTARGET_CORRECT_REJECTION,0,,early,4.543661864805232
19,1,C1,NONTARGET_CORRECT_REJECTION,0,,late,-3.1339380824317615
19,1,C2,NONTARGET_CORRECT_REJECTION,0,,early,-1.19342059531854
19,1,C2,NONTARGET_CORRECT_REJECTION,0,,late,-1.1789067908852162
19,1,C6,NONTARGET_CORRECT_REJECTION,0,,early,-5.188515768824545
19,1,C6,NONTARGET_CORRECT_REJECTION,0,,late,-1.416098000611463
19,1,P4,NONTARGET_CORRECT_REJECTION,0,,early,3.272922434983166
19,1,P4,NONTARGET_CORRECT_REJECTION,0,,late,-0.7841237793546475
19,1,C3,NONTARGET_CORRECT_REJECTION,0,,early,2.1399623013762907
19,1,C3,NONTARGET_CORRECT_REJECTION,0,,late,-0.43911850931011503
19,1,P1,NONTARGET_CORRECT_REJECTION,0,,early,1.7625533693693498
19,1,P1,NONTARGET_CORRECT_REJECTION,0,,late,1.6542665564724008
19,1,C10,NONTARGET_CORRECT_REJECTION,0,,early,-2.212867895872353
19,1,C10,NONTARGET_CORRECT_REJECTION,0,,late,-3.121742859478994
19,1,C5,NONTARGET_CORRECT_REJECTION,0,,early,-3.6051017873960283
19,1,C5,NONTARGET_CORRECT_REJECTION,0,,late,-0.7616556947341897
19,1,C9,NONTARGET_CORRECT_REJECTION,0,,early,-5.394293827585529
19,1,C9,NONTARGET_CORRECT_REJECTION,0,,late,-0.20081024317625484
19,1,C7,NONTARGET_CORRECT_REJECTION,0,,early,-3.937357065078147
19,1,C7,NONTARGET_CORRECT_REJECTION,0,,late,-4.136575204499621
19,1,C4,NONTARGET_CORRECT_REJECTION,0,,early,-2.3432679781155494
19,1,C4,NONTARGET_CORRECT_REJECTION,0,,late,-3.219605983907812
19,1,P1,NONTARGET_CORRECT_REJECTION,0,,early,4.801026604870715
19,1,P1,NONTARGET_CORRECT_REJECTION,0,,late,1.7896714527758457
19,1,C6,NONTARGET_CORRECT_REJECTION,0,,early,-2.855317429298519
19,1,C6,NONTARGET_CORRECT_REJECTION,0,,late,-3.229129759597744
19,1,P4,NONTARGET_CORRECT_REJECTION,0,,early,-5.443421191180452
19,1,P4,NONTARGET_CORRECT_REJECTION,0,,late,-2.2173819017823337
19,1,P2,NONTARGET_CORRECT_REJECTION,0,,early,-4.015818626808871
19,1,P2,NONTARGET_CORRECT_REJECTION,0,,late,0.22433428108072856
19,1,C1,NONTARGET_CORRECT_REJECTION,0,,early,-1.3139590420301048
19,1,C1,NONTARGET_CORRECT_REJECTION,0,,late,-1.911449670812026
19,1,C8,NONTARGET_CORRECT_REJECTION,0,,early,-1.1905321363875556
19,1,C8,NONTARGET_CORRECT_REJECTION,0,,late,-0.712677478875694
19,1,C3,NONTARGET_CORRECT_REJECTION,0,,early,-3.421675402652758
19,1,C3,NONTARGET_CORRECT_REJECTION,0,,late,0.8103126084536132
19,1,C4,NONTARGET_CORRECT_REJECTION,0,,early,-3.1575934630791522
19,1,C4,NONTARGET_CORRECT_REJECTION,0,,late,-2.9698934274894815
19,1,C8,NONTARGET_CORRECT_REJECTION,0,,early,-6.621438623372222
19,1,C8,NONTARGET_CORRECT_REJECTION,0,,late,-2.3148622851712166
19,1,P2,NONTARGET_CORRECT_REJECTION,0,,early,-7.791297838512543
19,1,P2,NONTARGET_CORRECT_REJECTION,0,,late,-3.111727203481353
19,1,C5,NONTARGET_CORRECT_REJECTION,0,,early,-4.0236735824764605
19,1,C5,NONTARGET_CORRECT_REJECTION,0,,late,-1.3950812896732891
19,1,C6,NONTARGET_CORRECT_REJECTION,0,,early,-3.561446898768464
19,1,C6,NONTARGET_CORRECT_REJECTION,0,,late,0.10729745153885935
19,1,C2,NONTARGET_CORRECT_REJECTION,0,,early,-0.4049680290426393
19,1,C2,NONTARGET_CORRECT_REJECTION,0,,late,0.13370143440847512
19,1,P3,NONTARGET_CORRECT_REJECTION,0,,early,-3.5028379108104843
19,1,P3,NONTARGET_CORRECT_REJECTION,0,,late,0.0019285122363820583
19,1,C9,NONTARGET_CORRECT_REJECTION,0,,early,-5.313528407697457
19,1,C9,NONTARGET_CORRECT_REJECTION,0,,late,-3.323844076496921
19,1,C10,NONTARGET_CORRECT_REJECTION,0,,early,-4.162556097313726
19,1,C10,NONTARGET_CORRECT_REJECTION,0,,late,-1.0434795491368374
19,1,P4,NONTARGET_CORRECT_REJECTION,0,,early,-4.101861858675203
19,1,P4,NONTARGET_CORRECT_REJECTION,0,,late,-3.7672979710312378
19,1,C4,NONTARGET_CORRECT_REJECTION,0,,early,-1.7814439727185782
19,1,C4,NONTARGET_CORRECT_REJECTION,0,,late,-2.1377379558754384
19,2,C8,NONTARGET_CORRECT_REJECTION,0,,early,-4.84801413930337
19,2,C8,NONTARGET_CORRECT_REJECTION,0,,late,-1.581810353284349
19,2,P1,NONTARGET_CORRECT_REJECTION,0,,early,-1.687231382091066
19,2,P1,NONTARGET_CORRECT_REJECTION,0,,late,-1.735537716663249
19,2,P1,NONTARGET_CORRECT_REJECTION,0,,early,-2.181241098055443
19,2,P1,NONTARGET_CORRECT_REJECTION,0,,late,0.9339610573829757
19,2,C2,NONTARGET_CORRECT_REJECTION,0,,early,-6.275561862193422
19,2,C2,NONTARGET_CORRECT_REJECTION,0,,late,-2.1463961191475893
19,2,C1,NONTARGET_CORRECT_REJECTION,0,,early,-5.983850888989925
19,2,C1,NONTARGET_CORRECT_REJECTION,0,,late,-2.345590530306762
19,2,P3,NONTARGET_CORRECT_REJECTION,0,,early,-1.0875273306015152
19,2,P3,NONTARGET_CORRECT_REJECTION,0,,late,0.6324586248114373
19,2,C7,NONTARGET_CORRECT_REJECTION,0,,early,-5.13592068354904
19,2,C7,NONTARGET_CORRECT_REJECTION,0,,late,-3.3344813229644896
19,2,P1,NONTARGET_CORRECT_REJECTION,0,,early,-4.827454617040539
19,2,P1,NONTARGET_CORRECT_REJECTION,0,,late,0.00526783166724982
19,2,C9,NONTARGET_CORRECT_REJECTION,0,,early,-3.6797502250118113
19,2,C9,NONTARGET_CORRECT_REJECTION,0,,late,-1.5094608749279266
19,2,P4,NONTARGET_CORRECT_REJECTION,0,,early,-3.5285967891632093
19,2,P4,NONTARGET_CORRECT_REJECTION,0,,late,-1.7300576754487553
19,2,C6,NONTARGET_CORRECT_REJECTION,0,,early,-5.193070285591536
19,2,C6,NONTARGET_CORRECT_REJECTION,0,,late,-1.9797722217312332
19,2,C8,NONTARGET_CORRECT_REJECTION,0,,early,-6.485937724313435
19,2,C8,NONTARGET_CORRECT_REJECTION,0,,late,-2.0299027148754343
19,2,C5,NONTARGET_CORRECT_REJECTION,0,,early,-1.2292741922763297
19,2,C5,NONTARGET_CORRECT_REJECTION,0,,late,-2.2990044935941225
19,2,C3,NONTARGET_CORRECT_REJECTION,0,,early,-4.3861839267648675
19,2,C3,NONTARGET_CORRECT_REJECTION,0,,late,-2.4575719054093823
19,2,C1,NONTARGET_CORRECT_REJECTION,0,,early,-4.278649272039204
19,2,C1,NONTARGET_CORRECT_REJECTION,0,,late,-1.2647775746353496
19,2,P4,NONTARGET_CORRECT_REJECTION,0,,early,-1.0393661228528412
19,2,P4,NONTARGET_CORRECT_REJECTION,0,,late,-1.515050215059989
19,2,C8,NONTARGET_CORRECT_REJECTION,0,,early,-4.93365569773045
19,2,C8,NONTARGET_CORRECT_REJECTION,0,,late,-1.8478666702460387
19,2,C6,NONTARGET_CORRECT_REJECTION,0,,early,0.06836806470491676
19,2,C6,NONTARGET_CORRECT_REJECTION,0,,late,-2.101227062628559
19,2,C7,NONTARGET_CORRECT_REJECTION,0,,early,-1.4703346394457382
19,2,C7,NONTARGET_CORRECT_REJECTION,0,,late,-1.3787312114243695
19,2,C6,NONTARGET_FALSE_ALARM,1,345.5,early,-0.06621188705812077
19,2,C6,NONTARGET_FALSE_ALARM,1,345.5,late,-0.4144877477356827
19,2,C5,NONTARGET_CORRECT_REJECTION,0,,early,0.3850478070991779
19,2,C5,NONTARGET_CORRECT_REJECTION,0,,late,0.6846185453820596
19,2,C4,NONTARGET_CORRECT_REJECTION,0,,early,-4.777381743415907
19,2,C4,NONTARGET_CORRECT_REJECTION,0,,late,-0.9154275756634803
19,2,C1,NONTARGET_CORRECT_REJECTION,0,,early,-4.525916033923817
19,2,C1,NONTARGET_CORRECT_REJECTION,0,,late,-1.2546254738118976
19,2,C10,NONTARGET_CORRECT_REJECTION,0,,early,-3.4889398202183157
19,2,C10,NONTARGET_CORRECT_REJECTION,0,,late,-1.2412225650730482
19,2,P1,NONTARGET_CORRECT_REJECTION,0,,early,-2.2474198121876965
19,2,P1,NONTARGET_CORRECT_REJECTION,0,,late,-1.9953735430496558
19,2,C9,NONTARGET_CORRECT_REJECTION,0,,early,-3.506577667429588
19,2,C9,NONTARGET_CORRECT_REJECTION,0,,late,-0.6887071598425953
19,2,C5,NONTARGET_CORRECT_REJECTION,0,,early,-2.8218828295484113
19,2,C5,NONTARGET_CORRECT_REJECTION,0,,late,-3.3951214092544353
19,2,C4,NONTARGET_CORRECT_REJECTION,0,,early,-3.2370171201135047
19,2,C4,NONTARGET_CORRECT_REJECTION,0,,late,-2.2852000683734133
19,2,C8,NONTARGET_CORRECT_REJECTION,0,,early,-5.236435891355078
19,2,C8,NONTARGET_CORRECT_REJECTION,0,,late,0.7588888186428914
19,2,C10,NONTARGET_CORRECT_REJECTION,0,,early,-4.6926182563908725
19,2,C10,NONTARGET_CORRECT_REJECTION,0,,late,-3.6303203020984096
19,2,C1,NONTARGET_CORRECT_REJECTION,0,,early,0.05558039524254132
19,2,C1,NONTARGET_CORRECT_REJECTION,0,,late,-2.8331166721629195
19,2,P4,NONTARGET_CORRECT_REJECTION,0,,early,-4.562912747162065
19,2,P4,NONTARGET_CORRECT_REJECTION,0,,late,-3.242396175370329
19,2,P3,NONTARGET_CORRECT_REJECTION,0,,early,0.4176833775351936
19,2,P3,NONTARGET_CORRECT_REJECTION,0,,late,-0.8699774094060264
19,2,C3,NONTARGET_CORRECT_REJECTION,0,,early,-3.7560147195151403
19,2,C3,NONTARGET_CORRECT_REJECTION,0,,late,-0.9226366321066548
19,2,C7,NONTARGET_CORRECT_REJECTION,0,,early,-3.166396615127539
19,2,C7,NONTARGET_CORRECT_REJECTION,0,,late,-2.4695621070470026
19,2,C4,NONTARGET_CORRECT_REJECTION,0,,early,-4.614963587268718
19,2,C4,NONTARGET_CORRECT_REJECTION,0,,late,-0.9652416722254127
19,2,C10,NONTARGET_CORRECT_REJECTION,0,,early,-3.0469683896714437
19,2,C10,NONTARGET_CORRECT_REJECTION,0,,late,-0.28639292548867284
19,2,P4,NONTARGET_CORRECT_REJECTION,0,,early,-3.549507833621007
19,2,P4,NONTARGET_CORRECT_REJECTION,0,,late,-2.535617101987541
19,2,C6,NONTARGET_CORRECT_REJECTION,0,,early,-2.825178002198498
19,2,C6,NONTARGET_CORRECT_REJECTION,0,,late,-2.193777963861954
19,2,C8,NONTARGET_CORRECT_REJECTION,0,,early,-5.735785575794273
19,2,C8,NONTARGET_CORRECT_REJECTION,0,,late,-3.045372704961239
19,2,P1,NONTARGET_CORRECT_REJECTION,0,,early,-4.2135747615229135
19,2,P1,NONTARGET_CORRECT_REJECTION,0,,late,-1.428393533202708
19,2,C7,NONTARGET_CORRECT_REJECTION,0,,early,-0.310223275003193
19,2,C7,NONTARGET_CORRECT_REJECTION,0,,late,-0.7313742501707322
19,2,P3,NONTARGET_CORRECT_REJECTION,0,,early,-2.297928099682511
19,2,P3,NONTARGET_CORRECT_REJECTION,0,,late,-1.393559636218226
19,2,C9,NONTARGET_CORRECT_REJECTION,0,,early,-2.6801669492450424
19,2,C9,NONTARGET_CORRECT_REJECTION,0,,late,-2.1452595116411772
19,2,C5,NONTARGET_CORRECT_REJECTION,0,,early,-1.1229149753849808
19,2,C5,NONTARGET_CORRECT_REJECTION,0,,late,-1.0964752194636425
19,2,C3,NONTARGET_CORRECT_REJECTION,0,,early,-3.392066865887122
19,2,C3,NONTARGET_CORRECT_REJECTION,0,,late,1.7531409424116744
19,2,C4,NONTARGET_CORRECT_REJECTION,0,,early,-0.37631434699244376
19,2,C4,NONTARGET_CORRECT_REJECTION,0,,late,-3.3383574877999385
19,2,C2,NONTARGET_CORRECT_REJECTION,0,,early,-3.186916125002517
19,2,C2,NONTARGET_CORRECT_REJECTION,0,,late,-0.8821428989033508
19,2,C7,NONTARGET_CORRECT_REJECTION,0,,early,-3.7674903836805056
19,2,C7,NONTARGET_CORRECT_REJECTION,0,,late,-3.1322465177195324
19,2,C6,NONTARGET_CORRECT_REJECTION,0,,early,-4.126884734992306
19,2,C6,NONTARGET_CORRECT_REJECTION,0,,late,-2.445229564258698
19,2,C5,NONTARGET_CORRECT_REJECTION,0,,early,-3.553208129192304
19,2,C5,NONTARGET_CORRECT_REJECTION,0,,late,-1.3371497915647454
19,2,C3,NONTARGET_CORRECT_REJECTION,0,,early,1.0417055227082206
19,2,C3,NONTARGET_CORRECT_REJECTION,0,,late,-0.6566610366014074
19,2,P1,NONTARGET_CORRECT_REJECTION,0,,early,-3.6265965470515193
19,2,P1,NONTARGET_CORRECT_REJECTION,0,,late,-2.3799018623781087
19,2,P4,NONTARGET_CORRECT_REJECTION,0,,early,-2.8814785378439183
19,2,P4,NONTARGET_CORRECT_REJECTION,0,,late,-1.3183793102445631
19,2,C10,NONTARGET_CORRECT_REJECTION,0,,early,-1.0350380733077602
19,2,C10,NONTARGET_CORRECT_REJECTION,0,,late,-2.1049695580736847
19,2,C1,NONTARGET_CORRECT_REJECTION,0,,early,-5.5085592174965985
19,2,C1,NONTARGET_CORRECT_REJECTION,0,,late,-0.7701805052475345
19,2,P2,NONTARGET_CORRECT_REJECTION,0,,early,0.6713688733856622
19,2,P2,NONTARGET_CORRECT_REJECTION,0,,late,-1.8921691669181588
19,2,C1,NONTARGET_CORRECT_REJECTION,0,,early,-3.3701788695298864
19,2,C1,NONTARGET_CORRECT_REJECTION,0,,late,-2.524060806105517
19,2,C9,NONTARGET_CORRECT_REJECTION,0,,early,-1.8891945526751255
19,2,C9,NONTARGET_CORRECT_REJECTION,0,,late,-2.186731360520846
19,2,C8,NONTARGET_CORRECT_REJECTION,0,,early,-5.562630246113624
19,2,C8,NONTARGET_CORRECT_REJECTION,0,,late,-2.7523331403735196
19,2,P1,NONTARGET_CORRECT_REJECTION,0,,early,-3.56984764718615
19,2,P1,NONTARGET_CORRECT_REJECTION,0,,late,-1.4938588673223148
19,2,C7,NONTARGET_CORRECT_REJECTION,0,,early,0.46533219163736
19,2,C7,NONTARGET_CORRECT_REJECTION,0,,late,-0.47201676471934195
19,2,C10,NONTARGET_CORRECT_REJECTION,0,,early,-4.539703680337785
19,2,C10,NONTARGET_CORRECT_REJECTION,0,,late,-2.213524426363684
19,2,C4,NONTARGET_CORRECT_REJECTION,0,,early,-6.064557737762213
19,2,C4,NONTARGET_CORRECT_REJECTION,0,,late,-3.636171765111493
19,2,C3,NONTARGET_CORRECT_REJECTION,0,,early,-4.077821424166991
19,2,C3,NONTARGET_CORRECT_REJECTION,0,,late,-2.76981309450689
19,2,P2,NONTARGET_CORRECT_REJECTION,0,,early,-3.9035380928108756
19,2,P2,NONTARGET_CORRECT_REJECTION,0,,late,-0.7196513166220712
19,2,C5,NONTARGET_CORRECT_REJECTION,0,,early,-5.663933146437073
19,2,C5,NONTARGET_CORRECT_REJECTION,0,,late,-1.645932456012481
19,2,C2,NONTARGET_CORRECT_REJECTION,0,,early,-0.6724863649280759
19,2,C2,NONTARGET_CORRECT_REJECTION,0,,late,-2.8930441262262945
19,2,C9,NONTARGET_CORRECT_REJECTION,0,,early,-3.837549570793352
19,2,C9,NONTARGET_CORRECT_REJECTION,0,,late,-3.1547156684294166
22,0,C8,NONTARGET_CORRECT_REJECTION,0,,early,-2.1106555698481984
22,0,C8,NONTARGET_CORRECT_REJECTION,0,,late,-2.125879582210827
22,0,C9,NONTARGET_CORRECT_REJECTION,0,,early,-1.2821344973058946
22,0,C9,NONTARGET_CORRECT_REJECTION,0,,late,-3.0130127132551165
22,0,C5,NONTARGET_CORRECT_REJECTION,0,,early,0.5409739800920005
22,0,C5,NONTARGET_CORRECT_REJECTION,0,,late,0.9175965365564382
22,0,C10,NONTARGET_CORRECT_REJECTION,0,,early,-4.259351360685377
22,0,C10,NONTARGET_CORRECT_REJECTION,0,,late,-1.3546212005394809
22,0,C7,NONTARGET_CORRECT_REJECTION,0,,early,-2.0559196854962423
22,0,C7,NONTARGET_CORRECT_REJECTION,0,,late,-2.4157315650375373
22,0,C1,NONTARGET_CORRECT_REJECTION,0,,early,2.62710124514225
22,0,C1,NONTARGET_CORRECT_REJECTION,0,,late,-2.9605975207852757
22,0,C4,NONTARGET_CORRECT_REJECTION,0,,early,-6.555333181346142
22,0,C4,NONTARGET_CORRECT_REJECTION,0,,late,-3.5581056041816486
22,0,C6,NONTARGET_CORRECT_REJECTION,0,,early,-0.747197765723504
22,0,C6,NONTARGET_CORRECT_REJECTION,0,,late,1.619238434043353
22,0,C2,NONTARGET_CORRECT_REJECTION,0,,early,-1.8391363687193971
22,0,C2,NONTARGET_CORRECT_REJECTION,0,,late,-0.8914387863166187
22,0,C3,NONTARGET_CORRECT_REJECTION,0,,early,1.7570202751738182
22,0,C3,NONTARGET_CORRECT_REJECTION,0,,late,-0.6938648933264318
22,0,C8,NONTARGET_CORRECT_REJECTION,0,,early,-1.8984251648307955
22,0,C8,NONTARGET_CORRECT_REJECTION,0,,late,1.3037652853976314
22,0,C6,NONTARGET_CORRECT_REJECTION,0,,early,-3.438938456658519
22,0,C6,NONTARGET_CORRECT_REJECTION,0,,late,1.8775307182025767
22,0,C3,NONTARGET_CORRECT_REJECTION,0,,early,1.6146593171888797
22,0,C3,NONTARGET_CORRECT_REJECTION,0,,late,3.5100880493565896
22,0,C7,NONTARGET_CORRECT_REJECTION,0,,early,-1.0520889810618543
22,0,C7,NONTARGET_CORRECT_REJECTION,0,,late,-0.4136641558877725
22,0,C9,NONTARGET_CORRECT_REJECTION,0,,early,-2.5597522650646662
22,0,C9,NONTARGET_CORRECT_REJECTION,0,,late,-0.28507700902626093
22,0,C4,NONTARGET_CORRECT_REJECTION,0,,early,-1.5756037154641103
22,0,C4,NONTARGET_CORRECT_REJECTION,0,,late,-1.876036396216107
22,0,C5,NONTARGET_CORRECT_REJECTION,0,,early,-0.7283695338065638
22,0,C5,NONTARGET_CORRECT_REJECTION,0,,late,-0.9942712830950985
22,0,C1,NONTARGET_CORRECT_REJECTION,0,,early,4.178265106857017
22,0,C1,NONTARGET_CORRECT_REJECTION,0,,late,-0.44653422071904125
22,0,C10,NONTARGET_CORRECT_REJECTION,0,,early,0.21305619356361744
22,0,C10,NONTARGET_CORRECT_REJECTION,0,,late,-1.285937484737935
22,0,C2,NONTARGET_CORRECT_REJECTION,0,,early,-3.4544569351724426
22,0,C2,NONTARGET_CORRECT_REJECTION,0,,late,1.9473034669768112
22,0,C1,NONTARGET_CORRECT_REJECTION,0,,early,0.7411112210079077
22,0,C1,NONTARGET_CORRECT_REJECTION,0,,late,1.9627085765282823
22,0,C2,NONTARGET_CORRECT_REJECTION,0,,early,1.7703589617145497
22,0,C2,NONTARGET_CORRECT_REJECTION,0,,late,-1.8698881031291104
22,0,C7,NONTARGET_CORRECT_REJECTION,0,,early,-2.395683728299623
22,0,C7,NONTARGET_CORRECT_REJECTION,0,,late,-1.0948590644815341
22,0,C3,NONTARGET_CORRECT_REJECTION,0,,early,-3.0794632906505295
22,0,C3,NONTARGET_CORRECT_REJECTION,0,,late,-0.7230197225426319
22,0,C9,NONTARGET_CORRECT_REJECTION,0,,early,-3.7858350303477417
22,0,C9,NONTARGET_CORRECT_REJECTION,0,,late,0.1037096298452069
22,0,C8,NONTARGET_CORRECT_REJECTION,0,,early,-2.3341316468417626
22,0,C8,NONTARGET_CORRECT_REJECTION,0,,late,1.4842941446218856
22,0,C6,NONTARGET_CORRECT_REJECTION,0,,early,-3.5293519872142283
22,0,C6,NONTARGET_CORRECT_REJECTION,0,,late,-1.3254763087195498
22,0,C10,NONTARGET_CORRECT_REJECTION,0,,early,-3.726288054518317
22,0,C10,NONTARGET_CORRECT_REJECTION,0,,late,-0.7594387445135221
22,0,C5,NONTARGET_CORRECT_REJECTION,0,,early,-0.8790598007144819
22,0,C5,NONTARGET_CORRECT_REJECTION,0,,late,2.019665239634668
22,0,C4,NONTARGET_CORRECT_REJECTION,0,,early,0.26624274484436994
22,0,C4,NONTARGET_CORRECT_REJECTION,0,,late,-0.7816185819253969
22,0,C10,NONTARGET_CORRECT_REJECTION,0,,early,-4.775652526128908
22,0,C10,NONTARGET_CORRECT_REJECTION,0,,late,-0.8181411531962417
22,0,C2,NONTARGET_CORRECT_REJECTION,0,,early,1.472274125143928
22,0,C2,NONTARGET_CORRECT_REJECTION,0,,late,2.8740715361498976
22,0,C4,NONTARGET_CORRECT_REJECTION,0,,early,0.28904140136461937
22,0,C4,NONTARGET_CORRECT_REJECTION,0,,late,-0.5406436196561578
22,0,C6,NONTARGET_CORRECT_REJECTION,0,,early,-5.868607815086028
22,0,C6,NONTARGET_CORRECT_REJECTION,0,,late,-1.9451662783157855
22,0,C5,NONTARGET_CORRECT_REJECTION,0,,early,-5.484407209199351
22,0,C5,NONTARGET_CORRECT_REJECTION,0,,late,-2.0181986405944783
22,0,C9,NONTARGET_CORRECT_REJECTION,0,,early,2.316115102990176
22,0,C9,NONTARGET_CORRECT_REJECTION,0,,late,-1.7173194363398145
22,0,C3,NONTARGET_CORRECT_REJECTION,0,,early,-1.5463291598631195
22,0,C3,NONTARGET_CORRECT_REJECTION,0,,late,0.8376780472819594
22,0,C1,NONTARGET_CORRECT_REJECTION,0,,early,-2.0557614300807114
22,0,C1,NONTARGET_CORRECT_REJECTION,0,,late,0.4575694226140005
22,0,C7,NONTARGET_CORRECT_REJECTION,0,,early,-3.479584845274938
22,0,C7,NONTARGET_CORRECT_REJECTION,0,,late,-3.6761968377597922
22,0,C8,NONTARGET_CORRECT_REJECTION,0,,early,-0.9247268540824648
22,0,C8,NONTARGET_CORRECT_REJECTION,0,,late,-2.0763931860975657
22,0,C8,NONTARGET_CORRECT_REJECTION,0,,early,-2.5587541726532
22,0,C8,NONTARGET_CORRECT_REJECTION,0,,late,-1.5775789092611254
22,0,C5,NONTARGET_CORRECT_REJECTION,0,,early,1.8667587550860276
22,0,C5,NONTARGET_CORRECT_REJECTION,0,,late,-1.000661178764608
22,0,C7,NONTARGET_CORRECT_REJECTION,0,,early,1.9140922684452981
22,0,C7,NONTARGET_CORRECT_REJECTION,0,,late,-0.35282896958002824
22,0,C6,NONTARGET_CORRECT_REJECTION,0,,early,3.8149843592197876
22,0,C6,NONTARGET_CORRECT_REJECTION,0,,late,0.36408809276766607
22,0,C2,NONTARGET_CORRECT_REJECTION,0,,early,1.4377985658339403
22,0,C2,NONTARGET_CORRECT_REJECTION,0,,late,-0.22047798849021788
22,0,C4,NONTARGET_CORRECT_REJECTION,0,,early,0.7856695105818212
22,0,C4,NONTARGET_CORRECT_REJECTION,0,,late,-2.158276161323724
22,0,C9,NONTARGET_CORRECT_REJECTION,0,,early,0.6300176126748291
22,0,C9,NONTARGET_CORRECT_REJECTION,0,,late,-3.158555693675539
22,0,C3,NONTARGET_CORRECT_REJECTION,0,,early,-3.5732847711191607
22,0,C3,NONTARGET_CORRECT_REJECTION,0,,late,-2.3863746517509017
22,0,C10,NONTARGET_CORRECT_REJECTION,0,,early,-0.30450797224230414
22,0,C10,NONTARGET_CORRECT_REJECTION,0,,late,-2.225767576163843
22,0,C9,NONTARGET_CORRECT_REJECTION,0,,early,-2.4869444777845002
22,0,C9,NONTARGET_CORRECT_REJECTION,0,,late,-1.4763394951845328
22,0,C6,NONTARGET_CORRECT_REJECTION,0,,early,-1.369295241753568
22,0,C6,NONTARGET_CORRECT_REJECTION,0,,late,0.5247581042047184
22,0,C2,NONTARGET_CORRECT_REJECTION,0,,early,-0.5877572889342788
22,0,C2,NONTARGET_CORRECT_REJECTION,0,,late,-2.3916368404726156
22,0,C3,NONTARGET_CORRECT_REJECTION,0,,early,-1.192237420482753
22,0,C3,NONTARGET_CORRECT_REJECTION,0,,late,-1.435291294952561
22,0,C8,NONTARGET_CORRECT_REJECTION,0,,early,1.4509501395316362
22,0,C8,NONTARGET_CORRECT_REJECTION,0,,late,-3.090624870385519
22,0,C7,NONTARGET_CORRECT_REJECTION,0,,early,0.5436992494713188
22,0,C7,NONTARGET_CORRECT_REJECTION,0,,late,-1.1918137415222279
22,0,C10,NONTARGET_CORRECT_REJECTION,0,,early,-4.055290672925521
22,0,C10,NONTARGET_CORRECT_REJECTION,0,,late,-1.987688874310603
22,0,C5,NONTARGET_CORRECT_REJECTION,0,,early,-2.030505022267779
22,0,C5,NONTARGET_CORRECT_REJECTION,0,,late,-2.6389069696396428
22,0,C10,NONTARGET_CORRECT_REJECTION,0,,early,-3.7857668244952953
22,0,C10,NONTARGET_CORRECT_REJECTION,0,,late,0.4173297993270043
22,0,C9,NONTARGET_CORRECT_REJECTION,0,,early,-2.3376553987930064
22,0,C9,NONTARGET_CORRECT_REJECTION,0,,late,-1.924124589781536
22,0,C2,NONTARGET_CORRECT_REJECTION,0,,early,-0.07589624771118182
22,0,C2,NONTARGET_CORRECT_REJECTION,0,,late,-1.1245998979143335
22,0,C8,NONTARGET_CORRECT_REJECTION,0,,early,-1.2824830802638085
22,0,C8,NONTARGET_CORRECT_REJECTION,0,,late,-1.866953649838558
22,0,C7,NONTARGET_CORRECT_REJECTION,0,,early,-1.8778731168542249
22,0,C7,NONTARGET_CORRECT_REJECTION,0,,late,-3.719474257116462
22,0,C6,NONTARGET_CORRECT_REJECTION,0,,early,-4.496884308214841
22,0,C6,NONTARGET_CORRECT_REJECTION,0,,late,-3.143095798325808
22,0,C5,NONTARGET_CORRECT_REJECTION,0,,early,4.152319529495711
22,0,C5,NONTARGET_CORRECT_REJECTION,0,,late,0.8315884471503114
22,0,C4,NONTARGET_CORRECT_REJECTION,0,,early,-3.8836919008788056
22,0,C4,NONTARGET_CORRECT_REJECTION,0,,late,3.0682204561051813
22,0,C3,NONTARGET_CORRECT_REJECTION,0,,early,-5.415972422406921
22,0,C3,NONTARGET_CORRECT_REJECTION,0,,late,0.8254115807496898
22,0,C1,NONTARGET_CORRECT_REJECTION,0,,early,2.1374834614549325
22,0,C1,NONTARGET_CORRECT_REJECTION,0,,late,-1.2084983839595582
22,0,C2,NONTARGET_CORRECT_REJECTION,0,,early,-2.832432966739432
22,0,C2,NONTARGET_CORRECT_REJECTION,0,,late,-0.805060525367347
22,0,C9,NONTARGET_CORRECT_REJECTION,0,,early,1.703308180741055
22,0,C9,NONTARGET_CORRECT_REJECTION,0,,late,0.8391568854017453
22,1,C1,NONTARGET_CORRECT_REJECTION,0,,early,1.1885445243132104
22,1,C1,NONTARGET_CORRECT_REJECTION,0,,late,-1.1050932257825827
22,1,C4,NONTARGET_CORRECT_REJECTION,0,,early,1.032810881019849
22,1,C4,NONTARGET_CORRECT_REJECTION,0,,late,-0.16967010607356542
22,1,C3,NONTARGET_CORRECT_REJECTION,0,,early,-3.0047562268768844
22,1,C3,NONTARGET_CORRECT_REJECTION,0,,late,-1.998911327319817
22,1,C5,NONTARGET_CORRECT_REJECTION,0,,early,-2.6465943584193603
22,1,C5,NONTARGET_CORRECT_REJECTION,0,,late,-2.860707967207129
22,1,C8,NONTARGET_CORRECT_REJECTION,0,,early,0.6293686238528384
22,1,C8,NONTARGET_CORRECT_REJECTION,0,,late,-1.8768880980503544
22,1,P2,NONTARGET_CORRECT_REJECTION,0,,early,-1.3235730642145558
22,1,P2,NONTARGET_CORRECT_REJECTION,0,,late,-1.915198151962188
22,1,C7,NONTARGET_CORRECT_REJECTION,0,,early,-1.7400281401579618
22,1,C7,NONTARGET_CORRECT_REJECTION,0,,late,-2.361807117693947
22,1,C4,NONTARGET_CORRECT_REJECTION,0,,early,-0.5391743748121304
22,1,C4,NONTARGET_CORRECT_REJECTION,0,,late,-1.847256387241468
22,1,C3,NONTARGET_CORRECT_REJECTION,0,,early,-2.074390071562193
22,1,C3,NONTARGET_CORRECT_REJECTION,0,,late,-1.6292931031061448
22,1,C1,NONTARGET_CORRECT_REJECTION,0,,early,1.9140445128092505
22,1,C1,NONTARGET_CORRECT_REJECTION,0,,late,1.844401260975673
22,1,C7,NONTARGET_CORRECT_REJECTION,0,,early,-1.1592562081095783
22,1,C7,NONTARGET_CORRECT_REJECTION,0,,late,-1.1735265286921854
22,1,C5,NONTARGET_CORRECT_REJECTION,0,,early,1.3792658636756052
22,1,C5,NONTARGET_CORRECT_REJECTION,0,,late,-0.0022268604373290334
22,1,P2,NONTARGET_CORRECT_REJECTION,0,,early,-0.47290790178461817
22,1,P2,NONTARGET_CORRECT_REJECTION,0,,late,-0.7212021298690267
22,1,C1,NONTARGET_CORRECT_REJECTION,0,,early,5.263657476921481
22,1,C1,NONTARGET_CORRECT_REJECTION,0,,late,0.28014891131267855
22,1,P4,NONTARGET_CORRECT_REJECTION,0,,early,0.9198239622012634
22,1,P4,NONTARGET_CORRECT_REJECTION,0,,late,-2.4025853825005896
22,1,P1,NONTARGET_CORRECT_REJECTION,0,,early,0.35911468281665065
22,1,P1,NONTARGET_CORRECT_REJECTION,0,,late,-2.3194727006511733
22,1,C10,NONTARGET_CORRECT_REJECTION,0,,early,-3.1576624691520556
22,1,C10,NONTARGET_CORRECT_REJECTION,0,,late,1.2009352526702477
22,1,C3,NONTARGET_CORRECT_REJECTION,0,,early,-3.6933350804865754
22,1,C3,NONTARGET_CORRECT_REJECTION,0,,late,-0.6943977903271553
22,1,C6,NONTARGET_CORRECT_REJECTION,0,,early,-3.048253449785563
22,1,C6,NONTARGET_CORRECT_REJECTION,0,,late,1.5839081407763103
22,1,C5,NONTARGET_CORRECT_REJECTION,0,,early,-1.886535031748696
22,1,C5,NONTARGET_CORRECT_REJECTION,0,,late,-1.2433605045478733
22,1,C10,NONTARGET_CORRECT_REJECTION,0,,early,-3.061438177461942
22,1,C10,NONTARGET_CORRECT_REJECTION,0,,late,-2.1230017205390235
22,1,P4,NONTARGET_CORRECT_REJECTION,0,,early,2.842618612773545
22,1,P4,NONTARGET_CORRECT_REJECTION,0,,late,0.38008098493298453
22,1,P3,NONTARGET_CORRECT_REJECTION,0,,early,-4.682440829417236
22,1,P3,NONTARGET_CORRECT_REJECTION,0,,late,-1.4353226076618204
22,1,C5,NONTARGET_CORRECT_REJECTION,0,,early,-1.353897149659531
22,1,C5,NONTARGET_CORRECT_REJECTION,0,,late,1.6906813775663323
22,1,C2,NONTARGET_CORRECT_REJECTION,0,,early,1.4493095436631807
22,1,C2,NONTARGET_CORRECT_REJECTION,0,,late,-2.2396986628718603
22,1,P4,NONTARGET_CORRECT_REJECTION,0,,early,3.0631393268987597
22,1,P4,NONTARGET_CORRECT_REJECTION,0,,late,0.4632021238931578
22,1,C8,NONTARGET_CORRECT_REJECTION,0,,early,-4.677905905801091
22,1,C8,NONTARGET_CORRECT_REJECTION,0,,late,-2.546130193889321
22,1,P3,NONTARGET_CORRECT_REJECTION,0,,early,-4.932436812732081
22,1,P3,NONTARGET_CORRECT_REJECTION,0,,late,-0.21451025316420547
22,1,C9,NONTARGET_CORRECT_REJECTION,0,,early,0.12665271571483688
22,1,C9,NONTARGET_CORRECT_REJECTION,0,,late,-0.763785752239636
22,1,C7,NONTARGET_CORRECT_REJECTION,0,,early,3.269363375037139
22,1,C7,NONTARGET_CORRECT_REJECTION,0,,late,-0.5041121425795418
22,1,C4,NONTARGET_CORRECT_REJECTION,0,,early,3.192172657160093
22,1,C4,NONTARGET_CORRECT_REJECTION,0,,late,-0.14789846150450658
22,1,C2,NONTARGET_CORRECT_REJECTION,0,,early,2.809615383265231
22,1,C2,NONTARGET_CORRECT_REJECTION,0,,late,-1.9637896562166262
22,1,C10,NONTARGET_CORRECT_REJECTION,0,,early,-1.6990463871613437
22,1,C10,NONTARGET_CORRECT_REJECTION,0,,late,-3.7139239116516487
22,1,C1,NONTARGET_CORRECT_REJECTION,0,,early,-2.3802963317445562
22,1,C1,NONTARGET_CORRECT_REJECTION,0,,late,-2.1511365016067225
22,1,C6,NONTARGET_CORRECT_REJECTION,0,,early,-3.310832536062959
22,1,C6,NONTARGET_CORRECT_REJECTION,0,,late,-1.264837473545345
22,1,P4,NONTARGET_CORRECT_REJECTION,0,,early,-3.2983800137611876
22,1,P4,NONTARGET_CORRECT_REJECTION,0,,late,-1.5859298897706455
22,1,C8,NONTARGET_CORRECT_REJECTION,0,,early,-3.5899823398800814
22,1,C8,NONTARGET_CORRECT_REJECTION,0,,late,-1.935262506204263
22,1,P2,NONTARGET_CORRECT_REJECTION,0,,early,-1.7846421793464662
22,1,P2,NONTARGET_CORRECT_REJECTION,0,,late,-0.43275772449315564
22,1,C4,NONTARGET_CORRECT_REJECTION,0,,early,1.2690845877632435
22,1,C4,NONTARGET_CORRECT_REJECTION,0,,late,-1.5490612227911418
22,1,C1,NONTARGET_CORRECT_REJECTION,0,,early,1.8448671951023692
22,1,C1,NONTARGET_CORRECT_REJECTION,0,,late,0.3491274418501688
22,1,C2,NONTARGET_CORRECT_REJECTION,0,,early,-1.5169753913773334
22,1,C2,NONTARGET_CORRECT_REJECTION,0,,late,1.4824484172419636
22,1,C6,NONTARGET_CORRECT_REJECTION,0,,early,-1.5199185344923762
22,1,C6,NONTARGET_CORRECT_REJECTION,0,,late,-0.8672681490059726
22,1,P4,NONTARGET_CORRECT_REJECTION,0,,early,-4.676924379266398
22,1,P4,NONTARGET_CORRECT_REJECTION,0,,late,-0.9085002084960438
22,1,C3,NONTARGET_CORRECT_REJECTION,0,,early,3.2363469817595005
22,1,C3,NONTARGET_CORRECT_REJECTION,0,,late,0.06453462025093429
22,1,P1,NONTARGET_CORRECT_REJECTION,0,,early,-1.9522637767012534
22,1,P1,NONTARGET_CORRECT_REJECTION,0,,late,-0.21097228366047963
22,1,C10,NONTARGET_CORRECT_REJECTION,0,,early,2.5825020067358584
22,1,C10,NONTARGET_CORRECT_REJECTION,0,,late,1.2312893679528067
22,1,C5,NONTARGET_CORRECT_REJECTION,0,,early,-3.659692064507674
22,1,C5,NONTARGET_CORRECT_REJECTION,0,,late,-3.0800797131067132
22,1,C9,NONTARGET_CORRECT_REJECTION,0,,early,1.554978444540645
22,1,C9,NONTARGET_CORRECT_REJECTION,0,,late,-1.628749184671953
22,1,C7,NONTARGET_CORRECT_REJECTION,0,,early,1.7376897158973115
22,1,C7,NONTARGET_CORRECT_REJECTION,0,,late,-1.3093597728657598
22,1,C4,NONTARGET_CORRECT_REJECTION,0,,early,-2.631373930377811
22,1,C4,NONTARGET_CORRECT_REJECTION,0,,late,-1.6259060475857612
22,1,P1,NONTARGET_CORRECT_REJECTION,0,,early,-3.0043427577881237
22,1,P1,NONTARGET_CORRECT_REJECTION,0,,late,-0.10638625861116875
22,1,C6,NONTARGET_CORRECT_REJECTION,0,,early,1.157564214857106
22,1,C6,NONTARGET_CORRECT_REJECTION,0,,late,-1.2370603086503873
22,1,P4,NONTARGET_CORRECT_REJECTION,0,,early,2.813272988693005
22,1,P4,NONTARGET_CORRECT_REJECTION,0,,late,2.3937700059457208
22,1,P2,NONTARGET_CORRECT_REJECTION,0,,early,-2.2440334424068045
22,1,P2,NONTARGET_CORRECT_REJECTION,0,,late,0.6855817554093946
22,1,C1,NONTARGET_CORRECT_REJECTION,0,,early,-2.764056357085662
22,1,C1,NONTARGET_CORRECT_REJECTION,0,,late,-0.7535847597625495
22,1,C8,NONTARGET_CORRECT_REJECTION,0,,early,-0.9583415386013352
22,1,C8,NONTARGET_CORRECT_REJECTION,0,,late,0.39457481555829976
22,1,C3,NONTARGET_CORRECT_REJECTION,0,,early,0.2787536628463004
22,1,C3,NONTARGET_CORRECT_REJECTION,0,,late,-0.7887580784034681
22,1,C4,NONTARGET_CORRECT_REJECTION,0,,early,-2.4106321760383915
22,1,C4,NONTARGET_CORRECT_REJECTION,0,,late,-0.5507903016465702
22,1,C8,NONTARGET_CORRECT_REJECTION,0,,early,-1.9948183608716739
22,1,C8,NONTARGET_CORRECT_REJECTION,0,,late,-1.0737922995048355
22,1,P2,NONTARGET_CORRECT_REJECTION,0,,early,-3.3951010501344956
22,1,P2,NONTARGET_CORRECT_REJECTION,0,,late,-2.783971998426977
22,1,C5,NONTARGET_CORRECT_REJECTION,0,,early,-5.4620674645723675
22,1,C5,NONTARGET_CORRECT_REJECTION,0,,late,-2.9058331884111217
22,1,C6,NONTARGET_CORRECT_REJECTION,0,,early,-1.799310626552456
22,1,C6,NONTARGET_CORRECT_REJECTION,0,,late,-0.5107816001560365
22,1,C2,NONTARGET_CORRECT_REJECTION,0,,early,-3.2417778149845926
22,1,C2,NONTARGET_CORRECT_REJECTION,0,,late,-1.219878948122834
22,1,P3,NONTARGET_CORRECT_REJECTION,0,,early,2.147258770655338
22,1,P3,NONTARGET_CORRECT_REJECTION,0,,late,-1.506638456425734
22,1,C9,NONTARGET_CORRECT_REJECTION,0,,early,-5.643208007972608
22,1,C9,NONTARGET_CORRECT_REJECTION,0,,late,-3.2848259474925205
22,1,C10,NONTARGET_CORRECT_REJECTION,0,,early,-3.4004300318268488
22,1,C10,NONTARGET_CORRECT_REJECTION,0,,late,-0.5250737315519782
22,1,P4,NONTARGET_CORRECT_REJECTION,0,,early,-2.5867083597545686
22,1,P4,NONTARGET_CORRECT_REJECTION,0,,late,-1.650577220022054
22,1,C7,NONTARGET_CORRECT_REJECTION,0,,early,-3.416439828056158
22,1,C7,NONTARGET_CORRECT_REJECTION,0,,late,-2.524433430609585
22,1,C5,NONTARGET_CORRECT_REJECTION,0,,early,-1.257254225750881
22,1,C5,NONTARGET_CORRECT_REJECTION,0,,late,-3.5984375775029123
22,1,C6,NONTARGET_CORRECT_REJECTION,0,,early,0.5805190629769894
22,1,C6,NONTARGET_CORRECT_REJECTION,0,,late,-0.793277815251315
22,1,C4,NONTARGET_CORRECT_REJECTION,0,,early,-3.777471763741727
22,1,C4,NONTARGET_CORRECT_REJECTION,0,,late,-5.309085474996628
22,2,C3,NONTARGET_CORRECT_REJECTION,0,,early,0.43958920676655605
22,2,C3,NONTARGET_CORRECT_REJECTION,0,,late,-0.7257015696442697
22,2,C5,NONTARGET_CORRECT_REJECTION,0,,early,-0.90343453374649
22,2,C5,NONTARGET_CORRECT_REJECTION,0,,late,-0.5354652142621533
22,2,C8,NONTARGET_CORRECT_REJECTION,0,,early,1.2807381333127663
22,2,C8,NONTARGET_CORRECT_REJECTION,0,,late,-2.4006681419003937
22,2,C9,NONTARGET_CORRECT_REJECTION,0,,early,1.5235004623669888
22,2,C9,NONTARGET_CORRECT_REJECTION,0,,late,0.46037102654439493
22,2,P1,NONTARGET_CORRECT_REJECTION,0,,early,5.583105057072175
22,2,P1,NONTARGET_CORRECT_REJECTION,0,,late,-0.347758278415403
22,2,P3,NONTARGET_CORRECT_REJECTION,0,,early,0.20860718322562855
22,2,P3,NONTARGET_CORRECT_REJECTION,0,,late,-0.46130666909813556
22,2,C2,NONTARGET_CORRECT_REJECTION,0,,early,2.470084019856788
22,2,C2,NONTARGET_CORRECT_REJECTION,0,,late,-2.2458481466734384
22,2,C1,NONTARGET_CORRECT_REJECTION,0,,early,0.5032335366432231
22,2,C1,NONTARGET_CORRECT_REJECTION,0,,late,1.188118943224898
22,2,P3,NONTARGET_CORRECT_REJECTION,0,,early,-0.9507688496670575
22,2,P3,NONTARGET_CORRECT_REJECTION,0,,late,3.681464007266926
22,2,C7,NONTARGET_CORRECT_REJECTION,0,,early,0.07606238148829393
22,2,C7,NONTARGET_CORRECT_REJECTION,0,,late,-1.2879506273938224
22,2,P1,NONTARGET_CORRECT_REJECTION,0,,early,-2.2128147374337415
22,2,P1,NONTARGET_CORRECT_REJECTION,0,,late,-1.0837042994982424
22,2,P4,NONTARGET_CORRECT_REJECTION,0,,early,0.08418030166026873
22,2,P4,NONTARGET_CORRECT_REJECTION,0,,late,-0.5858079575665722
22,2,C6,NONTARGET_CORRECT_REJECTION,0,,early,-0.7296837128874352
22,2,C6,NONTARGET_CORRECT_REJECTION,0,,late,0.1242050501646379
22,2,C8,NONTARGET_CORRECT_REJECTION,0,,early,0.1708631437616529
22,2,C8,NONTARGET_CORRECT_REJECTION,0,,late,-0.04366484150551256
22,2,C5,NONTARGET_CORRECT_REJECTION,0,,early,0.18826622443560007
22,2,C5,NONTARGET_CORRECT_REJECTION,0,,late,-2.1182058483093935
22,2,C3,NONTARGET_CORRECT_REJECTION,0,,early,-3.381681697258346
22,2,C3,NONTARGET_CORRECT_REJECTION,0,,late,-1.765510621338248
22,2,C1,NONTARGET_CORRECT_REJECTION,0,,early,2.0863755098780423
22,2,C1,NONTARGET_CORRECT_REJECTION,0,,late,-0.7957256853989699
22,2,P4,NONTARGET_CORRECT_REJECTION,0,,early,2.1166131810259063
22,2,P4,NONTARGET_CORRECT_REJECTION,0,,late,-2.8761191331934155
22,2,C10,NONTARGET_CORRECT_REJECTION,0,,early,-2.9331372166870437
22,2,C10,NONTARGET_CORRECT_REJECTION,0,,late,-1.419648759095305
22,2,C8,NONTARGET_CORRECT_REJECTION,0,,early,2.972715411045094
22,2,C8,NONTARGET_CORRECT_REJECTION,0,,late,-1.019654158310984
22,2,C6,NONTARGET_CORRECT_REJECTION,0,,early,-1.5527729369416756
22,2,C6,NONTARGET_CORRECT_REJECTION,0,,late,-3.3881671552357266
22,2,C7,NONTARGET_CORRECT_REJECTION,0,,early,-3.4516115180465645
22,2,C7,NONTARGET_CORRECT_REJECTION,0,,late,-1.1466193313958009
22,2,C6,NONTARGET_FALSE_ALARM,1,652.4000000000233,early,-2.537030232893175
22,2,C6,NONTARGET_FALSE_ALARM,1,652.4000000000233,late,-2.343362824475174
22,2,C4,NONTARGET_CORRECT_REJECTION,0,,early,-5.204007112683725
22,2,C4,NONTARGET_CORRECT_REJECTION,0,,late,-1.602959936228713
22,2,C2,NONTARGET_CORRECT_REJECTION,0,,early,3.2466049479313868
22,2,C2,NONTARGET_CORRECT_REJECTION,0,,late,0.6427665051906054
22,2,C1,NONTARGET_CORRECT_REJECTION,0,,early,-2.4031675445651213
22,2,C1,NONTARGET_CORRECT_REJECTION,0,,late,-0.6699684860742462
22,2,P1,NONTARGET_CORRECT_REJECTION,0,,early,-5.6069674596473975
22,2,P1,NONTARGET_CORRECT_REJECTION,0,,late,-3.96035992899711
22,2,C9,NONTARGET_CORRECT_REJECTION,0,,early,-6.48201236246026
22,2,C9,NONTARGET_CORRECT_REJECTION,0,,late,-2.689033836597469
22,2,C5,NONTARGET_CORRECT_REJECTION,0,,early,-5.533555901553498
22,2,C5,NONTARGET_CORRECT_REJECTION,0,,late,-3.506385191187234
22,2,C8,NONTARGET_CORRECT_REJECTION,0,,early,0.743601433717467
22,2,C8,NONTARGET_CORRECT_REJECTION,0,,late,2.3999590229537415
22,2,C10,NONTARGET_CORRECT_REJECTION,0,,early,-2.5443968955539256
22,2,C10,NONTARGET_CORRECT_REJECTION,0,,late,-0.9448835792930386
22,2,C1,NONTARGET_CORRECT_REJECTION,0,,early,-1.5731515207150526
22,2,C1,NONTARGET_CORRECT_REJECTION,0,,late,-1.3021408813454725
22,2,P4,NONTARGET_CORRECT_REJECTION,0,,early,0.9147349821327143
22,2,P4,NONTARGET_CORRECT_REJECTION,0,,late,-2.0308469924950283
22,2,P3,NONTARGET_CORRECT_REJECTION,0,,early,3.86803512461845
22,2,P3,NONTARGET_CORRECT_REJECTION,0,,late,-0.8434282145046434
22,2,C3,NONTARGET_CORRECT_REJECTION,0,,early,-0.31973600589628054
22,2,C3,NONTARGET_CORRECT_REJECTION,0,,late,-0.8952130280908978
22,2,C7,NONTARGET_CORRECT_REJECTION,0,,early,-1.2927147685287674
22,2,C7,NONTARGET_CORRECT_REJECTION,0,,late,0.09619805637779356
22,2,C4,NONTARGET_CORRECT_REJECTION,0,,early,0.9135160418751158
22,2,C4,NONTARGET_CORRECT_REJECTION,0,,late,-1.2068585566201213
22,2,C10,NONTARGET_CORRECT_REJECTION,0,,early,0.4920429741381753
22,2,C10,NONTARGET_CORRECT_REJECTION,0,,late,-1.2355169171656717
22,2,P4,NONTARGET_CORRECT_REJECTION,0,,early,-2.958442131101648
22,2,P4,NONTARGET_CORRECT_REJECTION,0,,late,-2.6412664215175155
22,2,C6,NONTARGET_CORRECT_REJECTION,0,,early,-1.8368629692903777
22,2,C6,NONTARGET_CORRECT_REJECTION,0,,late,-5.049253791360987
22,2,C8,NONTARGET_CORRECT_REJECTION,0,,early,-4.8501360577194585
22,2,C8,NONTARGET_CORRECT_REJECTION,0,,late,-4.377958607802228
22,2,P1,NONTARGET_CORRECT_REJECTION,0,,early,3.855386166318286
22,2,P1,NONTARGET_CORRECT_REJECTION,0,,late,0.45062054628713377
22,2,P3,NONTARGET_CORRECT_REJECTION,0,,early,-0.3017819960134307
22,2,P3,NONTARGET_CORRECT_REJECTION,0,,late,-1.2028453131749253
22,2,C9,NONTARGET_CORRECT_REJECTION,0,,early,-1.0404664028679165
22,2,C9,NONTARGET_CORRECT_REJECTION,0,,late,-3.500261536201078
22,2,C5,NONTARGET_CORRECT_REJECTION,0,,early,-1.3318051320475943
22,2,C5,NONTARGET_CORRECT_REJECTION,0,,late,-3.1179934578343786
22,2,C3,NONTARGET_CORRECT_REJECTION,0,,early,-0.03876060320122725
22,2,C3,NONTARGET_CORRECT_REJECTION,0,,late,-1.114439496632625
22,2,C4,NONTARGET_CORRECT_REJECTION,0,,early,3.331717016745146
22,2,C4,NONTARGET_CORRECT_REJECTION,0,,late,-3.6746143104218008
22,2,C2,NONTARGET_CORRECT_REJECTION,0,,early,0.12621862789055743
22,2,C2,NONTARGET_CORRECT_REJECTION,0,,late,-1.9964346614974364
22,2,C7,NONTARGET_CORRECT_REJECTION,0,,early,-2.128127308026133
22,2,C7,NONTARGET_CORRECT_REJECTION,0,,late,-1.042871763560478
22,2,C6,NONTARGET_CORRECT_REJECTION,0,,early,1.7280667939850662
22,2,C6,NONTARGET_CORRECT_REJECTION,0,,late,-1.4911182024312593
22,2,C5,NONTARGET_CORRECT_REJECTION,0,,early,-0.6829487388633924
22,2,C5,NONTARGET_CORRECT_REJECTION,0,,late,0.27523400088365
22,2,C3,NONTARGET_CORRECT_REJECTION,0,,early,2.2720151906477573
22,2,C3,NONTARGET_CORRECT_REJECTION,0,,late,-1.7852457847072947
22,2,P1,NONTARGET_CORRECT_REJECTION,0,,early,2.157043341210771
22,2,P1,NONTARGET_CORRECT_REJECTION,0,,late,-3.9796573582684673
22,2,P4,NONTARGET_CORRECT_REJECTION,0,,early,1.749888871787858
22,2,P4,NONTARGET_CORRECT_REJECTION,0,,late,-3.0710210862706195
22,2,C10,NONTARGET_CORRECT_REJECTION,0,,early,0.5411447502413109
22,2,C10,NONTARGET_CORRECT_REJECTION,0,,late,-2.1671857605489544
22,2,C1,NONTARGET_CORRECT_REJECTION,0,,early,3.5999589846706304
22,2,C1,NONTARGET_CORRECT_REJECTION,0,,late,-0.30325642679250847
22,2,P2,NONTARGET_CORRECT_REJECTION,0,,early,-1.6364417435879401
22,2,P2,NONTARGET_CORRECT_REJECTION,0,,late,-1.5957951614035064
22,2,C1,NONTARGET_CORRECT_REJECTION,0,,early,-0.0920919391967369
22,2,C1,NONTARGET_CORRECT_REJECTION,0,,late,-1.711948735918591
22,2,C9,NONTARGET_CORRECT_REJECTION,0,,early,3.1629941721097756
22,2,C9,NONTARGET_CORRECT_REJECTION,0,,late,0.5035794808667212
22,2,C8,NONTARGET_CORRECT_REJECTION,0,,early,-5.657257073617555
22,2,C8,NONTARGET_CORRECT_REJECTION,0,,late,-0.1583202539539998
22,2,P1,NONTARGET_CORRECT_REJECTION,0,,early,0.44100176635073385
22,2,P1,NONTARGET_CORRECT_REJECTION,0,,late,-0.7009086229628586
22,2,C7,NONTARGET_CORRECT_REJECTION,0,,early,-0.4412161834365041
22,2,C7,NONTARGET_CORRECT_REJECTION,0,,late,-1.67673073526941
22,2,C10,NONTARGET_CORRECT_REJECTION,0,,early,-2.445133588050835
22,2,C10,NONTARGET_CORRECT_REJECTION,0,,late,-1.888076585050725
22,2,C4,NONTARGET_CORRECT_REJECTION,0,,early,-3.2630876771617863
22,2,C4,NONTARGET_CORRECT_REJECTION,0,,late,-1.9126994487911557
22,2,C3,NONTARGET_CORRECT_REJECTION,0,,early,0.8632621361639233
22,2,C3,NONTARGET_CORRECT_REJECTION,0,,late,2.2065708184148902
22,2,P2,NONTARGET_CORRECT_REJECTION,0,,early,-0.3703673446036094
22,2,P2,NONTARGET_CORRECT_REJECTION,0,,late,-1.4827714821870301
22,2,C5,NONTARGET_CORRECT_REJECTION,0,,early,-3.781525294936402
22,2,C5,NONTARGET_CORRECT_REJECTION,0,,late,0.018850757771127404
22,2,C2,NONTARGET_CORRECT_REJECTION,0,,early,-2.6017599732834236
22,2,C2,NONTARGET_CORRECT_REJECTION,0,,late,-3.508090312369992
22,2,C9,NONTARGET_CORRECT_REJECTION,0,,early,-1.4320265722135583
22,2,C9,NONTARGET_CORRECT_REJECTION,0,,late,-1.9880093245654475
24,0,C8,NONTARGET_CORRECT_REJECTION,0,,early,-4.0396921339596625
24,0,C8,NONTARGET_CORRECT_REJECTION,0,,late,-5.002070695579142
24,0,C9,NONTARGET_CORRECT_REJECTION,0,,early,-6.550328150263113
24,0,C9,NONTARGET_CORRECT_REJECTION,0,,late,-6.0368415475808925
24,0,C5,NONTARGET_CORRECT_REJECTION,0,,early,-3.70190318299462
24,0,C5,NONTARGET_CORRECT_REJECTION,0,,late,-3.4558634668750448
24,0,C10,NONTARGET_CORRECT_REJECTION,0,,early,-3.6894277937034716
24,0,C10,NONTARGET_CORRECT_REJECTION,0,,late,-1.1551084788292196
24,0,C7,NONTARGET_CORRECT_REJECTION,0,,early,-4.168894696899574
24,0,C7,NONTARGET_CORRECT_REJECTION,0,,late,1.2671174196355048
24,0,C1,NONTARGET_CORRECT_REJECTION,0,,early,-2.0771924146087253
24,0,C1,NONTARGET_CORRECT_REJECTION,0,,late,-0.991809438538206
24,0,C4,NONTARGET_CORRECT_REJECTION,0,,early,-5.510480581108138
24,0,C4,NONTARGET_CORRECT_REJECTION,0,,late,-2.950347382536242
24,0,C6,NONTARGET_CORRECT_REJECTION,0,,early,2.1008718152882504
24,0,C6,NONTARGET_CORRECT_REJECTION,0,,late,-0.8174662271980927
24,0,C2,NONTARGET_CORRECT_REJECTION,0,,early,-8.441116472189462
24,0,C2,NONTARGET_CORRECT_REJECTION,0,,late,-2.6261919208353715
24,0,C3,NONTARGET_CORRECT_REJECTION,0,,early,-2.0187825885526967
24,0,C3,NONTARGET_CORRECT_REJECTION,0,,late,-1.6323344545839629
24,0,C8,NONTARGET_CORRECT_REJECTION,0,,early,-1.0472178599565534
24,0,C8,NONTARGET_CORRECT_REJECTION,0,,late,-0.6482352657538929
24,0,C6,NONTARGET_CORRECT_REJECTION,0,,early,-4.389941264375667
24,0,C6,NONTARGET_CORRECT_REJECTION,0,,late,-4.072613863854606
24,0,C3,NONTARGET_CORRECT_REJECTION,0,,early,4.183838052202051
24,0,C3,NONTARGET_CORRECT_REJECTION,0,,late,2.6624621159604427
24,0,C7,NONTARGET_CORRECT_REJECTION,0,,early,-0.1148055835066002
24,0,C7,NONTARGET_CORRECT_REJECTION,0,,late,0.8648156515374779
24,0,C9,NONTARGET_CORRECT_REJECTION,0,,early,-7.83749707149461
24,0,C9,NONTARGET_CORRECT_REJECTION,0,,late,-2.0851395781480635
24,0,C4,NONTARGET_CORRECT_REJECTION,0,,early,-4.255130025270285
24,0,C4,NONTARGET_CORRECT_REJECTION,0,,late,1.8583469311060825
24,0,C5,NONTARGET_CORRECT_REJECTION,0,,early,-6.253884734773391
24,0,C5,NONTARGET_CORRECT_REJECTION,0,,late,0.869524224479149
24,0,C1,NONTARGET_CORRECT_REJECTION,0,,early,-2.3667744233089882
24,0,C1,NONTARGET_CORRECT_REJECTION,0,,late,-1.5811373150913195
24,0,C10,NONTARGET_CORRECT_REJECTION,0,,early,-5.478727147118706
24,0,C10,NONTARGET_CORRECT_REJECTION,0,,late,-2.95086858056754
24,0,C2,NONTARGET_CORRECT_REJECTION,0,,early,-2.1505735679157185
24,0,C2,NONTARGET_CORRECT_REJECTION,0,,late,-1.3740401678536058
24,0,C1,NONTARGET_CORRECT_REJECTION,0,,early,2.5612054762119363
24,0,C1,NONTARGET_CORRECT_REJECTION,0,,late,1.8744148029302647
24,0,C2,NONTARGET_CORRECT_REJECTION,0,,early,-4.953422114579708
24,0,C2,NONTARGET_CORRECT_REJECTION,0,,late,-1.7869355799229543
24,0,C7,NONTARGET_CORRECT_REJECTION,0,,early,-4.542512070017631
24,0,C7,NONTARGET_CORRECT_REJECTION,0,,late,-0.1222554613541865
24,0,C3,NONTARGET_CORRECT_REJECTION,0,,early,-5.437128277626706
24,0,C3,NONTARGET_CORRECT_REJECTION,0,,late,-4.647535642333667
24,0,C9,NONTARGET_CORRECT_REJECTION,0,,early,2.023256283771487
24,0,C9,NONTARGET_CORRECT_REJECTION,0,,late,2.5883006320160864
24,0,C8,NONTARGET_CORRECT_REJECTION,0,,early,-3.4255420241381547
24,0,C8,NONTARGET_CORRECT_REJECTION,0,,late,-1.1456958808782838
24,0,C6,NONTARGET_CORRECT_REJECTION,0,,early,-4.936249511013736
24,0,C6,NONTARGET_CORRECT_REJECTION,0,,late,-3.907834601102414
24,0,C10,NONTARGET_CORRECT_REJECTION,0,,early,-3.673834663536364
24,0,C10,NONTARGET_CORRECT_REJECTION,0,,late,-3.4072735512911434
24,0,C5,NONTARGET_CORRECT_REJECTION,0,,early,-0.1008980099633706
24,0,C5,NONTARGET_CORRECT_REJECTION,0,,late,-2.301105279329227
24,0,C4,NONTARGET_CORRECT_REJECTION,0,,early,0.7186446671345188
24,0,C4,NONTARGET_CORRECT_REJECTION,0,,late,-1.0490058931375323
24,0,C10,NONTARGET_CORRECT_REJECTION,0,,early,-2.9233095215572193
24,0,C10,NONTARGET_CORRECT_REJECTION,0,,late,-1.557359691237371
24,0,C2,NONTARGET_CORRECT_REJECTION,0,,early,-5.2624334248154945
24,0,C2,NONTARGET_CORRECT_REJECTION,0,,late,-2.3407318790156255
24,0,C4,NONTARGET_CORRECT_REJECTION,0,,early,4.839139174831719
24,0,C4,NONTARGET_CORRECT_REJECTION,0,,late,-1.2916919959380975
24,0,C6,NONTARGET_CORRECT_REJECTION,0,,early,-0.0913814824563226
24,0,C6,NONTARGET_CORRECT_REJECTION,0,,late,-1.7830791305654459
24,0,C5,NONTARGET_CORRECT_REJECTION,0,,early,-2.239721857607823
24,0,C5,NONTARGET_CORRECT_REJECTION,0,,late,-2.8780732204293575
24,0,C9,NONTARGET_CORRECT_REJECTION,0,,early,-6.730617827628845
24,0,C9,NONTARGET_CORRECT_REJECTION,0,,late,0.042317589216930934
24,0,C3,NONTARGET_CORRECT_REJECTION,0,,early,0.01207344395017229
24,0,C3,NONTARGET_CORRECT_REJECTION,0,,late,-2.3452222995193788
24,0,C1,NONTARGET_CORRECT_REJECTION,0,,early,0.6409900403133437
24,0,C1,NONTARGET_CORRECT_REJECTION,0,,late,-1.3657082166597396
24,0,C7,NONTARGET_CORRECT_REJECTION,0,,early,1.520823048223661
24,0,C7,NONTARGET_CORRECT_REJECTION,0,,late,-1.177898386719247
24,0,C8,NONTARGET_CORRECT_REJECTION,0,,early,1.077316222634759
24,0,C8,NONTARGET_CORRECT_REJECTION,0,,late,1.660340250421121
24,0,C8,NONTARGET_CORRECT_REJECTION,0,,early,2.8761097255683876
24,0,C8,NONTARGET_CORRECT_REJECTION,0,,late,-1.6894534070631892
24,0,C5,NONTARGET_CORRECT_REJECTION,0,,early,-4.497490533448346
24,0,C5,NONTARGET_CORRECT_REJECTION,0,,late,0.6446519359731379
24,0,C7,NONTARGET_CORRECT_REJECTION,0,,early,-0.5984292328973946
24,0,C7,NONTARGET_CORRECT_REJECTION,0,,late,-1.163688582397568
24,0,C6,NONTARGET_CORRECT_REJECTION,0,,early,-6.364580101162003
24,0,C6,NONTARGET_CORRECT_REJECTION,0,,late,1.4039210520403167
24,0,C1,NONTARGET_CORRECT_REJECTION,0,,early,-2.306467873738228
24,0,C1,NONTARGET_CORRECT_REJECTION,0,,late,2.1640882581526717
24,0,C2,NONTARGET_CORRECT_REJECTION,0,,early,1.2267355149294592
24,0,C2,NONTARGET_CORRECT_REJECTION,0,,late,1.0807002169510447
24,0,C4,NONTARGET_CORRECT_REJECTION,0,,early,-6.437904795929927
24,0,C4,NONTARGET_CORRECT_REJECTION,0,,late,-3.865630347367667
24,0,C9,NONTARGET_CORRECT_REJECTION,0,,early,4.845538987302691
24,0,C9,NONTARGET_CORRECT_REJECTION,0,,late,1.887586003714145
24,0,C3,NONTARGET_CORRECT_REJECTION,0,,early,-0.3024661873862703
24,0,C3,NONTARGET_CORRECT_REJECTION,0,,late,-1.4276866147058664
24,0,C10,NONTARGET_CORRECT_REJECTION,0,,early,-1.49343266114567
24,0,C10,NONTARGET_CORRECT_REJECTION,0,,late,-4.393258950908278
24,0,C9,NONTARGET_CORRECT_REJECTION,0,,early,-6.116820573874924
24,0,C9,NONTARGET_CORRECT_REJECTION,0,,late,-4.468876787277581
24,0,C6,NONTARGET_CORRECT_REJECTION,0,,early,-7.4403415346108694
24,0,C6,NONTARGET_CORRECT_REJECTION,0,,late,-3.750904431155134
24,0,C2,NONTARGET_CORRECT_REJECTION,0,,early,2.5661117171532255
24,0,C2,NONTARGET_CORRECT_REJECTION,0,,late,1.960316063555864
24,0,C3,NONTARGET_CORRECT_REJECTION,0,,early,5.276462549120518
24,0,C3,NONTARGET_CORRECT_REJECTION,0,,late,-3.141179597418067
24,0,C8,NONTARGET_CORRECT_REJECTION,0,,early,-5.591090117658779
24,0,C8,NONTARGET_CORRECT_REJECTION,0,,late,-1.2201117541123447
24,0,C4,NONTARGET_CORRECT_REJECTION,0,,early,-2.1012880709032773
24,0,C4,NONTARGET_CORRECT_REJECTION,0,,late,-0.4987124784535018
24,0,C1,NONTARGET_CORRECT_REJECTION,0,,early,1.7280934278945521
24,0,C1,NONTARGET_CORRECT_REJECTION,0,,late,0.8740203862507201
24,0,C7,NONTARGET_CORRECT_REJECTION,0,,early,2.990838336105225
24,0,C7,NONTARGET_CORRECT_REJECTION,0,,late,0.30783002114202257
24,0,C10,NONTARGET_CORRECT_REJECTION,0,,early,1.1438704104540063
24,0,C10,NONTARGET_CORRECT_REJECTION,0,,late,0.7505141207659259
24,0,C5,NONTARGET_CORRECT_REJECTION,0,,early,1.4281023406385926
24,0,C5,NONTARGET_CORRECT_REJECTION,0,,late,-1.016186842445647
24,0,C10,NONTARGET_CORRECT_REJECTION,0,,early,-2.622793963848176
24,0,C10,NONTARGET_CORRECT_REJECTION,0,,late,-0.26127297041075026
24,0,C9,NONTARGET_CORRECT_REJECTION,0,,early,-3.5619944009923636
24,0,C9,NONTARGET_CORRECT_REJECTION,0,,late,-1.874134033135815
24,0,C2,NONTARGET_CORRECT_REJECTION,0,,early,-1.5316153346158843
24,0,C2,NONTARGET_CORRECT_REJECTION,0,,late,2.7543380758832936
24,0,C8,NONTARGET_CORRECT_REJECTION,0,,early,-3.9190327152798448
24,0,C8,NONTARGET_CORRECT_REJECTION,0,,late,-3.1853939253760606
24,0,C7,NONTARGET_CORRECT_REJECTION,0,,early,-4.140617447543693
24,0,C7,NONTARGET_CORRECT_REJECTION,0,,late,-2.037420752219202
24,0,C6,NONTARGET_CORRECT_REJECTION,0,,early,2.4959166026176143
24,0,C6,NONTARGET_CORRECT_REJECTION,0,,late,1.378214455604334
24,0,C5,NONTARGET_CORRECT_REJECTION,0,,early,-2.8786249968932447
24,0,C5,NONTARGET_CORRECT_REJECTION,0,,late,2.239889018486996
24,0,C4,NONTARGET_CORRECT_REJECTION,0,,early,-1.129737939882992
24,0,C4,NONTARGET_CORRECT_REJECTION,0,,late,-1.4617837018096653
24,0,C3,NONTARGET_CORRECT_REJECTION,0,,early,-0.7498178233912339
24,0,C3,NONTARGET_CORRECT_REJECTION,0,,late,0.28965284915751854
24,0,C1,NONTARGET_CORRECT_REJECTION,0,,early,0.9302852741243749
24,0,C1,NONTARGET_CORRECT_REJECTION,0,,late,1.7604612052616002
24,0,C2,NONTARGET_CORRECT_REJECTION,0,,early,-6.921430038472385
24,0,C2,NONTARGET_CORRECT_REJECTION,0,,late,0.8109910943881342
24,0,C9,NONTARGET_CORRECT_REJECTION,0,,early,-2.0297117718672437
24,0,C9,NONTARGET_CORRECT_REJECTION,0,,late,-1.7781555929414126
24,1,C6,NONTARGET_CORRECT_REJECTION,0,,early,-3.9253675898975513
24,1,C6,NONTARGET_CORRECT_REJECTION,0,,late,-3.8154516140799313
24,1,C1,NONTARGET_CORRECT_REJECTION,0,,early,-4.373880084862643
24,1,C1,NONTARGET_CORRECT_REJECTION,0,,late,-2.7894986494781695
24,1,C4,NONTARGET_CORRECT_REJECTION,0,,early,-2.4068590330734927
24,1,C4,NONTARGET_CORRECT_REJECTION,0,,late,-6.030288113586522
24,1,C3,NONTARGET_CORRECT_REJECTION,0,,early,2.2783927855352872
24,1,C3,NONTARGET_CORRECT_REJECTION,0,,late,-2.8407187469862323
24,1,C5,NONTARGET_CORRECT_REJECTION,0,,early,-7.895052401375539
24,1,C5,NONTARGET_CORRECT_REJECTION,0,,late,-6.310464070946454
24,1,P1,NONTARGET_CORRECT_REJECTION,0,,early,-5.703889831655876
24,1,P1,NONTARGET_CORRECT_REJECTION,0,,late,-5.039534685437405
24,1,C8,NONTARGET_CORRECT_REJECTION,0,,early,-0.17555550590609298
24,1,C8,NONTARGET_CORRECT_REJECTION,0,,late,-0.5752896038734345
24,1,C7,NONTARGET_CORRECT_REJECTION,0,,early,-2.195832721378246
24,1,C7,NONTARGET_CORRECT_REJECTION,0,,late,-3.3464617097619254
24,1,C4,NONTARGET_CORRECT_REJECTION,0,,early,-2.046167858310292
24,1,C4,NONTARGET_CORRECT_REJECTION,0,,late,-0.3472859711883474
24,1,C3,NONTARGET_CORRECT_REJECTION,0,,early,-2.5470566684095957
24,1,C3,NONTARGET_CORRECT_REJECTION,0,,late,-1.8150754142007564
24,1,C1,NONTARGET_CORRECT_REJECTION,0,,early,-4.479694718642869
24,1,C1,NONTARGET_CORRECT_REJECTION,0,,late,-2.431704718829022
24,1,C7,NONTARGET_CORRECT_REJECTION,0,,early,-3.9243711925779663
24,1,C7,NONTARGET_CORRECT_REJECTION,0,,late,-4.458272604451979
24,1,C6,NONTARGET_CORRECT_REJECTION,0,,early,-2.237762012294516
24,1,C6,NONTARGET_CORRECT_REJECTION,0,,late,-0.40040780521156566
24,1,C5,NONTARGET_CORRECT_REJECTION,0,,early,1.3715647673468976
24,1,C5,NONTARGET_CORRECT_REJECTION,0,,late,-1.4634830181263832
24,1,P2,NONTARGET_CORRECT_REJECTION,0,,early,-2.178847872152022
24,1,P2,NONTARGET_CORRECT_REJECTION,0,,late,2.941985679200647
24,1,C1,NONTARGET_CORRECT_REJECTION,0,,early,0.9777099120811849
24,1,C1,NONTARGET_CORRECT_REJECTION,0,,late,0.19196689610086498
24,1,P4,NONTARGET_CORRECT_REJECTION,0,,early,0.8145332940612016
24,1,P4,NONTARGET_CORRECT_REJECTION,0,,late,-1.8706928786178942
24,1,P1,NONTARGET_CORRECT_REJECTION,0,,early,-4.0098002085342115
24,1,P1,NONTARGET_CORRECT_REJECTION,0,,late,-1.299416458020088
24,1,C10,NONTARGET_CORRECT_REJECTION,0,,early,-1.454518127497429
24,1,C10,NONTARGET_CORRECT_REJECTION,0,,late,-0.0806791216310934
24,1,C3,NONTARGET_CORRECT_REJECTION,0,,early,-2.7394026487615233
24,1,C3,NONTARGET_CORRECT_REJECTION,0,,late,-2.8884001661171435
24,1,C6,NONTARGET_CORRECT_REJECTION,0,,early,-5.145086718774869
24,1,C6,NONTARGET_CORRECT_REJECTION,0,,late,-3.370481340499654
24,1,C5,NONTARGET_CORRECT_REJECTION,0,,early,0.672790329490589
24,1,C5,NONTARGET_CORRECT_REJECTION,0,,late,-0.5302353101760671
24,1,C10,NONTARGET_CORRECT_REJECTION,0,,early,-2.7847362240183435
24,1,C10,NONTARGET_CORRECT_REJECTION,0,,late,-2.122105744173564
24,1,P4,NONTARGET_CORRECT_REJECTION,0,,early,0.791594323707256
24,1,P4,NONTARGET_CORRECT_REJECTION,0,,late,-1.7071578766339928
24,1,P3,NONTARGET_CORRECT_REJECTION,0,,early,0.7834406130310898
24,1,P3,NONTARGET_CORRECT_REJECTION,0,,late,-1.2181483175989243
24,1,C5,NONTARGET_CORRECT_REJECTION,0,,early,-4.066530242473678
24,1,C5,NONTARGET_CORRECT_REJECTION,0,,late,-3.8676672519603725
24,1,C2,NONTARGET_CORRECT_REJECTION,0,,early,-4.553765287014391
24,1,C2,NONTARGET_CORRECT_REJECTION,0,,late,-1.5897287405121032
24,1,P4,NONTARGET_CORRECT_REJECTION,0,,early,0.4413452702399857
24,1,P4,NONTARGET_CORRECT_REJECTION,0,,late,0.5703259683426228
24,1,C8,NONTARGET_CORRECT_REJECTION,0,,early,-1.4501596648548156
24,1,C8,NONTARGET_CORRECT_REJECTION,0,,late,-1.0628956432565448
24,1,P3,NONTARGET_CORRECT_REJECTION,0,,early,0.27018947771757046
24,1,P3,NONTARGET_CORRECT_REJECTION,0,,late,-0.11872442932294743
24,1,C9,NONTARGET_CORRECT_REJECTION,0,,early,1.3353972273912895
24,1,C9,NONTARGET_CORRECT_REJECTION,0,,late,-4.360304650155828
24,1,C7,NONTARGET_CORRECT_REJECTION,0,,early,-3.3198623444427846
24,1,C7,NONTARGET_CORRECT_REJECTION,0,,late,-3.789561926884227
24,1,C4,NONTARGET_CORRECT_REJECTION,0,,early,-5.713660726579109
24,1,C4,NONTARGET_CORRECT_REJECTION,0,,late,-2.2169661451076994
24,1,C10,NONTARGET_CORRECT_REJECTION,0,,early,1.5789427920237655
24,1,C10,NONTARGET_CORRECT_REJECTION,0,,late,-1.9068911474632095
24,1,C1,NONTARGET_CORRECT_REJECTION,0,,early,0.7002672409175598
24,1,C1,NONTARGET_CORRECT_REJECTION,0,,late,0.8071962152370991
24,1,C6,NONTARGET_CORRECT_REJECTION,0,,early,-0.40970365281915544
24,1,C6,NONTARGET_CORRECT_REJECTION,0,,late,-0.5294134089982948
24,1,P4,NONTARGET_CORRECT_REJECTION,0,,early,5.965920278421742
24,1,P4,NONTARGET_CORRECT_REJECTION,0,,late,4.952599537862263
24,1,C8,NONTARGET_CORRECT_REJECTION,0,,early,-3.064494640910689
24,1,C8,NONTARGET_CORRECT_REJECTION,0,,late,-2.5279263241825305
24,1,P2,NONTARGET_CORRECT_REJECTION,0,,early,-5.878558492613614
24,1,P2,NONTARGET_CORRECT_REJECTION,0,,late,-1.9966094794563178
24,1,C4,NONTARGET_CORRECT_REJECTION,0,,early,2.7196073626586714
24,1,C4,NONTARGET_CORRECT_REJECTION,0,,late,0.8054188677975264
24,1,C1,NONTARGET_CORRECT_REJECTION,0,,early,-4.973313974410751
24,1,C1,NONTARGET_CORRECT_REJECTION,0,,late,-3.0257427265455568
24,1,C2,NONTARGET_CORRECT_REJECTION,0,,early,0.4608723158016992
24,1,C2,NONTARGET_CORRECT_REJECTION,0,,late,-1.0171709067279455
24,1,C6,NONTARGET_CORRECT_REJECTION,0,,early,-0.4333444430905156
24,1,C6,NONTARGET_CORRECT_REJECTION,0,,late,0.4731759579677279
24,1,P4,NONTARGET_CORRECT_REJECTION,0,,early,2.6592190934537325
24,1,P4,NONTARGET_CORRECT_REJECTION,0,,late,2.536546115358156
24,1,C3,NONTARGET_CORRECT_REJECTION,0,,early,-3.2864275561460086
24,1,C3,NONTARGET_CORRECT_REJECTION,0,,late,-2.7549963323382576
24,1,C10,NONTARGET_CORRECT_REJECTION,0,,early,-2.1374617374044647
24,1,C10,NONTARGET_CORRECT_REJECTION,0,,late,-2.4578324165566516
24,1,C9,NONTARGET_CORRECT_REJECTION,0,,early,-0.8121996492709823
24,1,C9,NONTARGET_CORRECT_REJECTION,0,,late,0.7165290400870077
24,1,C7,NONTARGET_CORRECT_REJECTION,0,,early,3.4490619906893913
24,1,C7,NONTARGET_CORRECT_REJECTION,0,,late,-0.13023341672656932
24,1,C4,NONTARGET_CORRECT_REJECTION,0,,early,-4.665876344692836
24,1,C4,NONTARGET_CORRECT_REJECTION,0,,late,-8.093451154133847
24,1,P1,NONTARGET_CORRECT_REJECTION,0,,early,-3.4293998820502645
24,1,P1,NONTARGET_CORRECT_REJECTION,0,,late,-2.3834527439619886
24,1,C6,NONTARGET_CORRECT_REJECTION,0,,early,1.981800315843251
24,1,C6,NONTARGET_CORRECT_REJECTION,0,,late,-1.9655576726361326
24,1,P4,NONTARGET_CORRECT_REJECTION,0,,early,-2.8701859555028095
24,1,P4,NONTARGET_CORRECT_REJECTION,0,,late,-3.1149330970119027
24,1,P2,NONTARGET_CORRECT_REJECTION,0,,early,3.379988839606287
24,1,P2,NONTARGET_CORRECT_REJECTION,0,,late,3.918530616150825
24,1,C1,NONTARGET_CORRECT_REJECTION,0,,early,4.476434600422317
24,1,C1,NONTARGET_CORRECT_REJECTION,0,,late,0.5549725224995851
24,1,C8,NONTARGET_CORRECT_REJECTION,0,,early,-5.762165056999393
24,1,C8,NONTARGET_CORRECT_REJECTION,0,,late,-0.36532534411623757
24,1,C3,NONTARGET_CORRECT_REJECTION,0,,early,-1.221497854390961
24,1,C3,NONTARGET_CORRECT_REJECTION,0,,late,-3.225725367174163
24,1,C4,NONTARGET_CORRECT_REJECTION,0,,early,-4.804329828180803
24,1,C4,NONTARGET_CORRECT_REJECTION,0,,late,-5.69801818395341
24,1,C8,NONTARGET_CORRECT_REJECTION,0,,early,1.4678563093471775
24,1,C8,NONTARGET_CORRECT_REJECTION,0,,late,-0.7394767448331488
24,1,P2,NONTARGET_CORRECT_REJECTION,0,,early,-3.3007900917499486
24,1,P2,NONTARGET_CORRECT_REJECTION,0,,late,-1.2411282967607993
24,1,C5,NONTARGET_CORRECT_REJECTION,0,,early,0.3545682714354305
24,1,C5,NONTARGET_CORRECT_REJECTION,0,,late,0.25333562219251754
24,1,C6,NONTARGET_CORRECT_REJECTION,0,,early,-3.9951834936382253
24,1,C6,NONTARGET_CORRECT_REJECTION,0,,late,-0.5598660593286768
24,1,C2,NONTARGET_CORRECT_REJECTION,0,,early,-0.7450183589830975
24,1,C2,NONTARGET_CORRECT_REJECTION,0,,late,-3.475941400226189
24,1,P3,NONTARGET_CORRECT_REJECTION,0,,early,-5.6731977983588076
24,1,P3,NONTARGET_CORRECT_REJECTION,0,,late,-2.8396562051836396
24,1,C9,NONTARGET_CORRECT_REJECTION,0,,early,-2.2920058324877948
24,1,C9,NONTARGET_CORRECT_REJECTION,0,,late,-3.7627406108524952
24,1,C10,NONTARGET_CORRECT_REJECTION,0,,early,-3.681833063979575
24,1,C10,NONTARGET_CORRECT_REJECTION,0,,late,-4.702984691402498
24,1,P4,NONTARGET_CORRECT_REJECTION,0,,early,0.463976345014355
24,1,P4,NONTARGET_CORRECT_REJECTION,0,,late,0.22678485428918257
24,1,C7,NONTARGET_CORRECT_REJECTION,0,,early,1.465834380994805
24,1,C7,NONTARGET_CORRECT_REJECTION,0,,late,0.04449204937448678
24,1,C5,NONTARGET_CORRECT_REJECTION,0,,early,-2.9120697911241
24,1,C5,NONTARGET_CORRECT_REJECTION,0,,late,-3.4427364595477097
24,1,C6,NONTARGET_CORRECT_REJECTION,0,,early,6.496196551875516
24,1,C6,NONTARGET_CORRECT_REJECTION,0,,late,1.999015492606347
24,1,C4,NONTARGET_CORRECT_REJECTION,0,,early,-4.484371432538158
24,1,C4,NONTARGET_CORRECT_REJECTION,0,,late,-4.770579564566988
24,2,C7,NONTARGET_CORRECT_REJECTION,0,,early,1.0195158134249678
24,2,C7,NONTARGET_CORRECT_REJECTION,0,,late,1.0244052979565108
24,2,P2,NONTARGET_CORRECT_REJECTION,0,,early,-3.6307600192522655
24,2,P2,NONTARGET_CORRECT_REJECTION,0,,late,-4.43287356152168
24,2,C3,NONTARGET_CORRECT_REJECTION,0,,early,-6.684637928981109
24,2,C3,NONTARGET_CORRECT_REJECTION,0,,late,-4.469192346097011
24,2,C5,NONTARGET_CORRECT_REJECTION,0,,early,2.038911922319934
24,2,C5,NONTARGET_CORRECT_REJECTION,0,,late,-3.1358481497849797
24,2,C8,NONTARGET_CORRECT_REJECTION,0,,early,1.1407752013551211
24,2,C8,NONTARGET_CORRECT_REJECTION,0,,late,-4.113290237979565
24,2,C9,NONTARGET_CORRECT_REJECTION,0,,early,-2.1615493489401083
24,2,C9,NONTARGET_CORRECT_REJECTION,0,,late,-4.25981873823984
24,2,P1,NONTARGET_CORRECT_REJECTION,0,,early,1.2415072100989342
24,2,P1,NONTARGET_CORRECT_REJECTION,0,,late,-0.9505454956385153
24,2,P3,NONTARGET_CORRECT_REJECTION,0,,early,-5.510619357770912
24,2,P3,NONTARGET_CORRECT_REJECTION,0,,late,-3.9033671346060372
24,2,P1,NONTARGET_FALSE_ALARM,1,638.9000000000233,early,0.05787884621676802
24,2,P1,NONTARGET_FALSE_ALARM,1,638.9000000000233,late,-6.624275931683812
24,2,C2,NONTARGET_CORRECT_REJECTION,0,,early,1.1569504586906307
24,2,C2,NONTARGET_CORRECT_REJECTION,0,,late,-1.7411024856290809
24,2,C1,NONTARGET_CORRECT_REJECTION,0,,early,1.707406556998298
24,2,C1,NONTARGET_CORRECT_REJECTION,0,,late,-3.6038221971613136
24,2,P3,NONTARGET_CORRECT_REJECTION,0,,early,-1.7185726470541276
24,2,P3,NONTARGET_CORRECT_REJECTION,0,,late,-1.0017377333838957
24,2,C7,NONTARGET_CORRECT_REJECTION,0,,early,-7.439760930182762
24,2,C7,NONTARGET_CORRECT_REJECTION,0,,late,-2.0930651694825166
24,2,P1,NONTARGET_CORRECT_REJECTION,0,,early,-3.354841466979957
24,2,P1,NONTARGET_CORRECT_REJECTION,0,,late,0.43581884117172104
24,2,C9,NONTARGET_CORRECT_REJECTION,0,,early,1.482909699904266
24,2,C9,NONTARGET_CORRECT_REJECTION,0,,late,-2.649021639667404
24,2,C6,NONTARGET_CORRECT_REJECTION,0,,early,-2.9886260512200793
24,2,C6,NONTARGET_CORRECT_REJECTION,0,,late,-0.10232945013371296
24,2,C8,NONTARGET_CORRECT_REJECTION,0,,early,0.6492511589520883
24,2,C8,NONTARGET_CORRECT_REJECTION,0,,late,-1.8832519494548972
24,2,C5,NONTARGET_CORRECT_REJECTION,0,,early,8.650449505821777
24,2,C5,NONTARGET_CORRECT_REJECTION,0,,late,-0.08702629853784068
24,2,C3,NONTARGET_CORRECT_REJECTION,0,,early,-3.793051052037802
24,2,C3,NONTARGET_CORRECT_REJECTION,0,,late,-3.823812957951485
24,2,C1,NONTARGET_CORRECT_REJECTION,0,,early,-0.746323693923766
24,2,C1,NONTARGET_CORRECT_REJECTION,0,,late,-0.33138191598446526
24,2,P4,NONTARGET_CORRECT_REJECTION,0,,early,-0.22977228213989528
24,2,P4,NONTARGET_CORRECT_REJECTION,0,,late,-4.211132371403021
24,2,C10,NONTARGET_CORRECT_REJECTION,0,,early,-1.7635439809950602
24,2,C10,NONTARGET_CORRECT_REJECTION,0,,late,-2.024796183098664
24,2,C8,NONTARGET_CORRECT_REJECTION,0,,early,2.5898737224463733
24,2,C8,NONTARGET_CORRECT_REJECTION,0,,late,-1.1328945312197995
24,2,C6,NONTARGET_CORRECT_REJECTION,0,,early,0.39453936243999854
24,2,C6,NONTARGET_CORRECT_REJECTION,0,,late,-2.9555309266204635
24,2,C5,NONTARGET_CORRECT_REJECTION,0,,early,8.322815078015429
24,2,C5,NONTARGET_CORRECT_REJECTION,0,,late,1.4730143922588443
24,2,C4,NONTARGET_CORRECT_REJECTION,0,,early,-4.294436764462245
24,2,C4,NONTARGET_CORRECT_REJECTION,0,,late,-2.6552875920797603
24,2,C2,NONTARGET_CORRECT_REJECTION,0,,early,2.5728210053656624
24,2,C2,NONTARGET_CORRECT_REJECTION,0,,late,2.86043357873512
24,2,C1,NONTARGET_CORRECT_REJECTION,0,,early,1.8994020497552735
24,2,C1,NONTARGET_CORRECT_REJECTION,0,,late,1.0532041325687937
24,2,C10,NONTARGET_CORRECT_REJECTION,0,,early,-1.2146392202247225
24,2,C10,NONTARGET_CORRECT_REJECTION,0,,late,1.5426158953243507
24,2,C5,NONTARGET_CORRECT_REJECTION,0,,early,1.2721044074662107
24,2,C5,NONTARGET_CORRECT_REJECTION,0,,late,1.350224738387161
24,2,C4,NONTARGET_CORRECT_REJECTION,0,,early,4.412376462922861
24,2,C4,NONTARGET_CORRECT_REJECTION,0,,late,1.3142674222193527
24,2,C8,NONTARGET_CORRECT_REJECTION,0,,early,2.9843904229725617
24,2,C8,NONTARGET_CORRECT_REJECTION,0,,late,-1.774863513523278
24,2,C10,NONTARGET_CORRECT_REJECTION,0,,early,-3.035092637419478
24,2,C10,NONTARGET_CORRECT_REJECTION,0,,late,-1.1288077948272017
24,2,C1,NONTARGET_CORRECT_REJECTION,0,,early,-0.5976822700563175
24,2,C1,NONTARGET_CORRECT_REJECTION,0,,late,-0.14308017603658477
24,2,P4,NONTARGET_CORRECT_REJECTION,0,,early,-3.416578870578889
24,2,P4,NONTARGET_CORRECT_REJECTION,0,,late,-0.8638738292238702
24,2,P3,NONTARGET_CORRECT_REJECTION,0,,early,-1.85095572604021
24,2,P3,NONTARGET_CORRECT_REJECTION,0,,late,-2.0822290120646514
24,2,C3,NONTARGET_CORRECT_REJECTION,0,,early,-0.10838767454715206
24,2,C3,NONTARGET_CORRECT_REJECTION,0,,late,0.24314955814032949
24,2,C7,NONTARGET_CORRECT_REJECTION,0,,early,-5.424636664002725
24,2,C7,NONTARGET_CORRECT_REJECTION,0,,late,-1.8852219080742911
24,2,C4,NONTARGET_CORRECT_REJECTION,0,,early,-5.403958024613446
24,2,C4,NONTARGET_CORRECT_REJECTION,0,,late,-6.17333891548792
24,2,C10,NONTARGET_CORRECT_REJECTION,0,,early,-2.001538518406693
24,2,C10,NONTARGET_CORRECT_REJECTION,0,,late,-0.5630807836176891
24,2,P4,NONTARGET_CORRECT_REJECTION,0,,early,5.4878273812863005
24,2,P4,NONTARGET_CORRECT_REJECTION,0,,late,-2.1266297422975273
24,2,C6,NONTARGET_CORRECT_REJECTION,0,,early,-5.386220844721905
24,2,C6,NONTARGET_CORRECT_REJECTION,0,,late,-0.9747676440990334
24,2,C8,NONTARGET_CORRECT_REJECTION,0,,early,-1.82005424685286
24,2,C8,NONTARGET_CORRECT_REJECTION,0,,late,1.2836520359829484
24,2,P1,NONTARGET_CORRECT_REJECTION,0,,early,-1.9691656320416593
24,2,P1,NONTARGET_CORRECT_REJECTION,0,,late,-1.7236265483144293
24,2,C7,NONTARGET_CORRECT_REJECTION,0,,early,0.8543525511922745
24,2,C7,NONTARGET_CORRECT_REJECTION,0,,late,0.647693250236856
24,2,C9,NONTARGET_CORRECT_REJECTION,0,,early,3.3909705593877644
24,2,C9,NONTARGET_CORRECT_REJECTION,0,,late,-1.0631466474806166
24,2,C5,NONTARGET_CORRECT_REJECTION,0,,early,-1.2565346532204447
24,2,C5,NONTARGET_CORRECT_REJECTION,0,,late,-3.6629750322578505
24,2,C3,NONTARGET_CORRECT_REJECTION,0,,early,-2.6483469146306646
24,2,C3,NONTARGET_CORRECT_REJECTION,0,,late,-2.4777853222637503
24,2,C4,NONTARGET_CORRECT_REJECTION,0,,early,-2.2326402811017902
24,2,C4,NONTARGET_CORRECT_REJECTION,0,,late,-0.6739762094914802
24,2,C2,NONTARGET_CORRECT_REJECTION,0,,early,4.16705390478866
24,2,C2,NONTARGET_CORRECT_REJECTION,0,,late,0.3150240581755267
24,2,C7,NONTARGET_CORRECT_REJECTION,0,,early,-1.5500617159401247
24,2,C7,NONTARGET_CORRECT_REJECTION,0,,late,0.6489342931357786
24,2,C6,NONTARGET_CORRECT_REJECTION,0,,early,-0.6240700260871703
24,2,C6,NONTARGET_CORRECT_REJECTION,0,,late,0.1341267380567578
24,2,C5,NONTARGET_FALSE_ALARM,1,762.3999999999069,early,-2.823420813456755
24,2,C5,NONTARGET_FALSE_ALARM,1,762.3999999999069,late,-3.5989673853408046
24,2,C3,NONTARGET_CORRECT_REJECTION,0,,early,0.81333217264064
24,2,C3,NONTARGET_CORRECT_REJECTION,0,,late,-0.5209942001809673
24,2,P1,NONTARGET_CORRECT_REJECTION,0,,early,0.9008696160548466
24,2,P1,NONTARGET_CORRECT_REJECTION,0,,late,-1.067176124144908
24,2,P4,NONTARGET_CORRECT_REJECTION,0,,early,-2.7707933062492325
24,2,P4,NONTARGET_CORRECT_REJECTION,0,,late,-1.5304226009991782
24,2,C1,NONTARGET_CORRECT_REJECTION,0,,early,0.11047059011337915
24,2,C1,NONTARGET_CORRECT_REJECTION,0,,late,-0.7066392018329064
24,2,P2,NONTARGET_CORRECT_REJECTION,0,,early,-2.9953851563548044
24,2,P2,NONTARGET_CORRECT_REJECTION,0,,late,-0.7567897646575775
24,2,C1,NONTARGET_CORRECT_REJECTION,0,,early,-4.4683659493453645
24,2,C1,NONTARGET_CORRECT_REJECTION,0,,late,-4.219024840930323
24,2,P1,NONTARGET_CORRECT_REJECTION,0,,early,-3.3992010763106166
24,2,P1,NONTARGET_CORRECT_REJECTION,0,,late,-3.0765725455043027
24,2,C7,NONTARGET_CORRECT_REJECTION,0,,early,0.1873764428738954
24,2,C7,NONTARGET_CORRECT_REJECTION,0,,late,-0.2605433764009656
24,2,C10,NONTARGET_CORRECT_REJECTION,0,,early,-3.8262587305007343
24,2,C10,NONTARGET_CORRECT_REJECTION,0,,late,2.5734333598664074
24,2,C4,NONTARGET_CORRECT_REJECTION,0,,early,0.6024479334646061
24,2,C4,NONTARGET_CORRECT_REJECTION,0,,late,1.9579523659913671
24,2,C3,NONTARGET_CORRECT_REJECTION,0,,early,0.005347462127139292
24,2,C3,NONTARGET_CORRECT_REJECTION,0,,late,-1.409200878390158
24,2,P2,NONTARGET_CORRECT_REJECTION,0,,early,5.292976173234209
24,2,P2,NONTARGET_CORRECT_REJECTION,0,,late,2.3046077931566984
24,2,C5,NONTARGET_FALSE_ALARM,1,112.39999999990688,early,-2.1316333985246305
24,2,C5,NONTARGET_FALSE_ALARM,1,112.39999999990688,late,-2.7259506726270852
24,2,C2,NONTARGET_CORRECT_REJECTION,0,,early,0.6181459358646911
24,2,C2,NONTARGET_CORRECT_REJECTION,0,,late,2.7076202936281812
24,2,C9,NONTARGET_CORRECT_REJECTION,0,,early,2.1777081101525577
24,2,C9,NONTARGET_CORRECT_REJECTION,0,,late,-0.025370834739943077
27,0,C5,NONTARGET_CORRECT_REJECTION,0,,early,-1.0200702551190657
27,0,C5,NONTARGET_CORRECT_REJECTION,0,,late,-1.3053448036946271
27,0,C10,NONTARGET_CORRECT_REJECTION,0,,early,-0.28060275191894674
27,0,C10,NONTARGET_CORRECT_REJECTION,0,,late,-2.3863683162416014
27,0,C7,NONTARGET_CORRECT_REJECTION,0,,early,-1.9273871026049667
27,0,C7,NONTARGET_CORRECT_REJECTION,0,,late,-0.8583469971835498
27,0,C1,NONTARGET_CORRECT_REJECTION,0,,early,-2.4633850005747377
27,0,C1,NONTARGET_CORRECT_REJECTION,0,,late,-4.859370931175888
27,0,C4,NONTARGET_CORRECT_REJECTION,0,,early,-2.4744078756570613
27,0,C4,NONTARGET_CORRECT_REJECTION,0,,late,-3.4208691396476922
27,0,C6,NONTARGET_CORRECT_REJECTION,0,,early,-3.7872546271467287
27,0,C6,NONTARGET_CORRECT_REJECTION,0,,late,-4.119505222029497
27,0,C3,NONTARGET_CORRECT_REJECTION,0,,early,-2.233918034827089
27,0,C3,NONTARGET_CORRECT_REJECTION,0,,late,-2.206704018941974
27,0,C8,NONTARGET_CORRECT_REJECTION,0,,early,-1.2499674718289155
27,0,C8,NONTARGET_CORRECT_REJECTION,0,,late,-0.4195973993117886
27,0,C6,NONTARGET_CORRECT_REJECTION,0,,early,-2.4778735962293594
27,0,C6,NONTARGET_CORRECT_REJECTION,0,,late,-2.204571819860308
27,0,C3,NONTARGET_CORRECT_REJECTION,0,,early,-6.191095231220501
27,0,C3,NONTARGET_CORRECT_REJECTION,0,,late,-4.883368685720564
27,0,C7,NONTARGET_CORRECT_REJECTION,0,,early,4.7932087863693305
27,0,C7,NONTARGET_CORRECT_REJECTION,0,,late,0.7985712619140513
27,0,C9,NONTARGET_CORRECT_REJECTION,0,,early,-6.703980571361506
27,0,C9,NONTARGET_CORRECT_REJECTION,0,,late,-1.920119736503121
27,0,C4,NONTARGET_CORRECT_REJECTION,0,,early,-2.869842552291079
27,0,C4,NONTARGET_CORRECT_REJECTION,0,,late,-4.771906551856358
27,0,C5,NONTARGET_CORRECT_REJECTION,0,,early,-7.638191023744094
27,0,C5,NONTARGET_CORRECT_REJECTION,0,,late,-3.7026607892225223
27,0,C1,NONTARGET_CORRECT_REJECTION,0,,early,3.6916708150877207
27,0,C1,NONTARGET_CORRECT_REJECTION,0,,late,0.8592181874558892
27,0,C10,NONTARGET_CORRECT_REJECTION,0,,early,-5.60593659348729
27,0,C10,NONTARGET_CORRECT_REJECTION,0,,late,-3.3804314237513817
27,0,C2,NONTARGET_CORRECT_REJECTION,0,,early,-7.89039081367834
27,0,C2,NONTARGET_CORRECT_REJECTION,0,,late,-1.55400110838214
27,0,C1,NONTARGET_CORRECT_REJECTION,0,,early,-0.00880339030886326
27,0,C1,NONTARGET_CORRECT_REJECTION,0,,late,-1.3904605823934024
27,0,C2,NONTARGET_CORRECT_REJECTION,0,,early,-2.416578443554131
27,0,C2,NONTARGET_CORRECT_REJECTION,0,,late,-1.6468104125240377
27,0,C7,NONTARGET_CORRECT_REJECTION,0,,early,-4.422977177707983
27,0,C7,NONTARGET_CORRECT_REJECTION,0,,late,-5.517772021626956
27,0,C3,NONTARGET_CORRECT_REJECTION,0,,early,-0.8565933689540407
27,0,C3,NONTARGET_CORRECT_REJECTION,0,,late,-0.27315875254449723
27,0,C9,NONTARGET_CORRECT_REJECTION,0,,early,-1.5725416437377036
27,0,C9,NONTARGET_CORRECT_REJECTION,0,,late,1.526422383996304
27,0,C8,NONTARGET_CORRECT_REJECTION,0,,early,-1.885903859633811
27,0,C8,NONTARGET_CORRECT_REJECTION,0,,late,-1.0254990906286447
27,0,C6,NONTARGET_CORRECT_REJECTION,0,,early,-3.651663601549249
27,0,C6,NONTARGET_CORRECT_REJECTION,0,,late,-2.23616274040348
27,0,C10,NONTARGET_CORRECT_REJECTION,0,,early,-1.6550966802392364
27,0,C10,NONTARGET_CORRECT_REJECTION,0,,late,-2.276314943895169
27,0,C5,NONTARGET_CORRECT_REJECTION,0,,early,-4.628544528929722
27,0,C5,NONTARGET_CORRECT_REJECTION,0,,late,-1.2754295215780043
27,0,C4,NONTARGET_CORRECT_REJECTION,0,,early,-1.0843286712411129
27,0,C4,NONTARGET_CORRECT_REJECTION,0,,late,-2.1165102543930963
27,0,C10,NONTARGET_CORRECT_REJECTION,0,,early,-6.2644365007319704
27,0,C10,NONTARGET_CORRECT_REJECTION,0,,late,0.7277329129530868
27,0,C2,NONTARGET_CORRECT_REJECTION,0,,early,-0.380039065728969
27,0,C2,NONTARGET_CORRECT_REJECTION,0,,late,-0.47584891505613036
27,0,C4,NONTARGET_CORRECT_REJECTION,0,,early,-7.595584812385586
27,0,C4,NONTARGET_CORRECT_REJECTION,0,,late,-0.29271382840959204
27,0,C6,NONTARGET_CORRECT_REJECTION,0,,early,-5.0221428087564455
27,0,C6,NONTARGET_CORRECT_REJECTION,0,,late,-2.1825514818500675
27,0,C5,NONTARGET_CORRECT_REJECTION,0,,early,-8.569075006386706
27,0,C5,NONTARGET_CORRECT_REJECTION,0,,late,-2.9798427106067087
27,0,C9,NONTARGET_CORRECT_REJECTION,0,,early,-2.1373193340078958
27,0,C9,NONTARGET_CORRECT_REJECTION,0,,late,0.3793028102047628
27,0,C3,NONTARGET_CORRECT_REJECTION,0,,early,-0.7661794200301209
27,0,C3,NONTARGET_CORRECT_REJECTION,0,,late,-3.865856191297444
27,0,C1,NONTARGET_CORRECT_REJECTION,0,,early,-0.05581497779836868
27,0,C1,NONTARGET_CORRECT_REJECTION,0,,late,1.0638187780084853
27,0,C7,NONTARGET_CORRECT_REJECTION,0,,early,-4.150098931431273
27,0,C7,NONTARGET_CORRECT_REJECTION,0,,late,-0.9998315025601002
27,0,C8,NONTARGET_CORRECT_REJECTION,0,,early,-4.571366125093051
27,0,C8,NONTARGET_CORRECT_REJECTION,0,,late,-2.0670177301399906
27,0,C5,NONTARGET_CORRECT_REJECTION,0,,early,-7.504469976018653
27,0,C5,NONTARGET_CORRECT_REJECTION,0,,late,-2.948657633372109
27,0,C7,NONTARGET_CORRECT_REJECTION,0,,early,-5.5093743584014305
27,0,C7,NONTARGET_CORRECT_REJECTION,0,,late,-3.521633897498365
27,0,C6,NONTARGET_CORRECT_REJECTION,0,,early,-2.6676567710386943
27,0,C6,NONTARGET_CORRECT_REJECTION,0,,late,-0.3105236452927853
27,0,C1,NONTARGET_CORRECT_REJECTION,0,,early,-3.1216123968848306
27,0,C1,NONTARGET_CORRECT_REJECTION,0,,late,-2.122455354544632
27,0,C2,NONTARGET_CORRECT_REJECTION,0,,early,-7.015906802306924
27,0,C2,NONTARGET_CORRECT_REJECTION,0,,late,-3.6839045803142576
27,0,C4,NONTARGET_CORRECT_REJECTION,0,,early,0.7685514218875331
27,0,C4,NONTARGET_CORRECT_REJECTION,0,,late,0.24009771984889774
27,0,C9,NONTARGET_CORRECT_REJECTION,0,,early,-1.0107381784036369
27,0,C9,NONTARGET_CORRECT_REJECTION,0,,late,-0.015319825202204065
27,0,C3,NONTARGET_CORRECT_REJECTION,0,,early,-2.639704967571114
27,0,C3,NONTARGET_CORRECT_REJECTION,0,,late,-7.367464995737158
27,0,C10,NONTARGET_CORRECT_REJECTION,0,,early,-5.292971536224439
27,0,C10,NONTARGET_CORRECT_REJECTION,0,,late,-2.047573531386445
27,0,C9,NONTARGET_CORRECT_REJECTION,0,,early,-3.5741637078912714
27,0,C9,NONTARGET_CORRECT_REJECTION,0,,late,-3.175759880137225
27,0,C6,NONTARGET_CORRECT_REJECTION,0,,early,-6.824794992883602
27,0,C6,NONTARGET_CORRECT_REJECTION,0,,late,-2.2190623218116774
27,0,C2,NONTARGET_CORRECT_REJECTION,0,,early,-4.180946357824772
27,0,C2,NONTARGET_CORRECT_REJECTION,0,,late,-2.099304756467351
27,0,C3,NONTARGET_CORRECT_REJECTION,0,,early,0.5197323904647677
27,0,C3,NONTARGET_CORRECT_REJECTION,0,,late,-2.08204157058698
27,0,C8,NONTARGET_CORRECT_REJECTION,0,,early,-5.6157591581213175
27,0,C8,NONTARGET_CORRECT_REJECTION,0,,late,-2.581855351546097
27,0,C4,NONTARGET_CORRECT_REJECTION,0,,early,-6.177740655266465
27,0,C4,NONTARGET_CORRECT_REJECTION,0,,late,-1.8602006980260561
27,0,C1,NONTARGET_CORRECT_REJECTION,0,,early,2.8939818111833064
27,0,C1,NONTARGET_CORRECT_REJECTION,0,,late,-1.6170578966983966
27,0,C7,NONTARGET_CORRECT_REJECTION,0,,early,-6.822609727556031
27,0,C7,NONTARGET_CORRECT_REJECTION,0,,late,-5.278305362773891
27,0,C10,NONTARGET_CORRECT_REJECTION,0,,early,-4.74514991808095
27,0,C10,NONTARGET_CORRECT_REJECTION,0,,late,-3.4587088635206666
27,0,C5,NONTARGET_CORRECT_REJECTION,0,,early,-3.276225615322748
27,0,C5,NONTARGET_CORRECT_REJECTION,0,,late,3.5201023635866244
27,0,C10,NONTARGET_CORRECT_REJECTION,0,,early,-5.953327194153918
27,0,C10,NONTARGET_CORRECT_REJECTION,0,,late,-0.2601058233816354
27,0,C9,NONTARGET_CORRECT_REJECTION,0,,early,-4.083391565129281
27,0,C9,NONTARGET_CORRECT_REJECTION,0,,late,-1.5372728067377424
27,0,C2,NONTARGET_CORRECT_REJECTION,0,,early,-1.9031408929653508
27,0,C2,NONTARGET_CORRECT_REJECTION,0,,late,1.1634400537535599
27,0,C8,NONTARGET_CORRECT_REJECTION,0,,early,-2.555831064515595
27,0,C8,NONTARGET_CORRECT_REJECTION,0,,late,0.6112103582534918
27,0,C7,NONTARGET_CORRECT_REJECTION,0,,early,-1.3900149466126233
27,0,C7,NONTARGET_CORRECT_REJECTION,0,,late,-2.0689846733114274
27,0,C6,NONTARGET_CORRECT_REJECTION,0,,early,-0.5959220140109756
27,0,C6,NONTARGET_CORRECT_REJECTION,0,,late,-3.6709494748924696
27,0,C5,NONTARGET_CORRECT_REJECTION,0,,early,-4.669542050540184
27,0,C5,NONTARGET_CORRECT_REJECTION,0,,late,-3.7668834054765497
27,0,C4,NONTARGET_CORRECT_REJECTION,0,,early,-3.462472568641697
27,0,C4,NONTARGET_CORRECT_REJECTION,0,,late,-6.549294463591322
27,0,C1,NONTARGET_CORRECT_REJECTION,0,,early,-1.9826197806407437
27,0,C1,NONTARGET_CORRECT_REJECTION,0,,late,0.015892511885062344
27,0,C2,NONTARGET_CORRECT_REJECTION,0,,early,-0.7038985851106839
27,0,C2,NONTARGET_CORRECT_REJECTION,0,,late,-2.747821473061751
27,0,C9,NONTARGET_CORRECT_REJECTION,0,,early,-4.743761871070142
27,0,C9,NONTARGET_CORRECT_REJECTION,0,,late,-0.16873158608201358
27,1,C6,NONTARGET_CORRECT_REJECTION,0,,early,-3.3436820533076053
27,1,C6,NONTARGET_CORRECT_REJECTION,0,,late,-5.996970321469709
27,1,C1,NONTARGET_CORRECT_REJECTION,0,,early,3.6614808727796806
27,1,C1,NONTARGET_CORRECT_REJECTION,0,,late,-3.1688994573608182
27,1,C4,NONTARGET_CORRECT_REJECTION,0,,early,-2.2650417111413943
27,1,C4,NONTARGET_CORRECT_REJECTION,0,,late,-5.043318147742481
27,1,C3,NONTARGET_CORRECT_REJECTION,0,,early,3.324220524232995
27,1,C3,NONTARGET_CORRECT_REJECTION,0,,late,-3.3989070663992336
27,1,C5,NONTARGET_CORRECT_REJECTION,0,,early,-2.310297926056838
27,1,C5,NONTARGET_CORRECT_REJECTION,0,,late,-3.769936220271225
27,1,P1,NONTARGET_CORRECT_REJECTION,0,,early,-5.551796135358071
27,1,P1,NONTARGET_CORRECT_REJECTION,0,,late,-1.1575949814738444
27,1,C8,NONTARGET_CORRECT_REJECTION,0,,early,-0.8739589463835996
27,1,C8,NONTARGET_CORRECT_REJECTION,0,,late,-1.4113177559473662
27,1,P2,NONTARGET_CORRECT_REJECTION,0,,early,2.4967349970200323
27,1,P2,NONTARGET_CORRECT_REJECTION,0,,late,-0.6130229874654349
27,1,C7,NONTARGET_CORRECT_REJECTION,0,,early,0.15990545518272536
27,1,C7,NONTARGET_CORRECT_REJECTION,0,,late,-1.126453030336932
27,1,C4,NONTARGET_CORRECT_REJECTION,0,,early,1.995462365174646
27,1,C4,NONTARGET_CORRECT_REJECTION,0,,late,-3.41493938240508
27,1,C3,NONTARGET_CORRECT_REJECTION,0,,early,-2.3408767393990053
27,1,C3,NONTARGET_CORRECT_REJECTION,0,,late,-0.08674139053318732
27,1,C1,NONTARGET_CORRECT_REJECTION,0,,early,0.5211392364324389
27,1,C1,NONTARGET_CORRECT_REJECTION,0,,late,-2.120332850362311
27,1,C7,NONTARGET_CORRECT_REJECTION,0,,early,-4.197476972378838
27,1,C7,NONTARGET_CORRECT_REJECTION,0,,late,-4.8072123062190615
27,1,C6,NONTARGET_CORRECT_REJECTION,0,,early,-0.19912284836234556
27,1,C6,NONTARGET_CORRECT_REJECTION,0,,late,-3.3852746806031946
27,1,C5,NONTARGET_CORRECT_REJECTION,0,,early,3.22328025224943
27,1,C5,NONTARGET_CORRECT_REJECTION,0,,late,-2.149387633545131
27,1,C1,NONTARGET_CORRECT_REJECTION,0,,early,2.1300684609189795
27,1,C1,NONTARGET_CORRECT_REJECTION,0,,late,-1.4770589977969684
27,1,P4,NONTARGET_CORRECT_REJECTION,0,,early,-6.116659228855851
27,1,P4,NONTARGET_CORRECT_REJECTION,0,,late,-3.0581722795223185
27,1,P1,NONTARGET_CORRECT_REJECTION,0,,early,2.1395535164400337
27,1,P1,NONTARGET_CORRECT_REJECTION,0,,late,-2.2825783398482264
27,1,C10,NONTARGET_CORRECT_REJECTION,0,,early,-0.2510693985319399
27,1,C10,NONTARGET_CORRECT_REJECTION,0,,late,-2.023945323354504
27,1,C6,NONTARGET_CORRECT_REJECTION,0,,early,0.19359646322947416
27,1,C6,NONTARGET_CORRECT_REJECTION,0,,late,-3.895057006518205
27,1,C5,NONTARGET_CORRECT_REJECTION,0,,early,-3.9829652208185595
27,1,C5,NONTARGET_CORRECT_REJECTION,0,,late,-2.557208352920975
27,1,C10,NONTARGET_CORRECT_REJECTION,0,,early,-5.084771870169645
27,1,C10,NONTARGET_CORRECT_REJECTION,0,,late,-3.7275160977543207
27,1,P4,NONTARGET_CORRECT_REJECTION,0,,early,-7.537540654297937
27,1,P4,NONTARGET_CORRECT_REJECTION,0,,late,-6.022339910531664
27,1,P3,NONTARGET_CORRECT_REJECTION,0,,early,2.4681358035006644
27,1,P3,NONTARGET_CORRECT_REJECTION,0,,late,-2.131817727904962
27,1,C5,NONTARGET_CORRECT_REJECTION,0,,early,-9.075311760916428
27,1,C5,NONTARGET_CORRECT_REJECTION,0,,late,-6.017319119195809
27,1,C2,NONTARGET_CORRECT_REJECTION,0,,early,-7.811298873402107
27,1,C2,NONTARGET_CORRECT_REJECTION,0,,late,-4.98616376480745
27,1,P4,NONTARGET_CORRECT_REJECTION,0,,early,-0.049763061396322465
27,1,P4,NONTARGET_CORRECT_REJECTION,0,,late,-2.959035944421799
27,1,C8,NONTARGET_FALSE_ALARM,1,741.1999999999534,early,-2.857236498077135
27,1,C8,NONTARGET_FALSE_ALARM,1,741.1999999999534,late,-5.264531786594725
27,1,P3,NONTARGET_CORRECT_REJECTION,0,,early,-2.0933977362931913
27,1,P3,NONTARGET_CORRECT_REJECTION,0,,late,-5.964534781864039
27,1,C9,NONTARGET_CORRECT_REJECTION,0,,early,-3.6962545264748448
27,1,C9,NONTARGET_CORRECT_REJECTION,0,,late,-1.7025842467415178
27,1,C7,NONTARGET_CORRECT_REJECTION,0,,early,-1.1441992295705592
27,1,C7,NONTARGET_CORRECT_REJECTION,0,,late,-1.764552598778355
27,1,C4,NONTARGET_CORRECT_REJECTION,0,,early,-1.5756611016160518
27,1,C4,NONTARGET_CORRECT_REJECTION,0,,late,-6.857403713835133
27,1,C2,NONTARGET_CORRECT_REJECTION,0,,early,-0.46634654142035054
27,1,C2,NONTARGET_CORRECT_REJECTION,0,,late,-2.3751122539805394
27,1,C10,NONTARGET_CORRECT_REJECTION,0,,early,4.109895721904027
27,1,C10,NONTARGET_CORRECT_REJECTION,0,,late,-1.2868268139318289
27,1,C1,NONTARGET_CORRECT_REJECTION,0,,early,-1.796416947899498
27,1,C1,NONTARGET_CORRECT_REJECTION,0,,late,-1.9996513948471903
27,1,C6,NONTARGET_CORRECT_REJECTION,0,,early,-5.406563523116453
27,1,C6,NONTARGET_CORRECT_REJECTION,0,,late,-2.914458782991395
27,1,P4,NONTARGET_CORRECT_REJECTION,0,,early,-5.830622829097734
27,1,P4,NONTARGET_CORRECT_REJECTION,0,,late,-4.196144481829363
27,1,C8,NONTARGET_CORRECT_REJECTION,0,,early,-2.923870393560925
27,1,C8,NONTARGET_CORRECT_REJECTION,0,,late,-4.326262496476114
27,1,P2,NONTARGET_CORRECT_REJECTION,0,,early,-6.549541047598872
27,1,P2,NONTARGET_CORRECT_REJECTION,0,,late,-3.9199530252130557
27,1,C4,NONTARGET_CORRECT_REJECTION,0,,early,-3.6644466926578976
27,1,C4,NONTARGET_CORRECT_REJECTION,0,,late,-3.506754139900224
27,1,C1,NONTARGET_CORRECT_REJECTION,0,,early,1.771880878967707
27,1,C1,NONTARGET_CORRECT_REJECTION,0,,late,-3.3672531711769986
27,1,C2,NONTARGET_CORRECT_REJECTION,0,,early,1.6680419501637198
27,1,C2,NONTARGET_CORRECT_REJECTION,0,,late,-2.7837683010667065
27,1,C6,NONTARGET_CORRECT_REJECTION,0,,early,-2.3970169383267828
27,1,C6,NONTARGET_CORRECT_REJECTION,0,,late,-6.4740711316602955
27,1,P4,NONTARGET_CORRECT_REJECTION,0,,early,-3.0507159306491154
27,1,P4,NONTARGET_CORRECT_REJECTION,0,,late,-2.252417102757352
27,1,C3,NONTARGET_CORRECT_REJECTION,0,,early,-2.224780661957401
27,1,C3,NONTARGET_CORRECT_REJECTION,0,,late,-6.738176364450219
27,1,P1,NONTARGET_CORRECT_REJECTION,0,,early,-5.344189779172129
27,1,P1,NONTARGET_CORRECT_REJECTION,0,,late,-3.948714936111031
27,1,C10,NONTARGET_CORRECT_REJECTION,0,,early,-2.961030201564107
27,1,C10,NONTARGET_CORRECT_REJECTION,0,,late,-1.9814362606922178
27,1,C5,NONTARGET_CORRECT_REJECTION,0,,early,-1.2864847889822388
27,1,C5,NONTARGET_CORRECT_REJECTION,0,,late,-5.970615399989231
27,1,C9,NONTARGET_CORRECT_REJECTION,0,,early,-5.423283226911212
27,1,C9,NONTARGET_CORRECT_REJECTION,0,,late,-3.7816660263409885
27,1,C7,NONTARGET_CORRECT_REJECTION,0,,early,-1.5642732847528886
27,1,C7,NONTARGET_CORRECT_REJECTION,0,,late,-3.0984550628161425
27,1,C4,NONTARGET_CORRECT_REJECTION,0,,early,-0.7777665454680058
27,1,C4,NONTARGET_CORRECT_REJECTION,0,,late,-3.3311768999799156
27,1,P1,NONTARGET_CORRECT_REJECTION,0,,early,0.1825056276123127
27,1,P1,NONTARGET_CORRECT_REJECTION,0,,late,0.7010725823926469
27,1,C6,NONTARGET_CORRECT_REJECTION,0,,early,-1.4046286532179393
27,1,C6,NONTARGET_CORRECT_REJECTION,0,,late,-3.343279184061551
27,1,P4,NONTARGET_CORRECT_REJECTION,0,,early,-3.548477047296647
27,1,P4,NONTARGET_CORRECT_REJECTION,0,,late,-1.5179304193981316
27,1,P2,NONTARGET_CORRECT_REJECTION,0,,early,-3.3239792917019884
27,1,P2,NONTARGET_CORRECT_REJECTION,0,,late,-1.2711271354661338
27,1,C1,NONTARGET_CORRECT_REJECTION,0,,early,-4.43956226940541
27,1,C1,NONTARGET_CORRECT_REJECTION,0,,late,-5.069130981754864
27,1,C8,NONTARGET_CORRECT_REJECTION,0,,early,-5.82785407686055
27,1,C8,NONTARGET_CORRECT_REJECTION,0,,late,-5.218655484092858
27,1,C3,NONTARGET_CORRECT_REJECTION,0,,early,-7.4101684113761666
27,1,C3,NONTARGET_CORRECT_REJECTION,0,,late,-7.040714246196186
27,1,C4,NONTARGET_CORRECT_REJECTION,0,,early,0.28906511188713735
27,1,C4,NONTARGET_CORRECT_REJECTION,0,,late,-0.35875870694791295
27,1,C8,NONTARGET_CORRECT_REJECTION,0,,early,-4.663570929472688
27,1,C8,NONTARGET_CORRECT_REJECTION,0,,late,-3.1862732240354465
27,1,P2,NONTARGET_CORRECT_REJECTION,0,,early,-8.007781186480994
27,1,P2,NONTARGET_CORRECT_REJECTION,0,,late,-1.9609485764046242
27,1,C5,NONTARGET_CORRECT_REJECTION,0,,early,1.2040516635276914
27,1,C5,NONTARGET_CORRECT_REJECTION,0,,late,-5.878820254859583
27,1,C6,NONTARGET_CORRECT_REJECTION,0,,early,-6.6842060381421
27,1,C6,NONTARGET_CORRECT_REJECTION,0,,late,-3.708403119422661
27,1,C2,NONTARGET_CORRECT_REJECTION,0,,early,-2.758901731225363
27,1,C2,NONTARGET_CORRECT_REJECTION,0,,late,-3.5686141205437143
27,1,P3,NONTARGET_CORRECT_REJECTION,0,,early,-5.207660025020614
27,1,P3,NONTARGET_CORRECT_REJECTION,0,,late,-2.367910892256972
27,1,C9,NONTARGET_CORRECT_REJECTION,0,,early,-9.234977056495588
27,1,C9,NONTARGET_CORRECT_REJECTION,0,,late,-4.869384910013194
27,1,C10,NONTARGET_CORRECT_REJECTION,0,,early,-4.357538091763538
27,1,C10,NONTARGET_CORRECT_REJECTION,0,,late,-4.663105259182025
27,1,P4,NONTARGET_CORRECT_REJECTION,0,,early,-5.363997249025192
27,1,P4,NONTARGET_CORRECT_REJECTION,0,,late,-6.725185593136308
27,1,C7,NONTARGET_CORRECT_REJECTION,0,,early,-4.50962169100099
27,1,C7,NONTARGET_CORRECT_REJECTION,0,,late,-3.1824522428992545
27,1,C5,NONTARGET_CORRECT_REJECTION,0,,early,-1.622143731171856
27,1,C5,NONTARGET_CORRECT_REJECTION,0,,late,-2.449993018321071
27,1,C6,NONTARGET_CORRECT_REJECTION,0,,early,-1.661632784155959
27,1,C6,NONTARGET_CORRECT_REJECTION,0,,late,-1.9378189769353522
27,1,C4,NONTARGET_CORRECT_REJECTION,0,,early,-1.3751900884055324
27,1,C4,NONTARGET_CORRECT_REJECTION,0,,late,-5.02221756381499
27,2,P2,NONTARGET_CORRECT_REJECTION,0,,early,-4.764307053676442
27,2,P2,NONTARGET_CORRECT_REJECTION,0,,late,-5.372991415386375
27,2,C3,NONTARGET_CORRECT_REJECTION,0,,early,0.29566171053918566
27,2,C3,NONTARGET_CORRECT_REJECTION,0,,late,-3.6093061976506884
27,2,C5,NONTARGET_CORRECT_REJECTION,0,,early,-1.1142186245495356
27,2,C5,NONTARGET_CORRECT_REJECTION,0,,late,-4.020334926733855
27,2,C8,NONTARGET_CORRECT_REJECTION,0,,early,-3.835617305853517
27,2,C8,NONTARGET_CORRECT_REJECTION,0,,late,-5.002137170909185
27,2,C9,NONTARGET_CORRECT_REJECTION,0,,early,0.07707956444955545
27,2,C9,NONTARGET_CORRECT_REJECTION,0,,late,-4.937059167776283
27,2,P1,NONTARGET_CORRECT_REJECTION,0,,early,-7.245585393784757
27,2,P1,NONTARGET_CORRECT_REJECTION,0,,late,-6.820429913281365
27,2,P3,NONTARGET_CORRECT_REJECTION,0,,early,-2.085578510492186
27,2,P3,NONTARGET_CORRECT_REJECTION,0,,late,-1.9006782438348075
27,2,P1,NONTARGET_CORRECT_REJECTION,0,,early,-5.732283856454523
27,2,P1,NONTARGET_CORRECT_REJECTION,0,,late,-3.3539943823984473
27,2,C2,NONTARGET_CORRECT_REJECTION,0,,early,-1.970631962571549
27,2,C2,NONTARGET_CORRECT_REJECTION,0,,late,-5.975429099919495
27,2,C1,NONTARGET_CORRECT_REJECTION,0,,early,-1.5566270540078648
27,2,C1,NONTARGET_CORRECT_REJECTION,0,,late,-4.405776314552505
27,2,P3,NONTARGET_CORRECT_REJECTION,0,,early,-3.3052126355784406
27,2,P3,NONTARGET_CORRECT_REJECTION,0,,late,0.8583968143525028
27,2,C7,NONTARGET_CORRECT_REJECTION,0,,early,-0.7823232895501343
27,2,C7,NONTARGET_CORRECT_REJECTION,0,,late,-1.003519926515602
27,2,P1,NONTARGET_CORRECT_REJECTION,0,,early,1.4949149572373142
27,2,P1,NONTARGET_CORRECT_REJECTION,0,,late,-2.174701771781083
27,2,C9,NONTARGET_CORRECT_REJECTION,0,,early,-2.9176162459856556
27,2,C9,NONTARGET_CORRECT_REJECTION,0,,late,-5.020664933519219
27,2,P4,NONTARGET_CORRECT_REJECTION,0,,early,0.5781878115136309
27,2,P4,NONTARGET_CORRECT_REJECTION,0,,late,-4.937848671022024
27,2,C6,NONTARGET_CORRECT_REJECTION,0,,early,-4.789099147595938
27,2,C6,NONTARGET_CORRECT_REJECTION,0,,late,-6.321055011941658
27,2,C8,NONTARGET_CORRECT_REJECTION,0,,early,-7.9780737746538835
27,2,C8,NONTARGET_CORRECT_REJECTION,0,,late,-2.4399443410703268
27,2,C5,NONTARGET_CORRECT_REJECTION,0,,early,1.78035268225538
27,2,C5,NONTARGET_CORRECT_REJECTION,0,,late,-0.9387921952681557
27,2,C3,NONTARGET_CORRECT_REJECTION,0,,early,0.8010044926844333
27,2,C3,NONTARGET_CORRECT_REJECTION,0,,late,-5.176922716015633
27,2,C1,NONTARGET_FALSE_ALARM,1,1238.1000000000931,early,0.6717899202268202
27,2,C1,NONTARGET_FALSE_ALARM,1,1238.1000000000931,late,-2.5788711799922943
27,2,P4,NONTARGET_CORRECT_REJECTION,0,,early,0.4314628402979429
27,2,P4,NONTARGET_CORRECT_REJECTION,0,,late,2.683637132634761
27,2,C10,NONTARGET_CORRECT_REJECTION,0,,early,-2.9417579722725287
27,2,C10,NONTARGET_CORRECT_REJECTION,0,,late,-3.0584090852120878
27,2,C6,NONTARGET_CORRECT_REJECTION,0,,early,2.1693093533920518
27,2,C6,NONTARGET_CORRECT_REJECTION,0,,late,0.42846840791197677
27,2,C7,NONTARGET_CORRECT_REJECTION,0,,early,0.573975333270881
27,2,C7,NONTARGET_CORRECT_REJECTION,0,,late,-1.772886505241996
27,2,C6,NONTARGET_CORRECT_REJECTION,0,,early,-6.764332558795633
27,2,C6,NONTARGET_CORRECT_REJECTION,0,,late,-5.490737648106331
27,2,C5,NONTARGET_CORRECT_REJECTION,0,,early,-0.9559789343573324
27,2,C5,NONTARGET_CORRECT_REJECTION,0,,late,-4.561675904012642
27,2,C4,NONTARGET_CORRECT_REJECTION,0,,early,-8.073493988156383
27,2,C4,NONTARGET_CORRECT_REJECTION,0,,late,-4.636938106463475
27,2,C2,NONTARGET_CORRECT_REJECTION,0,,early,2.8266945576295384
27,2,C2,NONTARGET_CORRECT_REJECTION,0,,late,0.13732172307976823
27,2,C1,NONTARGET_CORRECT_REJECTION,0,,early,2.902725125242426
27,2,C1,NONTARGET_CORRECT_REJECTION,0,,late,-1.3957089919769543
27,2,C10,NONTARGET_CORRECT_REJECTION,0,,early,-1.8547670328834853
27,2,C10,NONTARGET_CORRECT_REJECTION,0,,late,-1.8946751489061793
27,2,P1,NONTARGET_CORRECT_REJECTION,0,,early,0.837096178748702
27,2,P1,NONTARGET_CORRECT_REJECTION,0,,late,-3.779132745140952
27,2,C9,NONTARGET_CORRECT_REJECTION,0,,early,-6.798015093233948
27,2,C9,NONTARGET_CORRECT_REJECTION,0,,late,-0.711219037809245
27,2,C5,NONTARGET_CORRECT_REJECTION,0,,early,-4.389380666718838
27,2,C5,NONTARGET_CORRECT_REJECTION,0,,late,-4.588070022519398
27,2,C4,NONTARGET_CORRECT_REJECTION,0,,early,4.287439475660722
27,2,C4,NONTARGET_CORRECT_REJECTION,0,,late,-2.302324882295165
27,2,C8,NONTARGET_CORRECT_REJECTION,0,,early,-4.775329979694402
27,2,C8,NONTARGET_CORRECT_REJECTION,0,,late,-5.705398566498517
27,2,C10,NONTARGET_CORRECT_REJECTION,0,,early,-2.6453743776388787
27,2,C10,NONTARGET_CORRECT_REJECTION,0,,late,-1.6095370643719789
27,2,C1,NONTARGET_CORRECT_REJECTION,0,,early,-1.1633261148548526
27,2,C1,NONTARGET_CORRECT_REJECTION,0,,late,-3.369487191902182
27,2,P4,NONTARGET_CORRECT_REJECTION,0,,early,0.9778111154029839
27,2,P4,NONTARGET_CORRECT_REJECTION,0,,late,-3.499728364059288
27,2,P3,NONTARGET_CORRECT_REJECTION,0,,early,-2.2583919881697394
27,2,P3,NONTARGET_CORRECT_REJECTION,0,,late,-1.485353204079068
27,2,C3,NONTARGET_CORRECT_REJECTION,0,,early,-4.730917619424882
27,2,C3,NONTARGET_CORRECT_REJECTION,0,,late,-7.971729671634788
27,2,C7,NONTARGET_CORRECT_REJECTION,0,,early,-3.905792042693935
27,2,C7,NONTARGET_CORRECT_REJECTION,0,,late,-3.7887325126701503
27,2,C4,NONTARGET_CORRECT_REJECTION,0,,early,1.1802657101511598
27,2,C4,NONTARGET_CORRECT_REJECTION,0,,late,-2.2846163071177092
27,2,C10,NONTARGET_CORRECT_REJECTION,0,,early,-2.2520841522137873
27,2,C10,NONTARGET_CORRECT_REJECTION,0,,late,-1.6255287380005154
27,2,P4,NONTARGET_CORRECT_REJECTION,0,,early,-6.314673345894785
27,2,P4,NONTARGET_CORRECT_REJECTION,0,,late,-2.8711733186728394
27,2,C6,NONTARGET_CORRECT_REJECTION,0,,early,3.706587642634723
27,2,C6,NONTARGET_CORRECT_REJECTION,0,,late,-0.9814697482475351
27,2,C8,NONTARGET_CORRECT_REJECTION,0,,early,-2.24987275380198
27,2,C8,NONTARGET_CORRECT_REJECTION,0,,late,-3.238868222113369
27,2,P1,NONTARGET_CORRECT_REJECTION,0,,early,-3.670321555176808
27,2,P1,NONTARGET_CORRECT_REJECTION,0,,late,-0.31713053231844757
27,2,C7,NONTARGET_CORRECT_REJECTION,0,,early,-4.1900818497894825
27,2,C7,NONTARGET_CORRECT_REJECTION,0,,late,-2.4654755290682693
27,2,P3,NONTARGET_CORRECT_REJECTION,0,,early,-3.4773756250532424
27,2,P3,NONTARGET_CORRECT_REJECTION,0,,late,-3.3163729284549093
27,2,C9,NONTARGET_CORRECT_REJECTION,0,,early,0.4422281999902535
27,2,C9,NONTARGET_CORRECT_REJECTION,0,,late,-3.298330703691939
27,2,C5,NONTARGET_FALSE_ALARM,1,1236.7000000000698,early,3.218622399553006
27,2,C5,NONTARGET_FALSE_ALARM,1,1236.7000000000698,late,-5.210481225094591
27,2,C3,NONTARGET_CORRECT_REJECTION,0,,early,-1.3151858244324046
27,2,C3,NONTARGET_CORRECT_REJECTION,0,,late,-1.7656447048700799
27,2,C4,NONTARGET_CORRECT_REJECTION,0,,early,-3.1552729937058586
27,2,C4,NONTARGET_CORRECT_REJECTION,0,,late,-5.10891925908942
27,2,C2,NONTARGET_CORRECT_REJECTION,0,,early,-2.3397856291288344
27,2,C2,NONTARGET_CORRECT_REJECTION,0,,late,-3.256549701050622
27,2,C5,NONTARGET_CORRECT_REJECTION,0,,early,1.756560642839222
27,2,C5,NONTARGET_CORRECT_REJECTION,0,,late,-5.361401393254886
27,2,C3,NONTARGET_CORRECT_REJECTION,0,,early,-4.32183824335962
27,2,C3,NONTARGET_CORRECT_REJECTION,0,,late,-3.2292832707070622
27,2,P1,NONTARGET_CORRECT_REJECTION,0,,early,-3.1529572724413417
27,2,P1,NONTARGET_CORRECT_REJECTION,0,,late,-0.07058043012220329
27,2,P4,NONTARGET_CORRECT_REJECTION,0,,early,-2.721306061417414
27,2,P4,NONTARGET_CORRECT_REJECTION,0,,late,-4.929020703743839
27,2,C10,NONTARGET_CORRECT_REJECTION,0,,early,-3.728294196521585
27,2,C10,NONTARGET_CORRECT_REJECTION,0,,late,-4.974529366722686
27,2,C1,NONTARGET_CORRECT_REJECTION,0,,early,-0.7622700251655027
27,2,C1,NONTARGET_CORRECT_REJECTION,0,,late,-4.178771369726539
27,2,P2,NONTARGET_CORRECT_REJECTION,0,,early,1.9918589160625189
27,2,P2,NONTARGET_CORRECT_REJECTION,0,,late,-2.240662690108345
27,2,C1,NONTARGET_CORRECT_REJECTION,0,,early,-0.7616661529764838
27,2,C1,NONTARGET_CORRECT_REJECTION,0,,late,-1.2843208287610501
27,2,C9,NONTARGET_CORRECT_REJECTION,0,,early,-3.72025594947055
27,2,C9,NONTARGET_CORRECT_REJECTION,0,,late,-4.327557682140522
27,2,C8,NONTARGET_CORRECT_REJECTION,0,,early,-3.1615260097486653
27,2,C8,NONTARGET_CORRECT_REJECTION,0,,late,-4.23355394640306
27,2,P1,NONTARGET_CORRECT_REJECTION,0,,early,5.428535806148759
27,2,P1,NONTARGET_CORRECT_REJECTION,0,,late,-2.7281497081912747
27,2,C7,NONTARGET_FALSE_ALARM,1,1390.0999999999767,early,-2.3613331553201977
27,2,C7,NONTARGET_FALSE_ALARM,1,1390.0999999999767,late,-1.619696938253351
27,2,C10,NONTARGET_CORRECT_REJECTION,0,,early,-6.062644115650702
27,2,C10,NONTARGET_CORRECT_REJECTION,0,,late,-4.98978245356769
27,2,C4,NONTARGET_CORRECT_REJECTION,0,,early,2.148037105338192
27,2,C4,NONTARGET_CORRECT_REJECTION,0,,late,-2.2675300679177424
27,2,C3,NONTARGET_CORRECT_REJECTION,0,,early,-6.5983365840798305
27,2,C3,NONTARGET_CORRECT_REJECTION,0,,late,-2.3474325584867595
27,2,P2,NONTARGET_CORRECT_REJECTION,0,,early,2.7153527308227323
27,2,P2,NONTARGET_CORRECT_REJECTION,0,,late,-2.088672735271165
27,2,C5,NONTARGET_FALSE_ALARM,1,1331.0999999999767,early,-4.037650273193708
27,2,C5,NONTARGET_FALSE_ALARM,1,1331.0999999999767,late,-1.7976657016013322
27,2,C2,NONTARGET_CORRECT_REJECTION,0,,early,-3.7235529756947163
27,2,C2,NONTARGET_CORRECT_REJECTION,0,,late,-2.7713435029021793
27,2,C9,NONTARGET_CORRECT_REJECTION,0,,early,-0.3525815029126733
27,2,C9,NONTARGET_CORRECT_REJECTION,0,,late,-3.3728993628014794
28,0,C8,NONTARGET_CORRECT_REJECTION,0,,early,2.257030159495616
28,0,C8,NONTARGET_CORRECT_REJECTION,0,,late,-0.43519121867024446
28,0,C9,NONTARGET_CORRECT_REJECTION,0,,early,2.050853757988509
28,0,C9,NONTARGET_CORRECT_REJECTION,0,,late,-2.3427118355381418
28,0,C5,NONTARGET_CORRECT_REJECTION,0,,early,-3.560717849934307
28,0,C5,NONTARGET_CORRECT_REJECTION,0,,late,-3.1301511933829853
28,0,C10,NONTARGET_CORRECT_REJECTION,0,,early,2.0172934303260153
28,0,C10,NONTARGET_CORRECT_REJECTION,0,,late,-2.1725710288837945
28,0,C7,NONTARGET_CORRECT_REJECTION,0,,early,1.928979582068899
28,0,C7,NONTARGET_CORRECT_REJECTION,0,,late,0.6678763894011552
28,0,C1,NONTARGET_CORRECT_REJECTION,0,,early,0.20854358789000202
28,0,C1,NONTARGET_CORRECT_REJECTION,0,,late,-3.425195022148075
28,0,C4,NONTARGET_CORRECT_REJECTION,0,,early,1.3391628287083672
28,0,C4,NONTARGET_CORRECT_REJECTION,0,,late,-0.4109476937215584
28,0,C6,NONTARGET_CORRECT_REJECTION,0,,early,0.5603497142250021
28,0,C6,NONTARGET_CORRECT_REJECTION,0,,late,-3.2058366965096243
28,0,C2,NONTARGET_CORRECT_REJECTION,0,,early,1.0587696105767561
28,0,C2,NONTARGET_CORRECT_REJECTION,0,,late,-1.9198894539591724
28,0,C3,NONTARGET_CORRECT_REJECTION,0,,early,-2.5271596988946547
28,0,C3,NONTARGET_CORRECT_REJECTION,0,,late,-2.677018665472929
28,0,C8,NONTARGET_CORRECT_REJECTION,0,,early,1.3777331118138065
28,0,C8,NONTARGET_CORRECT_REJECTION,0,,late,-1.1908473916347915
28,0,C6,NONTARGET_CORRECT_REJECTION,0,,early,-4.641918000253326
28,0,C6,NONTARGET_CORRECT_REJECTION,0,,late,-5.21079745218323
28,0,C3,NONTARGET_CORRECT_REJECTION,0,,early,1.8320565470169698
28,0,C3,NONTARGET_CORRECT_REJECTION,0,,late,-0.08521275989364452
28,0,C7,NONTARGET_CORRECT_REJECTION,0,,early,-4.141352332349087
28,0,C7,NONTARGET_CORRECT_REJECTION,0,,late,-0.363595551378362
28,0,C9,NONTARGET_CORRECT_REJECTION,0,,early,2.7509291941363196
28,0,C9,NONTARGET_CORRECT_REJECTION,0,,late,0.8121811398550658
28,0,C4,NONTARGET_CORRECT_REJECTION,0,,early,-1.3403154780819873
28,0,C4,NONTARGET_CORRECT_REJECTION,0,,late,0.6739828565658014
28,0,C5,NONTARGET_CORRECT_REJECTION,0,,early,0.373866800125618
28,0,C5,NONTARGET_CORRECT_REJECTION,0,,late,-3.402711834967017
28,0,C1,NONTARGET_CORRECT_REJECTION,0,,early,-2.5715944395001507
28,0,C1,NONTARGET_CORRECT_REJECTION,0,,late,-2.636991772878147
28,0,C10,NONTARGET_CORRECT_REJECTION,0,,early,-2.0368569906531127
28,0,C10,NONTARGET_CORRECT_REJECTION,0,,late,-2.875053807611639
28,0,C2,NONTARGET_CORRECT_REJECTION,0,,early,-2.7593378552017107
28,0,C2,NONTARGET_CORRECT_REJECTION,0,,late,-2.7720822936641283
28,0,C1,NONTARGET_CORRECT_REJECTION,0,,early,-1.372642621830188
28,0,C1,NONTARGET_CORRECT_REJECTION,0,,late,-1.3924609130796541
28,0,C2,NONTARGET_CORRECT_REJECTION,0,,early,3.0965532922766092
28,0,C2,NONTARGET_CORRECT_REJECTION,0,,late,-1.1731983712332354
28,0,C7,NONTARGET_CORRECT_REJECTION,0,,early,-0.6206435058510998
28,0,C7,NONTARGET_CORRECT_REJECTION,0,,late,1.2420520501522678
28,0,C3,NONTARGET_CORRECT_REJECTION,0,,early,1.4997524269661016
28,0,C3,NONTARGET_CORRECT_REJECTION,0,,late,-2.407181696976492
28,0,C9,NONTARGET_CORRECT_REJECTION,0,,early,5.415273723495266
28,0,C9,NONTARGET_CORRECT_REJECTION,0,,late,-0.10773653193048051
28,0,C8,NONTARGET_CORRECT_REJECTION,0,,early,4.115243969775458
28,0,C8,NONTARGET_CORRECT_REJECTION,0,,late,-2.558281879120745
28,0,C6,NONTARGET_CORRECT_REJECTION,0,,early,0.7155984090675803
28,0,C6,NONTARGET_CORRECT_REJECTION,0,,late,0.33765923366054457
28,0,C10,NONTARGET_CORRECT_REJECTION,0,,early,-4.893587778303235
28,0,C10,NONTARGET_CORRECT_REJECTION,0,,late,-1.1668563255250965
28,0,C5,NONTARGET_CORRECT_REJECTION,0,,early,-0.6533029334093935
28,0,C5,NONTARGET_CORRECT_REJECTION,0,,late,-0.9901094155269313
28,0,C4,NONTARGET_CORRECT_REJECTION,0,,early,-3.976930139571914
28,0,C4,NONTARGET_CORRECT_REJECTION,0,,late,-0.5946354038246331
28,0,C10,NONTARGET_CORRECT_REJECTION,0,,early,0.7124177451168981
28,0,C10,NONTARGET_CORRECT_REJECTION,0,,late,-2.3301299511617106
28,0,C2,NONTARGET_CORRECT_REJECTION,0,,early,-6.888129491119221
28,0,C2,NONTARGET_CORRECT_REJECTION,0,,late,-4.0984340333993385
28,0,C4,NONTARGET_CORRECT_REJECTION,0,,early,-2.128953988474139
28,0,C4,NONTARGET_CORRECT_REJECTION,0,,late,0.5961834326832706
28,0,C6,NONTARGET_CORRECT_REJECTION,0,,early,-0.726593882586051
28,0,C6,NONTARGET_CORRECT_REJECTION,0,,late,-1.107720504563382
28,0,C5,NONTARGET_CORRECT_REJECTION,0,,early,-0.800269956050915
28,0,C5,NONTARGET_CORRECT_REJECTION,0,,late,-2.8960257520532213
28,0,C9,NONTARGET_CORRECT_REJECTION,0,,early,-0.08086229831335578
28,0,C9,NONTARGET_CORRECT_REJECTION,0,,late,-1.5756619212179543
28,0,C3,NONTARGET_CORRECT_REJECTION,0,,early,3.319249960304816
28,0,C3,NONTARGET_CORRECT_REJECTION,0,,late,-1.7924474849288727
28,0,C1,NONTARGET_CORRECT_REJECTION,0,,early,-3.8816310631214686
28,0,C1,NONTARGET_CORRECT_REJECTION,0,,late,-0.4671570612296876
28,0,C7,NONTARGET_CORRECT_REJECTION,0,,early,-0.4521891392128972
28,0,C7,NONTARGET_CORRECT_REJECTION,0,,late,-1.3093546295773417
28,0,C8,NONTARGET_CORRECT_REJECTION,0,,early,0.15135580110999014
28,0,C8,NONTARGET_CORRECT_REJECTION,0,,late,-0.031539049298188945
28,0,C8,NONTARGET_CORRECT_REJECTION,0,,early,-1.5298019968511918
28,0,C8,NONTARGET_CORRECT_REJECTION,0,,late,-2.5093350553352924
28,0,C5,NONTARGET_CORRECT_REJECTION,0,,early,-2.158078201736374
28,0,C5,NONTARGET_CORRECT_REJECTION,0,,late,-0.42254090044715853
28,0,C7,NONTARGET_CORRECT_REJECTION,0,,early,-0.14147552754830753
28,0,C7,NONTARGET_CORRECT_REJECTION,0,,late,-2.574606081099456
28,0,C6,NONTARGET_CORRECT_REJECTION,0,,early,-0.9868728478765703
28,0,C6,NONTARGET_CORRECT_REJECTION,0,,late,-2.0412021040101864
28,0,C1,NONTARGET_CORRECT_REJECTION,0,,early,1.6989373464853037
28,0,C1,NONTARGET_CORRECT_REJECTION,0,,late,0.8774684663538367
28,0,C2,NONTARGET_CORRECT_REJECTION,0,,early,-1.5703273911133966
28,0,C2,NONTARGET_CORRECT_REJECTION,0,,late,-3.2003382086699244
28,0,C4,NONTARGET_CORRECT_REJECTION,0,,early,0.009872132117704128
28,0,C4,NONTARGET_CORRECT_REJECTION,0,,late,-2.0890245495350737
28,0,C9,NONTARGET_CORRECT_REJECTION,0,,early,-0.8271070092746521
28,0,C9,NONTARGET_CORRECT_REJECTION,0,,late,-2.306128767252148
28,0,C3,NONTARGET_CORRECT_REJECTION,0,,early,-2.7262893708491016
28,0,C3,NONTARGET_CORRECT_REJECTION,0,,late,-0.6676932292880753
28,0,C10,NONTARGET_CORRECT_REJECTION,0,,early,-0.6708271506809655
28,0,C10,NONTARGET_CORRECT_REJECTION,0,,late,-0.5891093814911286
28,0,C9,NONTARGET_CORRECT_REJECTION,0,,early,0.40062334270477534
28,0,C9,NONTARGET_CORRECT_REJECTION,0,,late,-2.6505186972104116
28,0,C6,NONTARGET_CORRECT_REJECTION,0,,early,-3.166725492244594
28,0,C6,NONTARGET_CORRECT_REJECTION,0,,late,-2.5528899686646476
28,0,C2,NONTARGET_CORRECT_REJECTION,0,,early,-0.9846789804775727
28,0,C2,NONTARGET_CORRECT_REJECTION,0,,late,-3.0876049066102356
28,0,C3,NONTARGET_CORRECT_REJECTION,0,,early,0.5246864367710439
28,0,C3,NONTARGET_CORRECT_REJECTION,0,,late,0.5043490418376485
28,0,C8,NONTARGET_CORRECT_REJECTION,0,,early,-0.961669555277276
28,0,C8,NONTARGET_CORRECT_REJECTION,0,,late,-1.7596739787614406
28,0,C4,NONTARGET_CORRECT_REJECTION,0,,early,-1.8042618862990147
28,0,C4,NONTARGET_CORRECT_REJECTION,0,,late,-0.9252735854783596
28,0,C1,NONTARGET_CORRECT_REJECTION,0,,early,-3.56023873517117
28,0,C1,NONTARGET_CORRECT_REJECTION,0,,late,-0.5571521120699888
28,0,C7,NONTARGET_CORRECT_REJECTION,0,,early,-3.716507495108382
28,0,C7,NONTARGET_CORRECT_REJECTION,0,,late,-1.7202631307481082
28,0,C10,NONTARGET_CORRECT_REJECTION,0,,early,-2.3797757430849806
28,0,C10,NONTARGET_CORRECT_REJECTION,0,,late,-1.2332824275869845
28,0,C5,NONTARGET_CORRECT_REJECTION,0,,early,-3.3319132216427896
28,0,C5,NONTARGET_CORRECT_REJECTION,0,,late,-2.819625351024506
28,0,C10,NONTARGET_CORRECT_REJECTION,0,,early,2.132143639682779
28,0,C10,NONTARGET_CORRECT_REJECTION,0,,late,0.27965988590552426
28,0,C9,NONTARGET_CORRECT_REJECTION,0,,early,0.7655748646610767
28,0,C9,NONTARGET_CORRECT_REJECTION,0,,late,-1.296702224542112
28,0,C2,NONTARGET_CORRECT_REJECTION,0,,early,-0.14327107519008128
28,0,C2,NONTARGET_CORRECT_REJECTION,0,,late,-2.33361622659318
28,0,C8,NONTARGET_CORRECT_REJECTION,0,,early,-3.7813734641436794
28,0,C8,NONTARGET_CORRECT_REJECTION,0,,late,-1.8360061144761368
28,0,C7,NONTARGET_CORRECT_REJECTION,0,,early,0.06658183044637252
28,0,C7,NONTARGET_CORRECT_REJECTION,0,,late,-1.6955855194368283
28,0,C6,NONTARGET_CORRECT_REJECTION,0,,early,0.9788343931180135
28,0,C6,NONTARGET_CORRECT_REJECTION,0,,late,-2.753536535130898
28,0,C5,NONTARGET_CORRECT_REJECTION,0,,early,-0.14803232663505783
28,0,C5,NONTARGET_CORRECT_REJECTION,0,,late,-1.1100469024261594
28,0,C4,NONTARGET_CORRECT_REJECTION,0,,early,-3.4046647216167933
28,0,C4,NONTARGET_CORRECT_REJECTION,0,,late,-1.6935525859605738
28,0,C3,NONTARGET_CORRECT_REJECTION,0,,early,0.7901563686372602
28,0,C3,NONTARGET_CORRECT_REJECTION,0,,late,-4.23555751056115
28,0,C1,NONTARGET_CORRECT_REJECTION,0,,early,-5.113852617185551
28,0,C1,NONTARGET_CORRECT_REJECTION,0,,late,-3.4290659357534254
28,0,C2,NONTARGET_CORRECT_REJECTION,0,,early,-4.835815506345965
28,0,C2,NONTARGET_CORRECT_REJECTION,0,,late,-2.7942972068260867
28,0,C9,NONTARGET_CORRECT_REJECTION,0,,early,-2.5647642750572937
28,0,C9,NONTARGET_CORRECT_REJECTION,0,,late,-0.8610262102073364
28,1,C6,NONTARGET_CORRECT_REJECTION,0,,early,2.007820265955964
28,1,C6,NONTARGET_CORRECT_REJECTION,0,,late,-1.940822540340419
28,1,C1,NONTARGET_CORRECT_REJECTION,0,,early,0.0612253888605358
28,1,C1,NONTARGET_CORRECT_REJECTION,0,,late,-2.349307164065032
28,1,C4,NONTARGET_CORRECT_REJECTION,0,,early,2.0546998662432974
28,1,C4,NONTARGET_CORRECT_REJECTION,0,,late,0.16839026766598042
28,1,C3,NONTARGET_CORRECT_REJECTION,0,,early,1.0210941772319333
28,1,C3,NONTARGET_CORRECT_REJECTION,0,,late,-3.210539671210137
28,1,C5,NONTARGET_CORRECT_REJECTION,0,,early,0.6838400416968899
28,1,C5,NONTARGET_CORRECT_REJECTION,0,,late,-1.1084058914692643
28,1,P1,NONTARGET_CORRECT_REJECTION,0,,early,-0.5988187207703642
28,1,P1,NONTARGET_CORRECT_REJECTION,0,,late,-2.940612926076211
28,1,C8,NONTARGET_CORRECT_REJECTION,0,,early,0.5673052879724914
28,1,C8,NONTARGET_CORRECT_REJECTION,0,,late,-3.4109146715031193
28,1,P2,NONTARGET_CORRECT_REJECTION,0,,early,-3.4886996455588437
28,1,P2,NONTARGET_CORRECT_REJECTION,0,,late,-2.933335205807331
28,1,C4,NONTARGET_CORRECT_REJECTION,0,,early,0.3387464603585518
28,1,C4,NONTARGET_CORRECT_REJECTION,0,,late,-1.4936766193737754
28,1,C3,NONTARGET_CORRECT_REJECTION,0,,early,-0.5408052695218004
28,1,C3,NONTARGET_CORRECT_REJECTION,0,,late,-2.5274784729107114
28,1,C1,NONTARGET_CORRECT_REJECTION,0,,early,-2.8329295312843543
28,1,C1,NONTARGET_CORRECT_REJECTION,0,,late,-2.9048430803707035
28,1,C7,NONTARGET_CORRECT_REJECTION,0,,early,-0.1318076342661717
28,1,C7,NONTARGET_CORRECT_REJECTION,0,,late,-2.9337457058256913
28,1,P2,NONTARGET_CORRECT_REJECTION,0,,early,2.9784569418237257
28,1,P2,NONTARGET_CORRECT_REJECTION,0,,late,-2.678483625841864
28,1,C1,NONTARGET_CORRECT_REJECTION,0,,early,-4.273632051104018
28,1,C1,NONTARGET_CORRECT_REJECTION,0,,late,-2.5903639929765325
28,1,P4,NONTARGET_CORRECT_REJECTION,0,,early,-2.47412427016102
28,1,P4,NONTARGET_CORRECT_REJECTION,0,,late,-3.3002334740266033
28,1,P1,NONTARGET_CORRECT_REJECTION,0,,early,-0.9651312193775415
28,1,P1,NONTARGET_CORRECT_REJECTION,0,,late,-0.3048951714399832
28,1,C10,NONTARGET_CORRECT_REJECTION,0,,early,-1.0824801022729558
28,1,C10,NONTARGET_CORRECT_REJECTION,0,,late,-2.130728713130669
28,1,C3,NONTARGET_CORRECT_REJECTION,0,,early,-3.086451988393818
28,1,C3,NONTARGET_CORRECT_REJECTION,0,,late,-1.9146465999228166
28,1,C5,NONTARGET_CORRECT_REJECTION,0,,early,0.9299865207136032
28,1,C5,NONTARGET_CORRECT_REJECTION,0,,late,-2.1714290030483583
28,1,C10,NONTARGET_CORRECT_REJECTION,0,,early,3.288318848117455
28,1,C10,NONTARGET_CORRECT_REJECTION,0,,late,0.9706496312266428
28,1,P4,NONTARGET_CORRECT_REJECTION,0,,early,-0.5031740730299694
28,1,P4,NONTARGET_CORRECT_REJECTION,0,,late,-1.643501165894256
28,1,P3,NONTARGET_CORRECT_REJECTION,0,,early,-4.853663362513939
28,1,P3,NONTARGET_CORRECT_REJECTION,0,,late,-1.1735014495022151
28,1,C5,NONTARGET_CORRECT_REJECTION,0,,early,0.8838408484212943
28,1,C5,NONTARGET_CORRECT_REJECTION,0,,late,-1.7278943605843449
28,1,P4,NONTARGET_CORRECT_REJECTION,0,,early,1.1982037398013368
28,1,P4,NONTARGET_CORRECT_REJECTION,0,,late,-1.814063471403091
28,1,C8,NONTARGET_CORRECT_REJECTION,0,,early,2.5077853355431166
28,1,C8,NONTARGET_CORRECT_REJECTION,0,,late,-1.1092311892595905
28,1,P3,NONTARGET_CORRECT_REJECTION,0,,early,2.6032209496253693
28,1,P3,NONTARGET_CORRECT_REJECTION,0,,late,-1.043445316701427
28,1,C9,NONTARGET_CORRECT_REJECTION,0,,early,4.9324521128602274
28,1,C9,NONTARGET_CORRECT_REJECTION,0,,late,-1.936533747587807
28,1,C7,NONTARGET_CORRECT_REJECTION,0,,early,-0.17472501515621536
28,1,C7,NONTARGET_CORRECT_REJECTION,0,,late,-0.07332740105313537
28,1,C4,NONTARGET_CORRECT_REJECTION,0,,early,3.8131373626745373
28,1,C4,NONTARGET_CORRECT_REJECTION,0,,late,-0.22092151477626124
28,1,C2,NONTARGET_CORRECT_REJECTION,0,,early,-0.6430636179583465
28,1,C2,NONTARGET_CORRECT_REJECTION,0,,late,-2.679637688136256
28,1,C10,NONTARGET_CORRECT_REJECTION,0,,early,-3.052885018712864
28,1,C10,NONTARGET_CORRECT_REJECTION,0,,late,-2.5964402045660173
28,1,C1,NONTARGET_CORRECT_REJECTION,0,,early,-0.8188746057825579
28,1,C1,NONTARGET_CORRECT_REJECTION,0,,late,-1.069601071784292
28,1,C6,NONTARGET_CORRECT_REJECTION,0,,early,-1.0025097471796636
28,1,C6,NONTARGET_CORRECT_REJECTION,0,,late,-3.5242281584922446
28,1,P4,NONTARGET_CORRECT_REJECTION,0,,early,2.8386170984835997
28,1,P4,NONTARGET_CORRECT_REJECTION,0,,late,-0.09219593183322795
28,1,P2,NONTARGET_CORRECT_REJECTION,0,,early,-1.776070534830849
28,1,P2,NONTARGET_CORRECT_REJECTION,0,,late,-0.10612149471452756
28,1,C4,NONTARGET_CORRECT_REJECTION,0,,early,2.2567264644521825
28,1,C4,NONTARGET_CORRECT_REJECTION,0,,late,-1.4234430632435846
28,1,C1,NONTARGET_CORRECT_REJECTION,0,,early,1.2080096738612043
28,1,C1,NONTARGET_CORRECT_REJECTION,0,,late,-1.2900645278773686
28,1,C2,NONTARGET_CORRECT_REJECTION,0,,early,1.318616159352921
28,1,C2,NONTARGET_CORRECT_REJECTION,0,,late,-0.7652799441748851
28,1,C6,NONTARGET_CORRECT_REJECTION,0,,early,0.5883643320519076
28,1,C6,NONTARGET_CORRECT_REJECTION,0,,late,-3.7296199852821
28,1,P4,NONTARGET_CORRECT_REJECTION,0,,early,-1.918514583491134
28,1,P4,NONTARGET_CORRECT_REJECTION,0,,late,0.03110131448067584
28,1,C3,NONTARGET_CORRECT_REJECTION,0,,early,0.4233705817128717
28,1,C3,NONTARGET_CORRECT_REJECTION,0,,late,-0.28251592705622136
28,1,P1,NONTARGET_CORRECT_REJECTION,0,,early,1.196176195808613
28,1,P1,NONTARGET_CORRECT_REJECTION,0,,late,-2.4931042565474693
28,1,C10,NONTARGET_CORRECT_REJECTION,0,,early,-2.4738334491083838
28,1,C10,NONTARGET_CORRECT_REJECTION,0,,late,-3.2964825356864567
28,1,C5,NONTARGET_CORRECT_REJECTION,0,,early,-2.876868661797278
28,1,C5,NONTARGET_CORRECT_REJECTION,0,,late,-1.5528159177175564
28,1,C9,NONTARGET_CORRECT_REJECTION,0,,early,0.32283248964405253
28,1,C9,NONTARGET_CORRECT_REJECTION,0,,late,-1.880013241101053
28,1,C7,NONTARGET_CORRECT_REJECTION,0,,early,2.215423616395025
28,1,C7,NONTARGET_CORRECT_REJECTION,0,,late,-2.6310267112947012
28,1,C4,NONTARGET_CORRECT_REJECTION,0,,early,-1.2668837248362543
28,1,C4,NONTARGET_CORRECT_REJECTION,0,,late,-3.7552343097428778
28,1,P1,NONTARGET_CORRECT_REJECTION,0,,early,2.2039034584371078
28,1,P1,NONTARGET_CORRECT_REJECTION,0,,late,-1.5286089663897648
28,1,C6,NONTARGET_CORRECT_REJECTION,0,,early,0.8091774825591341
28,1,C6,NONTARGET_CORRECT_REJECTION,0,,late,-2.9587074471954127
28,1,P4,NONTARGET_CORRECT_REJECTION,0,,early,-2.643198796365891
28,1,P4,NONTARGET_CORRECT_REJECTION,0,,late,-1.5991329846318942
28,1,P2,NONTARGET_CORRECT_REJECTION,0,,early,0.238511006719564
28,1,P2,NONTARGET_CORRECT_REJECTION,0,,late,-0.8747249731318266
28,1,C1,NONTARGET_CORRECT_REJECTION,0,,early,2.094149224636808
28,1,C1,NONTARGET_CORRECT_REJECTION,0,,late,-2.8152652665744293
28,1,C8,NONTARGET_CORRECT_REJECTION,0,,early,0.3329986862908674
28,1,C8,NONTARGET_CORRECT_REJECTION,0,,late,-2.0951423757050947
28,1,C3,NONTARGET_CORRECT_REJECTION,0,,early,1.630503198477656
28,1,C3,NONTARGET_CORRECT_REJECTION,0,,late,-0.4220114256320639
28,1,C4,NONTARGET_CORRECT_REJECTION,0,,early,-0.02593612227673701
28,1,C4,NONTARGET_CORRECT_REJECTION,0,,late,-1.7656506240197316
28,1,C8,NONTARGET_CORRECT_REJECTION,0,,early,1.9507070237974324
28,1,C8,NONTARGET_CORRECT_REJECTION,0,,late,-2.457271819446051
28,1,P2,NONTARGET_CORRECT_REJECTION,0,,early,0.5454041559345894
28,1,P2,NONTARGET_CORRECT_REJECTION,0,,late,1.0285281386003877
28,1,C5,NONTARGET_CORRECT_REJECTION,0,,early,3.1207940017852356
28,1,C5,NONTARGET_CORRECT_REJECTION,0,,late,0.024228271359034374
28,1,C6,NONTARGET_CORRECT_REJECTION,0,,early,2.023072762920933
28,1,C6,NONTARGET_CORRECT_REJECTION,0,,late,-1.5542948408502428
28,1,C2,NONTARGET_CORRECT_REJECTION,0,,early,0.25669062936528425
28,1,C2,NONTARGET_CORRECT_REJECTION,0,,late,-1.4444678123579766
28,1,P3,NONTARGET_CORRECT_REJECTION,0,,early,-0.3209654712104366
28,1,P3,NONTARGET_CORRECT_REJECTION,0,,late,-1.6874548768440825
28,1,C9,NONTARGET_CORRECT_REJECTION,0,,early,3.8679084588290658
28,1,C9,NONTARGET_CORRECT_REJECTION,0,,late,-2.017781591261598
28,1,C10,NONTARGET_CORRECT_REJECTION,0,,early,-1.2207112838604304
28,1,C10,NONTARGET_CORRECT_REJECTION,0,,late,-1.457489748776894
28,1,P4,NONTARGET_CORRECT_REJECTION,0,,early,-2.7587423935529976
28,1,P4,NONTARGET_CORRECT_REJECTION,0,,late,-2.75127126878398
28,1,C7,NONTARGET_CORRECT_REJECTION,0,,early,-0.41448899007475404
28,1,C7,NONTARGET_CORRECT_REJECTION,0,,late,-4.476179580052282
28,1,C5,NONTARGET_CORRECT_REJECTION,0,,early,-1.0769026084783433
28,1,C5,NONTARGET_CORRECT_REJECTION,0,,late,-1.818381467794079
28,1,C6,NONTARGET_CORRECT_REJECTION,0,,early,-2.480500106787836
28,1,C6,NONTARGET_CORRECT_REJECTION,0,,late,-2.3019516327948675
28,1,C4,NONTARGET_CORRECT_REJECTION,0,,early,1.947347061734395
28,1,C4,NONTARGET_CORRECT_REJECTION,0,,late,-0.48522366787724575
28,2,P2,NONTARGET_CORRECT_REJECTION,0,,early,-0.38382787324122686
28,2,P2,NONTARGET_CORRECT_REJECTION,0,,late,-1.6239506502973142
28,2,C3,NONTARGET_CORRECT_REJECTION,0,,early,1.5379146851607444
28,2,C3,NONTARGET_CORRECT_REJECTION,0,,late,-1.5416448956223787
28,2,C8,NONTARGET_CORRECT_REJECTION,0,,early,-1.1589620679736448
28,2,C8,NONTARGET_CORRECT_REJECTION,0,,late,-3.3283835269974267
28,2,C9,NONTARGET_CORRECT_REJECTION,0,,early,-0.7084689787813379
28,2,C9,NONTARGET_CORRECT_REJECTION,0,,late,-2.1820633317660962
28,2,P1,NONTARGET_FALSE_ALARM,1,1567.7999999999302,early,3.595309424059778
28,2,P1,NONTARGET_FALSE_ALARM,1,1567.7999999999302,late,-1.6725819443714474
28,2,P3,NONTARGET_CORRECT_REJECTION,0,,early,-0.9331251982455564
28,2,P3,NONTARGET_CORRECT_REJECTION,0,,late,-0.8594398435839518
28,2,P1,NONTARGET_CORRECT_REJECTION,0,,early,-1.6539632391762762
28,2,P1,NONTARGET_CORRECT_REJECTION,0,,late,-2.1038599047978983
28,2,C2,NONTARGET_CORRECT_REJECTION,0,,early,6.091571635603747
28,2,C2,NONTARGET_CORRECT_REJECTION,0,,late,-0.6207635080425816
28,2,C1,NONTARGET_CORRECT_REJECTION,0,,early,4.0305346601245
28,2,C1,NONTARGET_CORRECT_REJECTION,0,,late,-0.17661851405937945
28,2,P3,NONTARGET_FALSE_ALARM,1,651.7999999999302,early,-2.63536071383371
28,2,P3,NONTARGET_FALSE_ALARM,1,651.7999999999302,late,-1.6407649147560184
28,2,C7,NONTARGET_CORRECT_REJECTION,0,,early,-0.27251882369264485
28,2,C7,NONTARGET_CORRECT_REJECTION,0,,late,-2.3100866745656536
28,2,P1,NONTARGET_CORRECT_REJECTION,0,,early,-0.4791250613276141
28,2,P1,NONTARGET_CORRECT_REJECTION,0,,late,-3.2703461461124057
28,2,C9,NONTARGET_CORRECT_REJECTION,0,,early,-0.5819453515099097
28,2,C9,NONTARGET_CORRECT_REJECTION,0,,late,-1.4838087590433626
28,2,P4,NONTARGET_CORRECT_REJECTION,0,,early,0.5089512405633813
28,2,P4,NONTARGET_CORRECT_REJECTION,0,,late,-1.7121558979479632
28,2,C6,NONTARGET_CORRECT_REJECTION,0,,early,0.3328070239435989
28,2,C6,NONTARGET_CORRECT_REJECTION,0,,late,-1.693027149516056
28,2,C8,NONTARGET_CORRECT_REJECTION,0,,early,-2.0815274409257682
28,2,C8,NONTARGET_CORRECT_REJECTION,0,,late,-1.794500746673842
28,2,C5,NONTARGET_CORRECT_REJECTION,0,,early,-0.03780710586604827
28,2,C5,NONTARGET_CORRECT_REJECTION,0,,late,0.8060851906682643
28,2,C3,NONTARGET_CORRECT_REJECTION,0,,early,4.147727267739762
28,2,C3,NONTARGET_CORRECT_REJECTION,0,,late,-1.1437899638000055
28,2,C1,NONTARGET_CORRECT_REJECTION,0,,early,-1.1351150588444197
28,2,C1,NONTARGET_CORRECT_REJECTION,0,,late,-3.3146816304915707
28,2,P4,NONTARGET_CORRECT_REJECTION,0,,early,-1.6854336414517472
28,2,P4,NONTARGET_CORRECT_REJECTION,0,,late,-1.6700243679518636
28,2,C10,NONTARGET_CORRECT_REJECTION,0,,early,0.015423465623627614
28,2,C10,NONTARGET_CORRECT_REJECTION,0,,late,-3.0226999927188913
28,2,C8,NONTARGET_CORRECT_REJECTION,0,,early,5.860247578741213
28,2,C8,NONTARGET_CORRECT_REJECTION,0,,late,-1.7434338532029374
28,2,C6,NONTARGET_CORRECT_REJECTION,0,,early,1.5788699982486505
28,2,C6,NONTARGET_CORRECT_REJECTION,0,,late,-2.914343469792643
28,2,C7,NONTARGET_CORRECT_REJECTION,0,,early,0.9878631371195742
28,2,C7,NONTARGET_CORRECT_REJECTION,0,,late,-2.584592172576173
28,2,C6,NONTARGET_FALSE_ALARM,1,642.8999999999069,early,-1.3102065701719825
28,2,C6,NONTARGET_FALSE_ALARM,1,642.8999999999069,late,0.567159927509297
28,2,C5,NONTARGET_CORRECT_REJECTION,0,,early,1.8674722382679974
28,2,C5,NONTARGET_CORRECT_REJECTION,0,,late,-0.9178388446036085
28,2,C4,NONTARGET_CORRECT_REJECTION,0,,early,0.7321209536788411
28,2,C4,NONTARGET_CORRECT_REJECTION,0,,late,-3.8424551350787235
28,2,C2,NONTARGET_CORRECT_REJECTION,0,,early,-0.7917942680401128
28,2,C2,NONTARGET_CORRECT_REJECTION,0,,late,-0.3017178054691127
28,2,C1,NONTARGET_CORRECT_REJECTION,0,,early,0.8478231379686019
28,2,C1,NONTARGET_CORRECT_REJECTION,0,,late,-2.612745506301704
28,2,C10,NONTARGET_CORRECT_REJECTION,0,,early,-2.490074744234141
28,2,C10,NONTARGET_CORRECT_REJECTION,0,,late,-0.6124405751327818
28,2,P1,NONTARGET_CORRECT_REJECTION,0,,early,0.8476134430575849
28,2,P1,NONTARGET_CORRECT_REJECTION,0,,late,-4.902487923075716
28,2,C9,NONTARGET_CORRECT_REJECTION,0,,early,0.3830069254858533
28,2,C9,NONTARGET_CORRECT_REJECTION,0,,late,-1.4531922399861186
28,2,C5,NONTARGET_CORRECT_REJECTION,0,,early,0.6393007868737478
28,2,C5,NONTARGET_CORRECT_REJECTION,0,,late,0.6713486408636932
28,2,C4,NONTARGET_CORRECT_REJECTION,0,,early,-0.23471230093530718
28,2,C4,NONTARGET_CORRECT_REJECTION,0,,late,-5.441916784465034
28,2,C8,NONTARGET_CORRECT_REJECTION,0,,early,2.712867126598241
28,2,C8,NONTARGET_CORRECT_REJECTION,0,,late,-3.61697495530442
28,2,C10,NONTARGET_CORRECT_REJECTION,0,,early,-0.8126225589964189
28,2,C10,NONTARGET_CORRECT_REJECTION,0,,late,-3.3930520794560497
28,2,C1,NONTARGET_CORRECT_REJECTION,0,,early,-1.4411260278412708
28,2,C1,NONTARGET_CORRECT_REJECTION,0,,late,-1.4777088222724997
28,2,P4,NONTARGET_CORRECT_REJECTION,0,,early,-0.7076463617279687
28,2,P4,NONTARGET_CORRECT_REJECTION,0,,late,-2.537358690660747
28,2,P3,NONTARGET_CORRECT_REJECTION,0,,early,-0.06147490803096555
28,2,P3,NONTARGET_CORRECT_REJECTION,0,,late,-2.332628154784891
28,2,C3,NONTARGET_CORRECT_REJECTION,0,,early,0.11785592797820317
28,2,C3,NONTARGET_CORRECT_REJECTION,0,,late,-1.29213504173832
28,2,C7,NONTARGET_CORRECT_REJECTION,0,,early,-3.238958442641636
28,2,C7,NONTARGET_CORRECT_REJECTION,0,,late,-0.6740421647602893
28,2,C4,NONTARGET_CORRECT_REJECTION,0,,early,0.13269931841562516
28,2,C4,NONTARGET_CORRECT_REJECTION,0,,late,-1.687097758136
28,2,C10,NONTARGET_CORRECT_REJECTION,0,,early,-1.7329243439707727
28,2,C10,NONTARGET_CORRECT_REJECTION,0,,late,-2.5171123191328646
28,2,P4,NONTARGET_CORRECT_REJECTION,0,,early,-2.0987109499606578
28,2,P4,NONTARGET_CORRECT_REJECTION,0,,late,-3.069644991110553
28,2,C6,NONTARGET_CORRECT_REJECTION,0,,early,1.624867591873609
28,2,C6,NONTARGET_CORRECT_REJECTION,0,,late,0.9266949079897573
28,2,C8,NONTARGET_FALSE_ALARM,1,492.79999999993015,early,2.624092759851511
28,2,C8,NONTARGET_FALSE_ALARM,1,492.79999999993015,late,-3.1161303518429353
28,2,P1,NONTARGET_CORRECT_REJECTION,0,,early,1.2205629665745577
28,2,P1,NONTARGET_CORRECT_REJECTION,0,,late,-1.2632457182003238
28,2,C7,NONTARGET_CORRECT_REJECTION,0,,early,3.3114055206658004
28,2,C7,NONTARGET_CORRECT_REJECTION,0,,late,-1.2589873069462203
28,2,P3,NONTARGET_CORRECT_REJECTION,0,,early,-3.8958039313207204
28,2,P3,NONTARGET_CORRECT_REJECTION,0,,late,-2.235251967731976
28,2,C9,NONTARGET_CORRECT_REJECTION,0,,early,0.4043454930620017
28,2,C9,NONTARGET_CORRECT_REJECTION,0,,late,-3.1423438212647676
28,2,C5,NONTARGET_CORRECT_REJECTION,0,,early,3.8089187721899918
28,2,C5,NONTARGET_CORRECT_REJECTION,0,,late,-1.700873039152832
28,2,C3,NONTARGET_CORRECT_REJECTION,0,,early,1.8623500597211486
28,2,C3,NONTARGET_CORRECT_REJECTION,0,,late,-1.0517799446319458
28,2,C4,NONTARGET_CORRECT_REJECTION,0,,early,0.3427786742409587
28,2,C4,NONTARGET_CORRECT_REJECTION,0,,late,-1.1307636866058028
28,2,C2,NONTARGET_CORRECT_REJECTION,0,,early,-0.5115836604425995
28,2,C2,NONTARGET_CORRECT_REJECTION,0,,late,-3.208162434226263
28,2,C7,NONTARGET_CORRECT_REJECTION,0,,early,3.314646770891361
28,2,C7,NONTARGET_CORRECT_REJECTION,0,,late,0.47190778426013213
28,2,C6,NONTARGET_CORRECT_REJECTION,0,,early,0.09864689680234044
28,2,C6,NONTARGET_CORRECT_REJECTION,0,,late,-4.0981991687010115
28,2,C5,NONTARGET_CORRECT_REJECTION,0,,early,0.10297502838690795
28,2,C5,NONTARGET_CORRECT_REJECTION,0,,late,-1.157043284430588
28,2,C3,NONTARGET_CORRECT_REJECTION,0,,early,-1.2093417754029117
28,2,C3,NONTARGET_CORRECT_REJECTION,0,,late,-2.8819994605078603
28,2,P1,NONTARGET_CORRECT_REJECTION,0,,early,-0.08050085171390418
28,2,P1,NONTARGET_CORRECT_REJECTION,0,,late,-1.6163421700146936
28,2,P4,NONTARGET_CORRECT_REJECTION,0,,early,-2.2585108614409632
28,2,P4,NONTARGET_CORRECT_REJECTION,0,,late,-0.7700432391850999
28,2,C10,NONTARGET_CORRECT_REJECTION,0,,early,-3.689831798130988
28,2,C10,NONTARGET_CORRECT_REJECTION,0,,late,-2.881296569560855
28,2,C1,NONTARGET_CORRECT_REJECTION,0,,early,8.131381938170188
28,2,C1,NONTARGET_CORRECT_REJECTION,0,,late,-0.779715246293237
28,2,P2,NONTARGET_CORRECT_REJECTION,0,,early,-2.303668223434147
28,2,P2,NONTARGET_CORRECT_REJECTION,0,,late,-2.0254468928122233
28,2,C1,NONTARGET_CORRECT_REJECTION,0,,early,3.201144824150204
28,2,C1,NONTARGET_CORRECT_REJECTION,0,,late,-0.3898222857971043
28,2,C9,NONTARGET_CORRECT_REJECTION,0,,early,-3.218654941054512
28,2,C9,NONTARGET_CORRECT_REJECTION,0,,late,-3.5365559773858033
28,2,C8,NONTARGET_CORRECT_REJECTION,0,,early,-0.675132616132204
28,2,C8,NONTARGET_CORRECT_REJECTION,0,,late,-2.3935155601659175
28,2,P1,NONTARGET_CORRECT_REJECTION,0,,early,0.16999219850108407
28,2,P1,NONTARGET_CORRECT_REJECTION,0,,late,-1.5298341144273837
28,2,C7,NONTARGET_CORRECT_REJECTION,0,,early,0.037600011576881705
28,2,C7,NONTARGET_CORRECT_REJECTION,0,,late,0.97097501477407
28,2,C10,NONTARGET_CORRECT_REJECTION,0,,early,-1.9441225892050582
28,2,C10,NONTARGET_CORRECT_REJECTION,0,,late,-2.766063022542754
28,2,C4,NONTARGET_CORRECT_REJECTION,0,,early,-0.5198941070182036
28,2,C4,NONTARGET_CORRECT_REJECTION,0,,late,-1.1150038755139202
28,2,C3,NONTARGET_CORRECT_REJECTION,0,,early,-0.15725018555479836
28,2,C3,NONTARGET_CORRECT_REJECTION,0,,late,-3.776980287811416
28,2,P2,NONTARGET_CORRECT_REJECTION,0,,early,-3.502902522617558
28,2,P2,NONTARGET_CORRECT_REJECTION,0,,late,1.2790368895859356
28,2,C5,NONTARGET_CORRECT_REJECTION,0,,early,-1.4876735739230504
28,2,C5,NONTARGET_CORRECT_REJECTION,0,,late,-3.537508273588318
28,2,C2,NONTARGET_CORRECT_REJECTION,0,,early,5.002870802706311
28,2,C2,NONTARGET_CORRECT_REJECTION,0,,late,-3.1869581854701816
28,2,C9,NONTARGET_CORRECT_REJECTION,0,,early,-0.6229166865555311
28,2,C9,NONTARGET_CORRECT_REJECTION,0,,late,0.8744120114765515
30,0,C8,NONTARGET_CORRECT_REJECTION,0,,early,2.5544445075017768
30,0,C8,NONTARGET_CORRECT_REJECTION,0,,late,-2.6487132624887395
30,0,C9,NONTARGET_CORRECT_REJECTION,0,,early,1.2732872877347834
30,0,C9,NONTARGET_CORRECT_REJECTION,0,,late,-3.5707019329343432
30,0,C5,NONTARGET_CORRECT_REJECTION,0,,early,-5.110042566651017
30,0,C5,NONTARGET_CORRECT_REJECTION,0,,late,-3.9871193392861826
30,0,C10,NONTARGET_CORRECT_REJECTION,0,,early,4.1932938108953905
30,0,C10,NONTARGET_CORRECT_REJECTION,0,,late,-2.1315951826116297
30,0,C7,NONTARGET_CORRECT_REJECTION,0,,early,-3.101687984211512
30,0,C7,NONTARGET_CORRECT_REJECTION,0,,late,-1.6361654754398516
30,0,C1,NONTARGET_FALSE_ALARM,1,336.8000000000029,early,-2.810172054632952
30,0,C1,NONTARGET_FALSE_ALARM,1,336.8000000000029,late,-1.983367027140723
30,0,C4,NONTARGET_CORRECT_REJECTION,0,,early,-0.5423348575629715
30,0,C4,NONTARGET_CORRECT_REJECTION,0,,late,-1.9110921933400717
30,0,C6,NONTARGET_CORRECT_REJECTION,0,,early,-5.454394522357645
30,0,C6,NONTARGET_CORRECT_REJECTION,0,,late,-3.0504630446126595
30,0,C2,NONTARGET_CORRECT_REJECTION,0,,early,-4.681775361883663
30,0,C2,NONTARGET_CORRECT_REJECTION,0,,late,-1.9036422580103236
30,0,C3,NONTARGET_CORRECT_REJECTION,0,,early,-6.616105289100954
30,0,C3,NONTARGET_CORRECT_REJECTION,0,,late,-4.190767053459126
30,0,C8,NONTARGET_CORRECT_REJECTION,0,,early,1.5487183698314422
30,0,C8,NONTARGET_CORRECT_REJECTION,0,,late,-2.169838342059357
30,0,C6,NONTARGET_CORRECT_REJECTION,0,,early,-4.5435001797785795
30,0,C6,NONTARGET_CORRECT_REJECTION,0,,late,-3.5318696783726855
30,0,C3,NONTARGET_CORRECT_REJECTION,0,,early,-0.8594215203231172
30,0,C3,NONTARGET_CORRECT_REJECTION,0,,late,-1.7083193935487018
30,0,C7,NONTARGET_CORRECT_REJECTION,0,,early,-6.971241542616669
30,0,C7,NONTARGET_CORRECT_REJECTION,0,,late,-3.720688060874253
30,0,C9,NONTARGET_CORRECT_REJECTION,0,,early,-1.7647676106104808
30,0,C9,NONTARGET_CORRECT_REJECTION,0,,late,-3.22458567770546
30,0,C4,NONTARGET_CORRECT_REJECTION,0,,early,-4.931063150296465
30,0,C4,NONTARGET_CORRECT_REJECTION,0,,late,-3.15372154595726
30,0,C5,NONTARGET_CORRECT_REJECTION,0,,early,-5.229436106782157
30,0,C5,NONTARGET_CORRECT_REJECTION,0,,late,-4.442359816935776
30,0,C1,NONTARGET_CORRECT_REJECTION,0,,early,-2.9475700979609223
30,0,C1,NONTARGET_CORRECT_REJECTION,0,,late,-2.3878850332433648
30,0,C10,NONTARGET_CORRECT_REJECTION,0,,early,-4.9331959168842685
30,0,C10,NONTARGET_CORRECT_REJECTION,0,,late,-2.3930126818104487
30,0,C2,NONTARGET_CORRECT_REJECTION,0,,early,-0.9732293607292669
30,0,C2,NONTARGET_CORRECT_REJECTION,0,,late,0.3576408374491602
30,0,C1,NONTARGET_CORRECT_REJECTION,0,,early,-4.19641626786827
30,0,C1,NONTARGET_CORRECT_REJECTION,0,,late,-0.2825213186915677
30,0,C2,NONTARGET_CORRECT_REJECTION,0,,early,-3.975471800786332
30,0,C2,NONTARGET_CORRECT_REJECTION,0,,late,-1.6169027268289575
30,0,C7,NONTARGET_CORRECT_REJECTION,0,,early,-0.6982262674426272
30,0,C7,NONTARGET_CORRECT_REJECTION,0,,late,-2.900495395724343
30,0,C3,NONTARGET_CORRECT_REJECTION,0,,early,0.005662646682206666
30,0,C3,NONTARGET_CORRECT_REJECTION,0,,late,-1.6735737285002052
30,0,C9,NONTARGET_CORRECT_REJECTION,0,,early,-3.994546692181496
30,0,C9,NONTARGET_CORRECT_REJECTION,0,,late,-1.850722732416616
30,0,C8,NONTARGET_CORRECT_REJECTION,0,,early,-3.944632862282504
30,0,C8,NONTARGET_CORRECT_REJECTION,0,,late,-1.953397327613154
30,0,C6,NONTARGET_CORRECT_REJECTION,0,,early,-0.8593968929880363
30,0,C6,NONTARGET_CORRECT_REJECTION,0,,late,-3.517408200111579
30,0,C10,NONTARGET_CORRECT_REJECTION,0,,early,-1.9643421648549702
30,0,C10,NONTARGET_CORRECT_REJECTION,0,,late,-1.165322037766002
30,0,C5,NONTARGET_CORRECT_REJECTION,0,,early,-1.631883835084647
30,0,C5,NONTARGET_CORRECT_REJECTION,0,,late,-1.2117845366601947
30,0,C4,NONTARGET_CORRECT_REJECTION,0,,early,-7.5824829455754195
30,0,C4,NONTARGET_CORRECT_REJECTION,0,,late,-2.711404541134546
30,0,C10,NONTARGET_CORRECT_REJECTION,0,,early,0.11727993731861168
30,0,C10,NONTARGET_CORRECT_REJECTION,0,,late,1.3488665689323591
30,0,C2,NONTARGET_CORRECT_REJECTION,0,,early,0.5823385522635898
30,0,C2,NONTARGET_CORRECT_REJECTION,0,,late,-1.3186502123608335
30,0,C4,NONTARGET_CORRECT_REJECTION,0,,early,-3.6149191534895624
30,0,C4,NONTARGET_CORRECT_REJECTION,0,,late,-1.6094434045703363
30,0,C6,NONTARGET_CORRECT_REJECTION,0,,early,-1.9299239371048988
30,0,C6,NONTARGET_CORRECT_REJECTION,0,,late,-0.45031832936459915
30,0,C5,NONTARGET_CORRECT_REJECTION,0,,early,1.7164457386943344
30,0,C5,NONTARGET_CORRECT_REJECTION,0,,late,-3.618079930937691
30,0,C9,NONTARGET_CORRECT_REJECTION,0,,early,-0.524569652203498
30,0,C9,NONTARGET_CORRECT_REJECTION,0,,late,-3.528540099160558
30,0,C3,NONTARGET_CORRECT_REJECTION,0,,early,-0.882300058015275
30,0,C3,NONTARGET_CORRECT_REJECTION,0,,late,-0.41362389620311013
30,0,C7,NONTARGET_CORRECT_REJECTION,0,,early,0.060404742228474244
30,0,C7,NONTARGET_CORRECT_REJECTION,0,,late,-3.390201954968693
30,0,C8,NONTARGET_CORRECT_REJECTION,0,,early,-7.211899501130452
30,0,C8,NONTARGET_CORRECT_REJECTION,0,,late,-2.669050503589304
30,0,C8,NONTARGET_CORRECT_REJECTION,0,,early,-1.9617030239829245
30,0,C8,NONTARGET_CORRECT_REJECTION,0,,late,-1.8254815239276394
30,0,C5,NONTARGET_CORRECT_REJECTION,0,,early,-2.795814399591487
30,0,C5,NONTARGET_CORRECT_REJECTION,0,,late,-2.803876017066212
30,0,C7,NONTARGET_CORRECT_REJECTION,0,,early,-6.420469893544817
30,0,C7,NONTARGET_CORRECT_REJECTION,0,,late,-1.5780996526094861
30,0,C6,NONTARGET_CORRECT_REJECTION,0,,early,-1.9572386341783228
30,0,C6,NONTARGET_CORRECT_REJECTION,0,,late,-2.205844300138018
30,0,C1,NONTARGET_CORRECT_REJECTION,0,,early,1.7464458279552106
30,0,C1,NONTARGET_CORRECT_REJECTION,0,,late,-2.388926487232935
30,0,C2,NONTARGET_CORRECT_REJECTION,0,,early,-3.5452264283452184
30,0,C2,NONTARGET_CORRECT_REJECTION,0,,late,-1.776104839971038
30,0,C4,NONTARGET_CORRECT_REJECTION,0,,early,-2.2049951560156433
30,0,C4,NONTARGET_CORRECT_REJECTION,0,,late,-3.5015039316300154
30,0,C9,NONTARGET_CORRECT_REJECTION,0,,early,-6.964355703450311
30,0,C9,NONTARGET_CORRECT_REJECTION,0,,late,-1.4680097955647977
30,0,C9,NONTARGET_CORRECT_REJECTION,0,,early,-8.673212086256855
30,0,C9,NONTARGET_CORRECT_REJECTION,0,,late,-5.246058483948839
30,0,C6,NONTARGET_CORRECT_REJECTION,0,,early,-4.915259524118103
30,0,C6,NONTARGET_CORRECT_REJECTION,0,,late,-0.9633145437446128
30,0,C2,NONTARGET_CORRECT_REJECTION,0,,early,-0.4452960559687071
30,0,C2,NONTARGET_CORRECT_REJECTION,0,,late,-2.949787151784477
30,0,C3,NONTARGET_CORRECT_REJECTION,0,,early,-2.3243138475492606
30,0,C3,NONTARGET_CORRECT_REJECTION,0,,late,-1.9291815810270518
30,0,C8,NONTARGET_CORRECT_REJECTION,0,,early,-1.4602188054195533
30,0,C8,NONTARGET_CORRECT_REJECTION,0,,late,-2.319310497222848
30,0,C4,NONTARGET_CORRECT_REJECTION,0,,early,-3.4007255540032335
30,0,C4,NONTARGET_CORRECT_REJECTION,0,,late,-0.48784773472908316
30,0,C1,NONTARGET_FALSE_ALARM,1,308.80000000001746,early,-4.6360465575757255
30,0,C1,NONTARGET_FALSE_ALARM,1,308.80000000001746,late,-1.1970031222934872
30,0,C7,NONTARGET_CORRECT_REJECTION,0,,early,-7.279140041988872
30,0,C7,NONTARGET_CORRECT_REJECTION,0,,late,-0.9656040783003533
30,0,C10,NONTARGET_CORRECT_REJECTION,0,,early,-1.6010785306220168
30,0,C10,NONTARGET_CORRECT_REJECTION,0,,late,-1.9256705616689112
30,0,C5,NONTARGET_CORRECT_REJECTION,0,,early,-0.29936122095427575
30,0,C5,NONTARGET_CORRECT_REJECTION,0,,late,-0.6838933829322049
30,0,C10,NONTARGET_CORRECT_REJECTION,0,,early,-5.3781702720845335
30,0,C10,NONTARGET_CORRECT_REJECTION,0,,late,-2.9324640396048056
30,0,C9,NONTARGET_CORRECT_REJECTION,0,,early,0.020448416320805823
30,0,C9,NONTARGET_CORRECT_REJECTION,0,,late,-1.777828204718755
30,0,C2,NONTARGET_CORRECT_REJECTION,0,,early,-0.9393655119941815
30,0,C2,NONTARGET_CORRECT_REJECTION,0,,late,-2.9840050955359767
30,0,C8,NONTARGET_CORRECT_REJECTION,0,,early,-2.921494391735213
30,0,C8,NONTARGET_CORRECT_REJECTION,0,,late,-1.962215288736876
30,0,C7,NONTARGET_CORRECT_REJECTION,0,,early,-1.8719801621881966
30,0,C7,NONTARGET_CORRECT_REJECTION,0,,late,-0.9160556868996531
30,0,C6,NONTARGET_CORRECT_REJECTION,0,,early,-6.328037633039762
30,0,C6,NONTARGET_CORRECT_REJECTION,0,,late,-3.674032918096286
30,0,C5,NONTARGET_CORRECT_REJECTION,0,,early,-2.042264302785361
30,0,C5,NONTARGET_CORRECT_REJECTION,0,,late,-2.660431746711897
30,0,C4,NONTARGET_CORRECT_REJECTION,0,,early,-0.5844195099485352
30,0,C4,NONTARGET_CORRECT_REJECTION,0,,late,-4.250898605344427
30,0,C3,NONTARGET_CORRECT_REJECTION,0,,early,-5.757841839374805
30,0,C3,NONTARGET_CORRECT_REJECTION,0,,late,-3.254340436183315
30,0,C2,NONTARGET_CORRECT_REJECTION,0,,early,-4.232746391496387
30,0,C2,NONTARGET_CORRECT_REJECTION,0,,late,-1.1667319081123635
30,0,C9,NONTARGET_CORRECT_REJECTION,0,,early,-2.334670030538037
30,0,C9,NONTARGET_CORRECT_REJECTION,0,,late,-2.6213408508372997
30,1,C6,NONTARGET_CORRECT_REJECTION,0,,early,-1.0108657319730174
30,1,C6,NONTARGET_CORRECT_REJECTION,0,,late,-1.8524627928323927
30,1,C1,NONTARGET_CORRECT_REJECTION,0,,early,-0.23700104039874484
30,1,C1,NONTARGET_CORRECT_REJECTION,0,,late,-3.787066102120612
30,1,C4,NONTARGET_CORRECT_REJECTION,0,,early,-1.4821809612677117
30,1,C4,NONTARGET_CORRECT_REJECTION,0,,late,-1.3242857572138598
30,1,C3,NONTARGET_CORRECT_REJECTION,0,,early,2.8178400506039694
30,1,C3,NONTARGET_CORRECT_REJECTION,0,,late,-3.2769858408597425
30,1,C5,NONTARGET_CORRECT_REJECTION,0,,early,0.019039715896824492
30,1,C5,NONTARGET_CORRECT_REJECTION,0,,late,-1.9216096434431786
30,1,P1,NONTARGET_CORRECT_REJECTION,0,,early,-4.576259304879425
30,1,P1,NONTARGET_CORRECT_REJECTION,0,,late,-3.5327274048157125
30,1,C8,NONTARGET_CORRECT_REJECTION,0,,early,-1.166219082478139
30,1,C8,NONTARGET_CORRECT_REJECTION,0,,late,-3.7225719940736437
30,1,P2,NONTARGET_CORRECT_REJECTION,0,,early,-2.8472715964219275
30,1,P2,NONTARGET_CORRECT_REJECTION,0,,late,-2.1938428227975617
30,1,C7,NONTARGET_CORRECT_REJECTION,0,,early,-0.2936528375183814
30,1,C7,NONTARGET_CORRECT_REJECTION,0,,late,-2.252216308942214
30,1,C4,NONTARGET_CORRECT_REJECTION,0,,early,1.3531951413392471
30,1,C4,NONTARGET_CORRECT_REJECTION,0,,late,-1.8341051341297772
30,1,C3,NONTARGET_CORRECT_REJECTION,0,,early,-4.8849877741205665
30,1,C3,NONTARGET_CORRECT_REJECTION,0,,late,-1.8104822910176805
30,1,C1,NONTARGET_CORRECT_REJECTION,0,,early,-5.88506958653698
30,1,C1,NONTARGET_CORRECT_REJECTION,0,,late,-5.925321257418898
30,1,C7,NONTARGET_CORRECT_REJECTION,0,,early,-4.069688877800333
30,1,C7,NONTARGET_CORRECT_REJECTION,0,,late,-4.909463905752255
30,1,C6,NONTARGET_CORRECT_REJECTION,0,,early,-1.2736806494129926
30,1,C6,NONTARGET_CORRECT_REJECTION,0,,late,-1.941675694276188
30,1,C5,NONTARGET_CORRECT_REJECTION,0,,early,1.393678252740854
30,1,C5,NONTARGET_CORRECT_REJECTION,0,,late,-2.260811422418584
30,1,P2,NONTARGET_CORRECT_REJECTION,0,,early,-0.9141947126113377
30,1,P2,NONTARGET_CORRECT_REJECTION,0,,late,-1.8886999573337084
30,1,C1,NONTARGET_CORRECT_REJECTION,0,,early,1.2637331637494822
30,1,C1,NONTARGET_CORRECT_REJECTION,0,,late,0.4983668937890556
30,1,P4,NONTARGET_CORRECT_REJECTION,0,,early,-3.150958142094446
30,1,P4,NONTARGET_CORRECT_REJECTION,0,,late,-3.8635189145547972
30,1,P1,NONTARGET_CORRECT_REJECTION,0,,early,-6.75307679584455
30,1,P1,NONTARGET_CORRECT_REJECTION,0,,late,-3.021614272529535
30,1,C10,NONTARGET_CORRECT_REJECTION,0,,early,-4.990938079654149
30,1,C10,NONTARGET_CORRECT_REJECTION,0,,late,-4.601002629822556
30,1,C3,NONTARGET_CORRECT_REJECTION,0,,early,-2.281116330583853
30,1,C3,NONTARGET_CORRECT_REJECTION,0,,late,-2.3453496815194224
30,1,C6,NONTARGET_CORRECT_REJECTION,0,,early,-0.43022751736752834
30,1,C6,NONTARGET_CORRECT_REJECTION,0,,late,0.18284356396481494
30,1,C5,NONTARGET_CORRECT_REJECTION,0,,early,-7.254933417904383
30,1,C5,NONTARGET_CORRECT_REJECTION,0,,late,-1.6168892168761682
30,1,C10,NONTARGET_CORRECT_REJECTION,0,,early,-5.424461888855189
30,1,C10,NONTARGET_CORRECT_REJECTION,0,,late,-1.1069758680533839
30,1,P4,NONTARGET_CORRECT_REJECTION,0,,early,-3.7479737504576263
30,1,P4,NONTARGET_CORRECT_REJECTION,0,,late,-2.8195033728424037
30,1,P3,NONTARGET_CORRECT_REJECTION,0,,early,-3.7011539494394023
30,1,P3,NONTARGET_CORRECT_REJECTION,0,,late,-3.1414528744458923
30,1,C5,NONTARGET_CORRECT_REJECTION,0,,early,-7.244399188891472
30,1,C5,NONTARGET_CORRECT_REJECTION,0,,late,-3.8819387110289982
30,1,C2,NONTARGET_CORRECT_REJECTION,0,,early,-0.9252612484211044
30,1,C2,NONTARGET_CORRECT_REJECTION,0,,late,-3.8121482075757274
30,1,P4,NONTARGET_CORRECT_REJECTION,0,,early,-3.4916127458618145
30,1,P4,NONTARGET_CORRECT_REJECTION,0,,late,-3.608858606329282
30,1,C8,NONTARGET_CORRECT_REJECTION,0,,early,-5.194632880819899
30,1,C8,NONTARGET_CORRECT_REJECTION,0,,late,-2.208631106253855
30,1,P3,NONTARGET_CORRECT_REJECTION,0,,early,-3.9838356588958903
30,1,P3,NONTARGET_CORRECT_REJECTION,0,,late,-1.2981122472772983
30,1,C9,NONTARGET_CORRECT_REJECTION,0,,early,-4.952850576880157
30,1,C9,NONTARGET_CORRECT_REJECTION,0,,late,-1.4956465021242353
30,1,C7,NONTARGET_CORRECT_REJECTION,0,,early,-8.59198761292347
30,1,C7,NONTARGET_CORRECT_REJECTION,0,,late,-3.8389852894875154
30,1,C4,NONTARGET_CORRECT_REJECTION,0,,early,-6.393648436295735
30,1,C4,NONTARGET_CORRECT_REJECTION,0,,late,1.135193163703202
30,1,C2,NONTARGET_CORRECT_REJECTION,0,,early,5.6462524002048164
30,1,C2,NONTARGET_CORRECT_REJECTION,0,,late,-1.8477916897763853
30,1,C10,NONTARGET_CORRECT_REJECTION,0,,early,-3.8285820386303286
30,1,C10,NONTARGET_CORRECT_REJECTION,0,,late,-4.30969994607911
30,1,C1,NONTARGET_CORRECT_REJECTION,0,,early,0.9438025331936938
30,1,C1,NONTARGET_CORRECT_REJECTION,0,,late,-4.512025376615468
30,1,C6,NONTARGET_CORRECT_REJECTION,0,,early,-6.620344096073796
30,1,C6,NONTARGET_CORRECT_REJECTION,0,,late,-3.0985521677003387
30,1,P4,NONTARGET_CORRECT_REJECTION,0,,early,-7.003586283076455
30,1,P4,NONTARGET_CORRECT_REJECTION,0,,late,-4.6671528804815985
30,1,C8,NONTARGET_CORRECT_REJECTION,0,,early,-4.746537677481604
30,1,C8,NONTARGET_CORRECT_REJECTION,0,,late,-4.637784446877786
30,1,P2,NONTARGET_CORRECT_REJECTION,0,,early,-4.260944725260465
30,1,P2,NONTARGET_CORRECT_REJECTION,0,,late,-2.0856926724215756
30,1,C4,NONTARGET_CORRECT_REJECTION,0,,early,-1.3088787537374877
30,1,C4,NONTARGET_CORRECT_REJECTION,0,,late,-2.644825538427647
30,1,C2,NONTARGET_CORRECT_REJECTION,0,,early,-4.422770521188186
30,1,C2,NONTARGET_CORRECT_REJECTION,0,,late,-3.0101551079135684
30,1,C6,NONTARGET_CORRECT_REJECTION,0,,early,-3.6492584640580525
30,1,C6,NONTARGET_CORRECT_REJECTION,0,,late,-2.594002816782965
30,1,P4,NONTARGET_CORRECT_REJECTION,0,,early,-2.7874305225528473
30,1,P4,NONTARGET_CORRECT_REJECTION,0,,late,-3.607437699560735
30,1,C3,NONTARGET_CORRECT_REJECTION,0,,early,3.7595742494821924
30,1,C3,NONTARGET_CORRECT_REJECTION,0,,late,-0.17865039596481552
30,1,P1,NONTARGET_CORRECT_REJECTION,0,,early,1.8382877456003812
30,1,P1,NONTARGET_CORRECT_REJECTION,0,,late,-4.41651515781903
30,1,C10,NONTARGET_CORRECT_REJECTION,0,,early,-1.0459110347227094
30,1,C10,NONTARGET_CORRECT_REJECTION,0,,late,-0.27534521086124586
30,1,C9,NONTARGET_CORRECT_REJECTION,0,,early,-3.6268786871009326
30,1,C9,NONTARGET_CORRECT_REJECTION,0,,late,-2.711044828058302
30,1,C7,NONTARGET_CORRECT_REJECTION,0,,early,-2.315468263909767
30,1,C7,NONTARGET_CORRECT_REJECTION,0,,late,-4.575154010525896
30,1,C4,NONTARGET_CORRECT_REJECTION,0,,early,2.0743610842673683
30,1,C4,NONTARGET_CORRECT_REJECTION,0,,late,-3.3220297118039963
30,1,P1,NONTARGET_CORRECT_REJECTION,0,,early,1.5242403600199157
30,1,P1,NONTARGET_CORRECT_REJECTION,0,,late,-2.7114099361004134
30,1,C6,NONTARGET_CORRECT_REJECTION,0,,early,-0.4836305407935272
30,1,C6,NONTARGET_CORRECT_REJECTION,0,,late,-4.957229116413622
30,1,P4,NONTARGET_CORRECT_REJECTION,0,,early,-0.658551569425619
30,1,P4,NONTARGET_CORRECT_REJECTION,0,,late,-1.6976170745772667
30,1,P2,NONTARGET_CORRECT_REJECTION,0,,early,5.43461198675884
30,1,P2,NONTARGET_CORRECT_REJECTION,0,,late,-2.314565182041895
30,1,C1,NONTARGET_CORRECT_REJECTION,0,,early,1.0879551455187362
30,1,C1,NONTARGET_CORRECT_REJECTION,0,,late,-2.912843160099105
30,1,C8,NONTARGET_CORRECT_REJECTION,0,,early,-5.903754977471598
30,1,C8,NONTARGET_CORRECT_REJECTION,0,,late,-4.067633567578269
30,1,C3,NONTARGET_CORRECT_REJECTION,0,,early,3.4793115776824695
30,1,C3,NONTARGET_CORRECT_REJECTION,0,,late,-3.155036221080469
30,1,C4,NONTARGET_CORRECT_REJECTION,0,,early,-3.0301291048804373
30,1,C4,NONTARGET_CORRECT_REJECTION,0,,late,-2.586987298110034
30,1,C8,NONTARGET_CORRECT_REJECTION,0,,early,-4.448268372615077
30,1,C8,NONTARGET_CORRECT_REJECTION,0,,late,-3.419812759128528
30,1,P2,NONTARGET_CORRECT_REJECTION,0,,early,0.2462444214978045
30,1,P2,NONTARGET_CORRECT_REJECTION,0,,late,-3.271057451077141
30,1,C5,NONTARGET_CORRECT_REJECTION,0,,early,-1.5543042373016231
30,1,C5,NONTARGET_CORRECT_REJECTION,0,,late,-2.1047241012241837
30,1,C6,NONTARGET_CORRECT_REJECTION,0,,early,0.41787174806463556
30,1,C6,NONTARGET_CORRECT_REJECTION,0,,late,-2.005351650715536
30,1,C2,NONTARGET_CORRECT_REJECTION,0,,early,3.4588094677270487
30,1,C2,NONTARGET_CORRECT_REJECTION,0,,late,-3.861845052003997
30,1,C9,NONTARGET_CORRECT_REJECTION,0,,early,0.19448604367182892
30,1,C9,NONTARGET_CORRECT_REJECTION,0,,late,-3.5613955026607256
30,1,C10,NONTARGET_CORRECT_REJECTION,0,,early,-4.130039515137569
30,1,C10,NONTARGET_CORRECT_REJECTION,0,,late,-6.314113932034472
30,1,P4,NONTARGET_CORRECT_REJECTION,0,,early,3.8294678357673826
30,1,P4,NONTARGET_CORRECT_REJECTION,0,,late,-3.32227873286265
30,1,C7,NONTARGET_CORRECT_REJECTION,0,,early,0.7666439500160177
30,1,C7,NONTARGET_CORRECT_REJECTION,0,,late,-2.9748956719817636
30,1,C5,NONTARGET_CORRECT_REJECTION,0,,early,-5.272277811109433
30,1,C5,NONTARGET_CORRECT_REJECTION,0,,late,-1.437789241892745
30,1,C6,NONTARGET_CORRECT_REJECTION,0,,early,0.4707556108778265
30,1,C6,NONTARGET_CORRECT_REJECTION,0,,late,-3.1811489382371985
30,1,C4,NONTARGET_CORRECT_REJECTION,0,,early,-2.773307840857525
30,1,C4,NONTARGET_CORRECT_REJECTION,0,,late,-2.215138728039427
30,2,C7,NONTARGET_CORRECT_REJECTION,0,,early,-3.426092402944738
30,2,C7,NONTARGET_CORRECT_REJECTION,0,,late,-2.690541651091168
30,2,P2,NONTARGET_CORRECT_REJECTION,0,,early,-1.2001312432943512
30,2,P2,NONTARGET_CORRECT_REJECTION,0,,late,-4.080014906624543
30,2,C3,NONTARGET_CORRECT_REJECTION,0,,early,0.8686869684132336
30,2,C3,NONTARGET_CORRECT_REJECTION,0,,late,-1.970595395914203
30,2,C5,NONTARGET_CORRECT_REJECTION,0,,early,-3.1115217531688253
30,2,C5,NONTARGET_CORRECT_REJECTION,0,,late,-3.226462963360474
30,2,C8,NONTARGET_CORRECT_REJECTION,0,,early,-4.958770981691813
30,2,C8,NONTARGET_CORRECT_REJECTION,0,,late,-3.5763844678217636
30,2,C9,NONTARGET_CORRECT_REJECTION,0,,early,-3.1458226804344105
30,2,C9,NONTARGET_CORRECT_REJECTION,0,,late,-3.2067654149576534
30,2,P1,NONTARGET_CORRECT_REJECTION,0,,early,-0.20983480224041381
30,2,P1,NONTARGET_CORRECT_REJECTION,0,,late,-2.80122722200405
30,2,P3,NONTARGET_CORRECT_REJECTION,0,,early,2.9195747487800916
30,2,P3,NONTARGET_CORRECT_REJECTION,0,,late,-1.0333768639074843
30,2,P1,NONTARGET_FALSE_ALARM,1,1201.0999999999767,early,2.425720741818085
30,2,P1,NONTARGET_FALSE_ALARM,1,1201.0999999999767,late,-2.7902791412842007
30,2,C2,NONTARGET_CORRECT_REJECTION,0,,early,-1.5259644492833795
30,2,C2,NONTARGET_CORRECT_REJECTION,0,,late,-2.773039373818093
30,2,C1,NONTARGET_CORRECT_REJECTION,0,,early,-1.9234888458609738
30,2,C1,NONTARGET_CORRECT_REJECTION,0,,late,-2.1564962480302188
30,2,P3,NONTARGET_CORRECT_REJECTION,0,,early,-2.3996629783830548
30,2,P3,NONTARGET_CORRECT_REJECTION,0,,late,-5.210423367794612
30,2,C7,NONTARGET_CORRECT_REJECTION,0,,early,1.484643508810098
30,2,C7,NONTARGET_CORRECT_REJECTION,0,,late,-1.1663118931058114
30,2,P1,NONTARGET_CORRECT_REJECTION,0,,early,4.600472966600634
30,2,P1,NONTARGET_CORRECT_REJECTION,0,,late,-0.6588031739019679
30,2,C9,NONTARGET_CORRECT_REJECTION,0,,early,-1.6728004469139435
30,2,C9,NONTARGET_CORRECT_REJECTION,0,,late,-4.871950819868572
30,2,P4,NONTARGET_CORRECT_REJECTION,0,,early,1.2274111802028884
30,2,P4,NONTARGET_CORRECT_REJECTION,0,,late,-2.154133169919576
30,2,C6,NONTARGET_CORRECT_REJECTION,0,,early,0.3496107804694158
30,2,C6,NONTARGET_CORRECT_REJECTION,0,,late,-0.47365914411047383
30,2,C8,NONTARGET_CORRECT_REJECTION,0,,early,-0.5414656494501109
30,2,C8,NONTARGET_CORRECT_REJECTION,0,,late,-1.7126220270461858
30,2,C5,NONTARGET_CORRECT_REJECTION,0,,early,-3.4139793626317827
30,2,C5,NONTARGET_CORRECT_REJECTION,0,,late,-3.6034868218999203
30,2,C3,NONTARGET_CORRECT_REJECTION,0,,early,-0.6519050393060839
30,2,C3,NONTARGET_CORRECT_REJECTION,0,,late,-3.290750446965732
30,2,C1,NONTARGET_CORRECT_REJECTION,0,,early,-1.1582318236022728
30,2,C1,NONTARGET_CORRECT_REJECTION,0,,late,-3.2373417595484555
30,2,P4,NONTARGET_CORRECT_REJECTION,0,,early,-0.8011575418481398
30,2,P4,NONTARGET_CORRECT_REJECTION,0,,late,-0.6209699328845588
30,2,C10,NONTARGET_CORRECT_REJECTION,0,,early,-1.0157445489517754
30,2,C10,NONTARGET_CORRECT_REJECTION,0,,late,-3.728873095964895
30,2,C8,NONTARGET_CORRECT_REJECTION,0,,early,-0.4911664188541443
30,2,C8,NONTARGET_CORRECT_REJECTION,0,,late,-1.267817500316194
30,2,C6,NONTARGET_CORRECT_REJECTION,0,,early,-5.1609599899281715
30,2,C6,NONTARGET_CORRECT_REJECTION,0,,late,-0.538488862783379
30,2,C7,NONTARGET_CORRECT_REJECTION,0,,early,-3.9473602241329906
30,2,C7,NONTARGET_CORRECT_REJECTION,0,,late,-3.0222371868696625
30,2,C6,NONTARGET_FALSE_ALARM,1,329.5,early,-7.969158725681413
30,2,C6,NONTARGET_FALSE_ALARM,1,329.5,late,-5.81326003174057
30,2,C5,NONTARGET_CORRECT_REJECTION,0,,early,-1.4674640549900828
30,2,C5,NONTARGET_CORRECT_REJECTION,0,,late,-0.846140431139185
30,2,C4,NONTARGET_CORRECT_REJECTION,0,,early,-2.7769546203960886
30,2,C4,NONTARGET_CORRECT_REJECTION,0,,late,-3.602225380508464
30,2,C2,NONTARGET_CORRECT_REJECTION,0,,early,1.1798894037106984
30,2,C2,NONTARGET_CORRECT_REJECTION,0,,late,-4.1137743605876675
30,2,C1,NONTARGET_CORRECT_REJECTION,0,,early,2.0909357190595217
30,2,C1,NONTARGET_CORRECT_REJECTION,0,,late,-2.528183137526838
30,2,C10,NONTARGET_CORRECT_REJECTION,0,,early,-0.6871369451420551
30,2,C10,NONTARGET_CORRECT_REJECTION,0,,late,-2.7464693858181217
30,2,P1,NONTARGET_CORRECT_REJECTION,0,,early,-2.2604496162549834
30,2,P1,NONTARGET_CORRECT_REJECTION,0,,late,-2.375018786893912
30,2,C9,NONTARGET_CORRECT_REJECTION,0,,early,-1.6906386059566014
30,2,C9,NONTARGET_CORRECT_REJECTION,0,,late,-2.3213821749286367
30,2,C5,NONTARGET_CORRECT_REJECTION,0,,early,-1.022379645397904
30,2,C5,NONTARGET_CORRECT_REJECTION,0,,late,-3.416881184366125
30,2,C8,NONTARGET_CORRECT_REJECTION,0,,early,-0.08791212441803475
30,2,C8,NONTARGET_CORRECT_REJECTION,0,,late,-2.919952477318683
30,2,C10,NONTARGET_CORRECT_REJECTION,0,,early,-6.686606672767776
30,2,C10,NONTARGET_CORRECT_REJECTION,0,,late,-5.331706207133996
30,2,C1,NONTARGET_CORRECT_REJECTION,0,,early,-2.540149617213419
30,2,C1,NONTARGET_CORRECT_REJECTION,0,,late,-4.285033963869068
30,2,P4,NONTARGET_CORRECT_REJECTION,0,,early,-9.987717790763837
30,2,P4,NONTARGET_CORRECT_REJECTION,0,,late,-4.550577963686095
30,2,P3,NONTARGET_CORRECT_REJECTION,0,,early,-2.7135574424003295
30,2,P3,NONTARGET_CORRECT_REJECTION,0,,late,-4.17249546593897
30,2,C3,NONTARGET_CORRECT_REJECTION,0,,early,-0.48493200559964317
30,2,C3,NONTARGET_CORRECT_REJECTION,0,,late,-1.1138637488496954
30,2,C7,NONTARGET_CORRECT_REJECTION,0,,early,-1.4555794941147422
30,2,C7,NONTARGET_CORRECT_REJECTION,0,,late,-2.118193728856906
30,2,C4,NONTARGET_CORRECT_REJECTION,0,,early,-0.5331217453486637
30,2,C4,NONTARGET_CORRECT_REJECTION,0,,late,-2.806645508373822
30,2,C10,NONTARGET_CORRECT_REJECTION,0,,early,-6.065989207133889
30,2,C10,NONTARGET_CORRECT_REJECTION,0,,late,-6.485078830123274
30,2,P4,NONTARGET_CORRECT_REJECTION,0,,early,-4.332303405581727
30,2,P4,NONTARGET_CORRECT_REJECTION,0,,late,-2.091608383868701
30,2,C6,NONTARGET_CORRECT_REJECTION,0,,early,-3.546720836148721
30,2,C6,NONTARGET_CORRECT_REJECTION,0,,late,-3.9777640248664428
30,2,C8,NONTARGET_CORRECT_REJECTION,0,,early,-3.1797345653335714
30,2,C8,NONTARGET_CORRECT_REJECTION,0,,late,-4.136688402454831
30,2,P1,NONTARGET_CORRECT_REJECTION,0,,early,2.694461923125868
30,2,P1,NONTARGET_CORRECT_REJECTION,0,,late,-3.0467616217712097
30,2,C7,NONTARGET_CORRECT_REJECTION,0,,early,-2.6286719170838593
30,2,C7,NONTARGET_CORRECT_REJECTION,0,,late,-4.054163825769264
30,2,P3,NONTARGET_CORRECT_REJECTION,0,,early,-2.7363615937118557
30,2,P3,NONTARGET_CORRECT_REJECTION,0,,late,-4.484713881826411
30,2,C9,NONTARGET_CORRECT_REJECTION,0,,early,-3.9661134057244234
30,2,C9,NONTARGET_CORRECT_REJECTION,0,,late,-1.2140817380688633
30,2,C5,NONTARGET_CORRECT_REJECTION,0,,early,-3.8303766851849406
30,2,C5,NONTARGET_CORRECT_REJECTION,0,,late,-2.4027270968114487
30,2,C3,NONTARGET_CORRECT_REJECTION,0,,early,-3.2392823036355707
30,2,C3,NONTARGET_CORRECT_REJECTION,0,,late,-2.733573865706574
30,2,C4,NONTARGET_CORRECT_REJECTION,0,,early,-0.9149951869546945
30,2,C4,NONTARGET_CORRECT_REJECTION,0,,late,-0.7309439003030719
30,2,C2,NONTARGET_CORRECT_REJECTION,0,,early,-1.3707477713472276
30,2,C2,NONTARGET_CORRECT_REJECTION,0,,late,-1.1287606609601628
30,2,C7,NONTARGET_CORRECT_REJECTION,0,,early,-1.2762743335114228
30,2,C7,NONTARGET_CORRECT_REJECTION,0,,late,-1.89642571795175
30,2,C6,NONTARGET_CORRECT_REJECTION,0,,early,-7.148452803475267
30,2,C6,NONTARGET_CORRECT_REJECTION,0,,late,-4.494377831822937
30,2,C5,NONTARGET_CORRECT_REJECTION,0,,early,-4.735564074743762
30,2,C5,NONTARGET_CORRECT_REJECTION,0,,late,-2.138093876979253
30,2,C3,NONTARGET_CORRECT_REJECTION,0,,early,-5.683240695863447
30,2,C3,NONTARGET_CORRECT_REJECTION,0,,late,-3.6686320963673293
30,2,P1,NONTARGET_CORRECT_REJECTION,0,,early,-0.058294121953171935
30,2,P1,NONTARGET_CORRECT_REJECTION,0,,late,-5.100406165572004
30,2,P4,NONTARGET_CORRECT_REJECTION,0,,early,-0.3993368678101514
30,2,P4,NONTARGET_CORRECT_REJECTION,0,,late,-1.1401219001282696
30,2,C10,NONTARGET_CORRECT_REJECTION,0,,early,-0.5242191758592635
30,2,C10,NONTARGET_CORRECT_REJECTION,0,,late,-2.134108861855158
30,2,C1,NONTARGET_CORRECT_REJECTION,0,,early,2.9585838340225337
30,2,C1,NONTARGET_CORRECT_REJECTION,0,,late,0.6280529547592753
30,2,P2,NONTARGET_CORRECT_REJECTION,0,,early,0.19795056230043698
30,2,P2,NONTARGET_CORRECT_REJECTION,0,,late,-3.5124831333042326
30,2,C1,NONTARGET_CORRECT_REJECTION,0,,early,-2.0422114156404634
30,2,C1,NONTARGET_CORRECT_REJECTION,0,,late,-2.314940270165154
30,2,C9,NONTARGET_CORRECT_REJECTION,0,,early,-5.7815015467093565
30,2,C9,NONTARGET_CORRECT_REJECTION,0,,late,-5.182781707190099
30,2,C8,NONTARGET_CORRECT_REJECTION,0,,early,-6.776368382582253
30,2,C8,NONTARGET_CORRECT_REJECTION,0,,late,-4.481695501665598
30,2,P1,NONTARGET_CORRECT_REJECTION,0,,early,0.13557086515563718
30,2,P1,NONTARGET_CORRECT_REJECTION,0,,late,-1.2133722694146862
30,2,C7,NONTARGET_CORRECT_REJECTION,0,,early,-10.102404931343008
30,2,C7,NONTARGET_CORRECT_REJECTION,0,,late,-1.8162532071209367
30,2,C10,NONTARGET_CORRECT_REJECTION,0,,early,-4.389943498927531
30,2,C10,NONTARGET_CORRECT_REJECTION,0,,late,-0.1896089697450855
30,2,C4,NONTARGET_CORRECT_REJECTION,0,,early,1.0625564503949585
30,2,C4,NONTARGET_CORRECT_REJECTION,0,,late,-2.622377108044805
30,2,C3,NONTARGET_CORRECT_REJECTION,0,,early,-5.402172997346107
30,2,C3,NONTARGET_CORRECT_REJECTION,0,,late,-3.096066239364877
30,2,P2,NONTARGET_CORRECT_REJECTION,0,,early,-4.712766833339866
30,2,P2,NONTARGET_CORRECT_REJECTION,0,,late,-3.828198203426719
30,2,C5,NONTARGET_CORRECT_REJECTION,0,,early,-1.5536142000063915
30,2,C5,NONTARGET_CORRECT_REJECTION,0,,late,-3.2561683919855864
30,2,C2,NONTARGET_CORRECT_REJECTION,0,,early,-3.8946287202749823
30,2,C2,NONTARGET_CORRECT_REJECTION,0,,late,-2.1947640512756896
30,2,C9,NONTARGET_CORRECT_REJECTION,0,,early,2.9687602101575163
30,2,C9,NONTARGET_CORRECT_REJECTION,0,,late,-0.9105360345325845
31,0,C8,NONTARGET_CORRECT_REJECTION,0,,early,0.6898466432316899
31,0,C8,NONTARGET_CORRECT_REJECTION,0,,late,-1.2128051483235123
31,0,C9,NONTARGET_CORRECT_REJECTION,0,,early,0.8026608772415134
31,0,C9,NONTARGET_CORRECT_REJECTION,0,,late,-2.228751286234072
31,0,C5,NONTARGET_CORRECT_REJECTION,0,,early,0.016501580273164385
31,0,C5,NONTARGET_CORRECT_REJECTION,0,,late,0.5545922807736096
31,0,C10,NONTARGET_CORRECT_REJECTION,0,,early,-2.9389813389159634
31,0,C10,NONTARGET_CORRECT_REJECTION,0,,late,0.06787392638894663
31,0,C7,NONTARGET_CORRECT_REJECTION,0,,early,2.8700715577383966
31,0,C7,NONTARGET_CORRECT_REJECTION,0,,late,-4.137066427537541
31,0,C1,NONTARGET_CORRECT_REJECTION,0,,early,-1.4564188306404777
31,0,C1,NONTARGET_CORRECT_REJECTION,0,,late,-1.4565315804093313
31,0,C4,NONTARGET_CORRECT_REJECTION,0,,early,2.7726051023593428
31,0,C4,NONTARGET_CORRECT_REJECTION,0,,late,2.322678360985505
31,0,C6,NONTARGET_CORRECT_REJECTION,0,,early,-4.373128353186305
31,0,C6,NONTARGET_CORRECT_REJECTION,0,,late,-4.343018319512481
31,0,C2,NONTARGET_CORRECT_REJECTION,0,,early,0.06908463621122728
31,0,C2,NONTARGET_CORRECT_REJECTION,0,,late,-1.832083030425125
31,0,C3,NONTARGET_CORRECT_REJECTION,0,,early,-4.06427445455349
31,0,C3,NONTARGET_CORRECT_REJECTION,0,,late,-0.6930812083816391
31,0,C8,NONTARGET_CORRECT_REJECTION,0,,early,-1.7861391243050933
31,0,C8,NONTARGET_CORRECT_REJECTION,0,,late,-4.796886125581259
31,0,C6,NONTARGET_CORRECT_REJECTION,0,,early,-1.7409189973107893
31,0,C6,NONTARGET_CORRECT_REJECTION,0,,late,-6.0960032115816345
31,0,C3,NONTARGET_CORRECT_REJECTION,0,,early,-2.7419295151062655
31,0,C3,NONTARGET_CORRECT_REJECTION,0,,late,1.7063875777381556
31,0,C4,NONTARGET_CORRECT_REJECTION,0,,early,-2.190830200578822
31,0,C4,NONTARGET_CORRECT_REJECTION,0,,late,-2.7817780508011185
31,0,C5,NONTARGET_CORRECT_REJECTION,0,,early,-0.9863734851041448
31,0,C5,NONTARGET_CORRECT_REJECTION,0,,late,0.17369048392052733
31,0,C1,NONTARGET_CORRECT_REJECTION,0,,early,-1.514181735100094
31,0,C1,NONTARGET_CORRECT_REJECTION,0,,late,-2.5204871438327268
31,0,C10,NONTARGET_CORRECT_REJECTION,0,,early,-0.8707163717135865
31,0,C10,NONTARGET_CORRECT_REJECTION,0,,late,-0.5099253336264044
31,0,C2,NONTARGET_CORRECT_REJECTION,0,,early,-4.74230314395488
31,0,C2,NONTARGET_CORRECT_REJECTION,0,,late,-0.7166550278956167
31,0,C1,NONTARGET_CORRECT_REJECTION,0,,early,-2.848333870290282
31,0,C1,NONTARGET_CORRECT_REJECTION,0,,late,-2.9699141214597367
31,0,C2,NONTARGET_CORRECT_REJECTION,0,,early,-1.182128446505563
31,0,C2,NONTARGET_CORRECT_REJECTION,0,,late,-1.3812093297781864
31,0,C7,NONTARGET_CORRECT_REJECTION,0,,early,-1.7871031911434008
31,0,C7,NONTARGET_CORRECT_REJECTION,0,,late,-0.39650490674367195
31,0,C3,NONTARGET_CORRECT_REJECTION,0,,early,0.4933596455128966
31,0,C3,NONTARGET_CORRECT_REJECTION,0,,late,-1.6302767253183474
31,0,C9,NONTARGET_CORRECT_REJECTION,0,,early,0.513572021375168
31,0,C9,NONTARGET_CORRECT_REJECTION,0,,late,1.337348902989303
31,0,C8,NONTARGET_CORRECT_REJECTION,0,,early,-2.8940151861778567
31,0,C8,NONTARGET_CORRECT_REJECTION,0,,late,-0.8314150830149
31,0,C6,NONTARGET_CORRECT_REJECTION,0,,early,-6.014364173827483
31,0,C6,NONTARGET_CORRECT_REJECTION,0,,late,-0.8243171927717218
31,0,C10,NONTARGET_CORRECT_REJECTION,0,,early,-1.4274921205550974
31,0,C10,NONTARGET_CORRECT_REJECTION,0,,late,-3.582116401345328
31,0,C5,NONTARGET_CORRECT_REJECTION,0,,early,-1.5386573728865856
31,0,C5,NONTARGET_CORRECT_REJECTION,0,,late,0.5725679922652299
31,0,C4,NONTARGET_CORRECT_REJECTION,0,,early,-2.7253095431363095
31,0,C4,NONTARGET_CORRECT_REJECTION,0,,late,-1.0992668020396574
31,0,C10,NONTARGET_CORRECT_REJECTION,0,,early,-4.71612880919859
31,0,C10,NONTARGET_CORRECT_REJECTION,0,,late,-0.7457089449079829
31,0,C2,NONTARGET_CORRECT_REJECTION,0,,early,-0.10761064401690164
31,0,C2,NONTARGET_CORRECT_REJECTION,0,,late,1.3338942436944645
31,0,C4,NONTARGET_CORRECT_REJECTION,0,,early,-0.9761316613154043
31,0,C4,NONTARGET_CORRECT_REJECTION,0,,late,-2.3924690983032098
31,0,C6,NONTARGET_CORRECT_REJECTION,0,,early,-1.243080839379594
31,0,C6,NONTARGET_CORRECT_REJECTION,0,,late,-1.2061555841889977
31,0,C5,NONTARGET_CORRECT_REJECTION,0,,early,2.2146566713467295
31,0,C5,NONTARGET_CORRECT_REJECTION,0,,late,-1.5066755393046722
31,0,C9,NONTARGET_CORRECT_REJECTION,0,,early,-4.1291339878424305
31,0,C9,NONTARGET_CORRECT_REJECTION,0,,late,-4.2113131816990785
31,0,C3,NONTARGET_CORRECT_REJECTION,0,,early,-2.9333941308236255
31,0,C3,NONTARGET_CORRECT_REJECTION,0,,late,-5.978930158691683
31,0,C1,NONTARGET_CORRECT_REJECTION,0,,early,-2.859448301818944
31,0,C1,NONTARGET_CORRECT_REJECTION,0,,late,-0.7639130198917252
31,0,C7,NONTARGET_CORRECT_REJECTION,0,,early,-1.1094326361005091
31,0,C7,NONTARGET_CORRECT_REJECTION,0,,late,-1.7557259377996044
31,0,C8,NONTARGET_CORRECT_REJECTION,0,,early,-3.357380105524556
31,0,C8,NONTARGET_CORRECT_REJECTION,0,,late,-2.025652049969296
31,0,C8,NONTARGET_CORRECT_REJECTION,0,,early,-1.5572922748997804
31,0,C8,NONTARGET_CORRECT_REJECTION,0,,late,-1.295606128942365
31,0,C5,NONTARGET_CORRECT_REJECTION,0,,early,-0.4269982541484953
31,0,C5,NONTARGET_CORRECT_REJECTION,0,,late,-1.6750656095599628
31,0,C7,NONTARGET_CORRECT_REJECTION,0,,early,-3.33306192668686
31,0,C7,NONTARGET_CORRECT_REJECTION,0,,late,-3.519597316191693
31,0,C6,NONTARGET_CORRECT_REJECTION,0,,early,-1.5031880801712483
31,0,C6,NONTARGET_CORRECT_REJECTION,0,,late,-2.223452828196002
31,0,C1,NONTARGET_CORRECT_REJECTION,0,,early,-5.674455844525534
31,0,C1,NONTARGET_CORRECT_REJECTION,0,,late,-0.9020930704359301
31,0,C2,NONTARGET_CORRECT_REJECTION,0,,early,-0.7675152671043984
31,0,C2,NONTARGET_CORRECT_REJECTION,0,,late,-1.9411139332656522
31,0,C4,NONTARGET_CORRECT_REJECTION,0,,early,-2.29679416019201
31,0,C4,NONTARGET_CORRECT_REJECTION,0,,late,-2.7436991163673157
31,0,C9,NONTARGET_CORRECT_REJECTION,0,,early,-1.5532131893672017
31,0,C9,NONTARGET_CORRECT_REJECTION,0,,late,-4.411284031106696
31,0,C3,NONTARGET_CORRECT_REJECTION,0,,early,-2.100512014005098
31,0,C3,NONTARGET_CORRECT_REJECTION,0,,late,-5.586686198737646
31,0,C10,NONTARGET_CORRECT_REJECTION,0,,early,-0.18099693878512038
31,0,C10,NONTARGET_CORRECT_REJECTION,0,,late,-2.833649307837911
31,0,C6,NONTARGET_CORRECT_REJECTION,0,,early,-5.47508887036852
31,0,C6,NONTARGET_CORRECT_REJECTION,0,,late,-2.8824074994910154
31,0,C2,NONTARGET_CORRECT_REJECTION,0,,early,-0.3093766937975406
31,0,C2,NONTARGET_CORRECT_REJECTION,0,,late,1.658943759507518
31,0,C3,NONTARGET_CORRECT_REJECTION,0,,early,-3.412291018705515
31,0,C3,NONTARGET_CORRECT_REJECTION,0,,late,-1.519920789449816
31,0,C8,NONTARGET_CORRECT_REJECTION,0,,early,-3.616362438418192
31,0,C8,NONTARGET_CORRECT_REJECTION,0,,late,-1.740001563519509
31,0,C4,NONTARGET_CORRECT_REJECTION,0,,early,0.62846608259026
31,0,C4,NONTARGET_CORRECT_REJECTION,0,,late,0.8724715037013837
31,0,C1,NONTARGET_CORRECT_REJECTION,0,,early,-2.23224691666152
31,0,C1,NONTARGET_CORRECT_REJECTION,0,,late,-0.8854660751574498
31,0,C10,NONTARGET_CORRECT_REJECTION,0,,early,0.6023234715499775
31,0,C10,NONTARGET_CORRECT_REJECTION,0,,late,-5.506468913417561
31,0,C5,NONTARGET_CORRECT_REJECTION,0,,early,2.3711727849364084
31,0,C5,NONTARGET_CORRECT_REJECTION,0,,late,-1.549783511381209
31,0,C10,NONTARGET_CORRECT_REJECTION,0,,early,-3.3981721577512563
31,0,C10,NONTARGET_CORRECT_REJECTION,0,,late,-2.2873287992446194
31,0,C9,NONTARGET_CORRECT_REJECTION,0,,early,-6.0398449027734324
31,0,C9,NONTARGET_CORRECT_REJECTION,0,,late,0.43185960919351407
31,0,C2,NONTARGET_CORRECT_REJECTION,0,,early,0.2712129923368731
31,0,C2,NONTARGET_CORRECT_REJECTION,0,,late,-2.068985842804142
31,0,C8,NONTARGET_CORRECT_REJECTION,0,,early,-6.86705096259861
31,0,C8,NONTARGET_CORRECT_REJECTION,0,,late,-2.566194428583088
31,0,C7,NONTARGET_CORRECT_REJECTION,0,,early,-5.664497006543585
31,0,C7,NONTARGET_CORRECT_REJECTION,0,,late,-3.383008211281812
31,0,C6,NONTARGET_CORRECT_REJECTION,0,,early,-3.189748149919615
31,0,C6,NONTARGET_CORRECT_REJECTION,0,,late,-4.132294070314874
31,0,C5,NONTARGET_CORRECT_REJECTION,0,,early,-0.47697115071395096
31,0,C5,NONTARGET_CORRECT_REJECTION,0,,late,3.1216676382391464
31,0,C4,NONTARGET_CORRECT_REJECTION,0,,early,-9.8238899038384
31,0,C4,NONTARGET_CORRECT_REJECTION,0,,late,-4.5392411127437695
31,0,C3,NONTARGET_CORRECT_REJECTION,0,,early,-0.2627750883266494
31,0,C3,NONTARGET_CORRECT_REJECTION,0,,late,-2.6886525921518127
31,0,C1,NONTARGET_CORRECT_REJECTION,0,,early,-0.7924199736506742
31,0,C1,NONTARGET_CORRECT_REJECTION,0,,late,0.5577432924815846
31,0,C2,NONTARGET_CORRECT_REJECTION,0,,early,-2.256590275660604
31,0,C2,NONTARGET_CORRECT_REJECTION,0,,late,-0.5319825924861834
31,0,C9,NONTARGET_CORRECT_REJECTION,0,,early,-1.9244985902207195
31,0,C9,NONTARGET_CORRECT_REJECTION,0,,late,-3.0666698979323717
31,1,C6,NONTARGET_CORRECT_REJECTION,0,,early,0.1133660098055388
31,1,C6,NONTARGET_CORRECT_REJECTION,0,,late,-1.0938846684008536
31,1,C1,NONTARGET_CORRECT_REJECTION,0,,early,0.8253366822823783
31,1,C1,NONTARGET_CORRECT_REJECTION,0,,late,-5.034789315379425
31,1,C4,NONTARGET_CORRECT_REJECTION,0,,early,-0.7122370784123159
31,1,C4,NONTARGET_CORRECT_REJECTION,0,,late,-2.0742942305807652
31,1,C3,NONTARGET_CORRECT_REJECTION,0,,early,-0.9635607554177147
31,1,C3,NONTARGET_CORRECT_REJECTION,0,,late,-5.597125197372231
31,1,C5,NONTARGET_CORRECT_REJECTION,0,,early,0.7632886106359305
31,1,C5,NONTARGET_CORRECT_REJECTION,0,,late,-3.117988708774021
31,1,P1,NONTARGET_CORRECT_REJECTION,0,,early,2.6477567119307657
31,1,P1,NONTARGET_CORRECT_REJECTION,0,,late,-0.01062460814171841
31,1,C8,NONTARGET_CORRECT_REJECTION,0,,early,-4.142729757685882
31,1,C8,NONTARGET_CORRECT_REJECTION,0,,late,-5.592118036959616
31,1,P2,NONTARGET_CORRECT_REJECTION,0,,early,0.6617229658951351
31,1,P2,NONTARGET_CORRECT_REJECTION,0,,late,-3.0988809154833246
31,1,C7,NONTARGET_CORRECT_REJECTION,0,,early,-1.0775139024060296
31,1,C7,NONTARGET_CORRECT_REJECTION,0,,late,-5.202685861190713
31,1,C4,NONTARGET_CORRECT_REJECTION,0,,early,-0.43346241389225576
31,1,C4,NONTARGET_CORRECT_REJECTION,0,,late,-3.631707076654602
31,1,C3,NONTARGET_CORRECT_REJECTION,0,,early,-0.37201028096236155
31,1,C3,NONTARGET_CORRECT_REJECTION,0,,late,-2.307324371404151
31,1,C1,NONTARGET_CORRECT_REJECTION,0,,early,-3.6435459111987907
31,1,C1,NONTARGET_CORRECT_REJECTION,0,,late,-2.4611798871133805
31,1,C7,NONTARGET_CORRECT_REJECTION,0,,early,-7.23452980513333
31,1,C7,NONTARGET_CORRECT_REJECTION,0,,late,-4.309507068991265
31,1,C6,NONTARGET_CORRECT_REJECTION,0,,early,-2.6696110058100153
31,1,C6,NONTARGET_CORRECT_REJECTION,0,,late,-3.773525359353815
31,1,C5,NONTARGET_CORRECT_REJECTION,0,,early,1.2259310378454173
31,1,C5,NONTARGET_CORRECT_REJECTION,0,,late,-3.502032224303406
31,1,P2,NONTARGET_CORRECT_REJECTION,0,,early,-2.1435141929499784
31,1,P2,NONTARGET_CORRECT_REJECTION,0,,late,-5.14868145235596
31,1,C1,NONTARGET_CORRECT_REJECTION,0,,early,1.2472976705972236
31,1,C1,NONTARGET_CORRECT_REJECTION,0,,late,-4.000670405718481
31,1,P4,NONTARGET_CORRECT_REJECTION,0,,early,2.2706860988104847
31,1,P4,NONTARGET_CORRECT_REJECTION,0,,late,-0.6287470919094704
31,1,P1,NONTARGET_CORRECT_REJECTION,0,,early,-2.473959609315413
31,1,P1,NONTARGET_CORRECT_REJECTION,0,,late,0.7419696532251586
31,1,C10,NONTARGET_CORRECT_REJECTION,0,,early,-4.663335990017935
31,1,C10,NONTARGET_CORRECT_REJECTION,0,,late,-3.476610782287856
31,1,C3,NONTARGET_CORRECT_REJECTION,0,,early,-0.8640352903044811
31,1,C3,NONTARGET_CORRECT_REJECTION,0,,late,-1.9294735198744979
31,1,C6,NONTARGET_CORRECT_REJECTION,0,,early,-1.1815727630874193
31,1,C6,NONTARGET_CORRECT_REJECTION,0,,late,-1.9852679538969422
31,1,C5,NONTARGET_CORRECT_REJECTION,0,,early,-4.973956102799894
31,1,C5,NONTARGET_CORRECT_REJECTION,0,,late,-6.36351864482521
31,1,C10,NONTARGET_CORRECT_REJECTION,0,,early,-2.301909589186283
31,1,C10,NONTARGET_CORRECT_REJECTION,0,,late,-3.96370414330709
31,1,P4,NONTARGET_CORRECT_REJECTION,0,,early,-0.7044503559497336
31,1,P4,NONTARGET_CORRECT_REJECTION,0,,late,-2.572082579052937
31,1,P3,NONTARGET_CORRECT_REJECTION,0,,early,-5.473985710556481
31,1,P3,NONTARGET_CORRECT_REJECTION,0,,late,0.04175400375609023
31,1,C5,NONTARGET_CORRECT_REJECTION,0,,early,-3.3603305877802354
31,1,C5,NONTARGET_CORRECT_REJECTION,0,,late,-3.6317964732665398
31,1,C2,NONTARGET_CORRECT_REJECTION,0,,early,-0.8093588031279428
31,1,C2,NONTARGET_CORRECT_REJECTION,0,,late,-2.369294311058454
31,1,P4,NONTARGET_CORRECT_REJECTION,0,,early,-2.144136779494544
31,1,P4,NONTARGET_CORRECT_REJECTION,0,,late,-1.244024287284935
31,1,C8,NONTARGET_CORRECT_REJECTION,0,,early,0.24759506579969376
31,1,C8,NONTARGET_CORRECT_REJECTION,0,,late,-2.2212862911635045
31,1,P3,NONTARGET_CORRECT_REJECTION,0,,early,-3.5912501707151923
31,1,P3,NONTARGET_CORRECT_REJECTION,0,,late,-1.4043870726279761
31,1,C9,NONTARGET_CORRECT_REJECTION,0,,early,-1.2440390544677524
31,1,C9,NONTARGET_CORRECT_REJECTION,0,,late,-4.501181394156267
31,1,C7,NONTARGET_CORRECT_REJECTION,0,,early,-3.7321283969509316
31,1,C7,NONTARGET_CORRECT_REJECTION,0,,late,-5.731004382838566
31,1,C4,NONTARGET_CORRECT_REJECTION,0,,early,-3.3741940864674267
31,1,C4,NONTARGET_CORRECT_REJECTION,0,,late,-3.5271123146893744
31,1,C2,NONTARGET_CORRECT_REJECTION,0,,early,2.0225986153569613
31,1,C2,NONTARGET_CORRECT_REJECTION,0,,late,-0.07383545906526802
31,1,C10,NONTARGET_CORRECT_REJECTION,0,,early,-3.4666384920407323
31,1,C10,NONTARGET_CORRECT_REJECTION,0,,late,-2.3832928767325896
31,1,C1,NONTARGET_CORRECT_REJECTION,0,,early,-2.1811016701999217
31,1,C1,NONTARGET_CORRECT_REJECTION,0,,late,-4.730798674360412
31,1,C6,NONTARGET_CORRECT_REJECTION,0,,early,-0.34467367557921413
31,1,C6,NONTARGET_CORRECT_REJECTION,0,,late,-1.2063805322722176
31,1,P4,NONTARGET_CORRECT_REJECTION,0,,early,-0.9357756140893424
31,1,P4,NONTARGET_CORRECT_REJECTION,0,,late,1.1966545845821932
31,1,C8,NONTARGET_CORRECT_REJECTION,0,,early,-4.151976151731888
31,1,C8,NONTARGET_CORRECT_REJECTION,0,,late,-5.281834583524632
31,1,P2,NONTARGET_CORRECT_REJECTION,0,,early,-2.0525969104245307
31,1,P2,NONTARGET_CORRECT_REJECTION,0,,late,-3.3753695566794875
31,1,C4,NONTARGET_CORRECT_REJECTION,0,,early,-1.8438061953255918
31,1,C4,NONTARGET_CORRECT_REJECTION,0,,late,-3.5003473694791385
31,1,C1,NONTARGET_CORRECT_REJECTION,0,,early,-0.25743455020182426
31,1,C1,NONTARGET_CORRECT_REJECTION,0,,late,-0.7528723393011416
31,1,C2,NONTARGET_CORRECT_REJECTION,0,,early,-2.437192842877397
31,1,C2,NONTARGET_CORRECT_REJECTION,0,,late,-0.38778959044423783
31,1,C6,NONTARGET_CORRECT_REJECTION,0,,early,-4.806239012421584
31,1,C6,NONTARGET_CORRECT_REJECTION,0,,late,-4.015990702202556
31,1,P4,NONTARGET_CORRECT_REJECTION,0,,early,-2.817719683956761
31,1,P4,NONTARGET_CORRECT_REJECTION,0,,late,-0.8184800843454574
31,1,C3,NONTARGET_CORRECT_REJECTION,0,,early,-1.7132545803400128
31,1,C3,NONTARGET_CORRECT_REJECTION,0,,late,-5.871710485805133
31,1,P1,NONTARGET_CORRECT_REJECTION,0,,early,2.561048898295462
31,1,P1,NONTARGET_CORRECT_REJECTION,0,,late,-2.061268803891249
31,1,C10,NONTARGET_CORRECT_REJECTION,0,,early,-0.3170960218642151
31,1,C10,NONTARGET_CORRECT_REJECTION,0,,late,-2.3125427020926326
31,1,C5,NONTARGET_CORRECT_REJECTION,0,,early,-3.0389899630062627
31,1,C5,NONTARGET_CORRECT_REJECTION,0,,late,-6.155540849266414
31,1,C9,NONTARGET_CORRECT_REJECTION,0,,early,-4.62254303333079
31,1,C9,NONTARGET_CORRECT_REJECTION,0,,late,-1.937236536242675
31,1,C7,NONTARGET_CORRECT_REJECTION,0,,early,-5.69297926116588
31,1,C7,NONTARGET_CORRECT_REJECTION,0,,late,-6.1585381223603815
31,1,C4,NONTARGET_CORRECT_REJECTION,0,,early,-3.3122547655755437
31,1,C4,NONTARGET_CORRECT_REJECTION,0,,late,-3.6924403734038402
31,1,P1,NONTARGET_CORRECT_REJECTION,0,,early,2.4050620634757904
31,1,P1,NONTARGET_CORRECT_REJECTION,0,,late,-4.075739918479731
31,1,C6,NONTARGET_CORRECT_REJECTION,0,,early,-1.6969318764269987
31,1,C6,NONTARGET_CORRECT_REJECTION,0,,late,-1.9544735324055682
31,1,P4,NONTARGET_CORRECT_REJECTION,0,,early,-3.0869144933796786
31,1,P4,NONTARGET_CORRECT_REJECTION,0,,late,-1.0343566261597392
31,1,P2,NONTARGET_CORRECT_REJECTION,0,,early,-0.7917548168747818
31,1,P2,NONTARGET_CORRECT_REJECTION,0,,late,-3.411787664906913
31,1,C1,NONTARGET_CORRECT_REJECTION,0,,early,-1.0582095304901644
31,1,C1,NONTARGET_CORRECT_REJECTION,0,,late,-4.586207005061172
31,1,C8,NONTARGET_CORRECT_REJECTION,0,,early,-2.3244565365490724
31,1,C8,NONTARGET_CORRECT_REJECTION,0,,late,-0.27055091674320964
31,1,C3,NONTARGET_CORRECT_REJECTION,0,,early,3.730391123127917
31,1,C3,NONTARGET_CORRECT_REJECTION,0,,late,-3.156322176698846
31,1,C4,NONTARGET_CORRECT_REJECTION,0,,early,-2.247642622868701
31,1,C4,NONTARGET_CORRECT_REJECTION,0,,late,-3.467828931791798
31,1,C8,NONTARGET_CORRECT_REJECTION,0,,early,-2.2885966571782244
31,1,C8,NONTARGET_CORRECT_REJECTION,0,,late,-4.254763149045012
31,1,P2,NONTARGET_CORRECT_REJECTION,0,,early,-3.5965808888057786
31,1,P2,NONTARGET_CORRECT_REJECTION,0,,late,-0.21549327721147868
31,1,C5,NONTARGET_CORRECT_REJECTION,0,,early,-0.10503321365226594
31,1,C5,NONTARGET_CORRECT_REJECTION,0,,late,-2.1836859800240638
31,1,C6,NONTARGET_CORRECT_REJECTION,0,,early,-2.0387513333942935
31,1,C6,NONTARGET_CORRECT_REJECTION,0,,late,-2.1985443212236495
31,1,C2,NONTARGET_CORRECT_REJECTION,0,,early,0.6185140442455339
31,1,C2,NONTARGET_CORRECT_REJECTION,0,,late,-3.5859135462845737
31,1,P3,NONTARGET_CORRECT_REJECTION,0,,early,-3.2484082559335277
31,1,P3,NONTARGET_CORRECT_REJECTION,0,,late,-3.199487114493344
31,1,C9,NONTARGET_CORRECT_REJECTION,0,,early,0.7748243192368436
31,1,C9,NONTARGET_CORRECT_REJECTION,0,,late,-5.356762675722674
31,1,C10,NONTARGET_CORRECT_REJECTION,0,,early,-4.582070564653099
31,1,C10,NONTARGET_CORRECT_REJECTION,0,,late,0.4494601587909492
31,1,P4,NONTARGET_CORRECT_REJECTION,0,,early,-0.5255650368919923
31,1,P4,NONTARGET_CORRECT_REJECTION,0,,late,-1.6501237507436008
31,1,C7,NONTARGET_CORRECT_REJECTION,0,,early,-2.836929644404852
31,1,C7,NONTARGET_CORRECT_REJECTION,0,,late,-5.541501139260149
31,1,C5,NONTARGET_CORRECT_REJECTION,0,,early,0.5330297867224081
31,1,C5,NONTARGET_CORRECT_REJECTION,0,,late,-1.3522180319421564
31,1,C6,NONTARGET_CORRECT_REJECTION,0,,early,-1.130499425220666
31,1,C6,NONTARGET_CORRECT_REJECTION,0,,late,-3.005753118288279
31,1,C4,NONTARGET_CORRECT_REJECTION,0,,early,-3.042251577251451
31,1,C4,NONTARGET_CORRECT_REJECTION,0,,late,-2.59654928708927
31,2,C7,NONTARGET_CORRECT_REJECTION,0,,early,-2.452498997813673
31,2,C7,NONTARGET_CORRECT_REJECTION,0,,late,-5.279865923720793
31,2,P2,NONTARGET_CORRECT_REJECTION,0,,early,-2.0778306179563577
31,2,P2,NONTARGET_CORRECT_REJECTION,0,,late,-6.812168720709565
31,2,C3,NONTARGET_CORRECT_REJECTION,0,,early,1.4005140362357738
31,2,C3,NONTARGET_CORRECT_REJECTION,0,,late,-4.377163105924311
31,2,C5,NONTARGET_CORRECT_REJECTION,0,,early,-1.6047914931064147
31,2,C5,NONTARGET_CORRECT_REJECTION,0,,late,-3.4518337347748433
31,2,C8,NONTARGET_CORRECT_REJECTION,0,,early,0.20824695235694793
31,2,C8,NONTARGET_CORRECT_REJECTION,0,,late,-3.335937123583793
31,2,C9,NONTARGET_CORRECT_REJECTION,0,,early,-1.0630015944781976
31,2,C9,NONTARGET_CORRECT_REJECTION,0,,late,-5.575196467019944
31,2,P1,NONTARGET_CORRECT_REJECTION,0,,early,1.8638652039568038
31,2,P1,NONTARGET_CORRECT_REJECTION,0,,late,-4.7972974750471895
31,2,P3,NONTARGET_CORRECT_REJECTION,0,,early,0.01338346979156516
31,2,P3,NONTARGET_CORRECT_REJECTION,0,,late,-1.7219307387460498
31,2,P1,NONTARGET_CORRECT_REJECTION,0,,early,2.7038780947249386
31,2,P1,NONTARGET_CORRECT_REJECTION,0,,late,-6.259121681356984
31,2,C2,NONTARGET_CORRECT_REJECTION,0,,early,-3.1720114445887044
31,2,C2,NONTARGET_CORRECT_REJECTION,0,,late,-0.5255936241871613
31,2,C1,NONTARGET_CORRECT_REJECTION,0,,early,-4.344259908646923
31,2,C1,NONTARGET_CORRECT_REJECTION,0,,late,-3.311757095435065
31,2,P3,NONTARGET_CORRECT_REJECTION,0,,early,1.0287170236796905
31,2,P3,NONTARGET_CORRECT_REJECTION,0,,late,-5.796333226377077
31,2,C7,NONTARGET_CORRECT_REJECTION,0,,early,-2.932776678396707
31,2,C7,NONTARGET_CORRECT_REJECTION,0,,late,-0.9143006280811811
31,2,C9,NONTARGET_CORRECT_REJECTION,0,,early,-7.4508303827147575
31,2,C9,NONTARGET_CORRECT_REJECTION,0,,late,-6.342387159579296
31,2,P4,NONTARGET_CORRECT_REJECTION,0,,early,2.31460718707259
31,2,P4,NONTARGET_CORRECT_REJECTION,0,,late,-4.218973567494604
31,2,C6,NONTARGET_CORRECT_REJECTION,0,,early,-2.0247111384781404
31,2,C6,NONTARGET_CORRECT_REJECTION,0,,late,-1.1716182631775278
31,2,C8,NONTARGET_CORRECT_REJECTION,0,,early,-1.4017955177245627
31,2,C8,NONTARGET_CORRECT_REJECTION,0,,late,-2.2824989412250516
31,2,C5,NONTARGET_CORRECT_REJECTION,0,,early,-1.309295439511774
31,2,C5,NONTARGET_CORRECT_REJECTION,0,,late,-4.6949919621426055
31,2,C3,NONTARGET_CORRECT_REJECTION,0,,early,-4.4705948325892875
31,2,C3,NONTARGET_CORRECT_REJECTION,0,,late,-4.461158233418396
31,2,C1,NONTARGET_CORRECT_REJECTION,0,,early,-1.3092733906694571
31,2,C1,NONTARGET_CORRECT_REJECTION,0,,late,-0.5398313384098183
31,2,P4,NONTARGET_CORRECT_REJECTION,0,,early,-4.919086460865291
31,2,P4,NONTARGET_CORRECT_REJECTION,0,,late,-4.334137525262173
31,2,C10,NONTARGET_CORRECT_REJECTION,0,,early,-1.1793630691528318
31,2,C10,NONTARGET_CORRECT_REJECTION,0,,late,-3.1764837219246638
31,2,C8,NONTARGET_CORRECT_REJECTION,0,,early,-1.9115091844849788
31,2,C8,NONTARGET_CORRECT_REJECTION,0,,late,-1.0810120983796683
31,2,C6,NONTARGET_CORRECT_REJECTION,0,,early,-2.3232175426188397
31,2,C6,NONTARGET_CORRECT_REJECTION,0,,late,-3.8577803950391334
31,2,C7,NONTARGET_CORRECT_REJECTION,0,,early,-4.38181936928354
31,2,C7,NONTARGET_CORRECT_REJECTION,0,,late,-2.835562717903251
31,2,C6,NONTARGET_CORRECT_REJECTION,0,,early,0.7878480537060574
31,2,C6,NONTARGET_CORRECT_REJECTION,0,,late,-3.243690763343817
31,2,C5,NONTARGET_CORRECT_REJECTION,0,,early,-3.713291665361001
31,2,C5,NONTARGET_CORRECT_REJECTION,0,,late,-2.263600965836944
31,2,C4,NONTARGET_CORRECT_REJECTION,0,,early,-1.300353257602818
31,2,C4,NONTARGET_CORRECT_REJECTION,0,,late,-6.231651715887893
31,2,C2,NONTARGET_CORRECT_REJECTION,0,,early,-1.1792660344299661
31,2,C2,NONTARGET_CORRECT_REJECTION,0,,late,-4.729186730208858
31,2,C1,NONTARGET_CORRECT_REJECTION,0,,early,0.7910493894970719
31,2,C1,NONTARGET_CORRECT_REJECTION,0,,late,-3.1702894505783585
31,2,C10,NONTARGET_CORRECT_REJECTION,0,,early,-0.7803737713649829
31,2,C10,NONTARGET_CORRECT_REJECTION,0,,late,-3.2740128015206214
31,2,P1,NONTARGET_CORRECT_REJECTION,0,,early,2.233131291715031
31,2,P1,NONTARGET_CORRECT_REJECTION,0,,late,-5.168316450305231
31,2,C9,NONTARGET_CORRECT_REJECTION,0,,early,1.7015923886803719
31,2,C9,NONTARGET_CORRECT_REJECTION,0,,late,-0.982707412256503
31,2,C5,NONTARGET_CORRECT_REJECTION,0,,early,-0.6620168923480847
31,2,C5,NONTARGET_CORRECT_REJECTION,0,,late,-3.4560378622434422
31,2,C4,NONTARGET_CORRECT_REJECTION,0,,early,-0.7336374271487278
31,2,C4,NONTARGET_CORRECT_REJECTION,0,,late,-5.4347777579026
31,2,C8,NONTARGET_CORRECT_REJECTION,0,,early,-0.8209759023897768
31,2,C8,NONTARGET_CORRECT_REJECTION,0,,late,-1.2687838935425368
31,2,C10,NONTARGET_CORRECT_REJECTION,0,,early,-5.797713715186096
31,2,C10,NONTARGET_CORRECT_REJECTION,0,,late,-2.6872211270831947
31,2,C1,NONTARGET_CORRECT_REJECTION,0,,early,-1.9895543473208632
31,2,C1,NONTARGET_CORRECT_REJECTION,0,,late,-3.017734117791393
31,2,P4,NONTARGET_CORRECT_REJECTION,0,,early,2.279198144120701
31,2,P4,NONTARGET_CORRECT_REJECTION,0,,late,-5.34052797679424
31,2,P3,NONTARGET_CORRECT_REJECTION,0,,early,-5.870818124008455
31,2,P3,NONTARGET_CORRECT_REJECTION,0,,late,-8.226233931425423
31,2,C3,NONTARGET_CORRECT_REJECTION,0,,early,-1.995458112284673
31,2,C3,NONTARGET_CORRECT_REJECTION,0,,late,-1.2402885264046966
31,2,C7,NONTARGET_CORRECT_REJECTION,0,,early,-2.7574522483029766
31,2,C7,NONTARGET_CORRECT_REJECTION,0,,late,-2.1310328063025024
31,2,C4,NONTARGET_CORRECT_REJECTION,0,,early,-2.291115224567543
31,2,C4,NONTARGET_CORRECT_REJECTION,0,,late,-4.897033245823213
31,2,C10,NONTARGET_CORRECT_REJECTION,0,,early,-0.6165964984862452
31,2,C10,NONTARGET_CORRECT_REJECTION,0,,late,-4.887790270845799
31,2,P4,NONTARGET_CORRECT_REJECTION,0,,early,-0.5337423606777075
31,2,P4,NONTARGET_CORRECT_REJECTION,0,,late,-3.0998619900441406
31,2,C6,NONTARGET_CORRECT_REJECTION,0,,early,-0.009077834459384652
31,2,C6,NONTARGET_CORRECT_REJECTION,0,,late,-5.58423731875777
31,2,C8,NONTARGET_CORRECT_REJECTION,0,,early,1.6150917336503672
31,2,C8,NONTARGET_CORRECT_REJECTION,0,,late,-6.1292670125417095
31,2,P1,NONTARGET_CORRECT_REJECTION,0,,early,2.1696977892297897
31,2,P1,NONTARGET_CORRECT_REJECTION,0,,late,-7.328875239064112
31,2,P3,NONTARGET_CORRECT_REJECTION,0,,early,-5.902361716329539
31,2,P3,NONTARGET_CORRECT_REJECTION,0,,late,-2.4220044990869076
31,2,C9,NONTARGET_CORRECT_REJECTION,0,,early,-2.5056654436581325
31,2,C9,NONTARGET_CORRECT_REJECTION,0,,late,-8.144461909853314
31,2,C5,NONTARGET_CORRECT_REJECTION,0,,early,-1.6533858191908233
31,2,C5,NONTARGET_CORRECT_REJECTION,0,,late,-3.3874626620918926
31,2,C3,NONTARGET_CORRECT_REJECTION,0,,early,-1.6311293199054395
31,2,C3,NONTARGET_CORRECT_REJECTION,0,,late,-4.993736706141452
31,2,C4,NONTARGET_CORRECT_REJECTION,0,,early,-9.208395369958954
31,2,C4,NONTARGET_CORRECT_REJECTION,0,,late,-2.399206732001536
31,2,C2,NONTARGET_CORRECT_REJECTION,0,,early,-2.026366698072272
31,2,C2,NONTARGET_CORRECT_REJECTION,0,,late,-2.1038643261094796
31,2,C7,NONTARGET_CORRECT_REJECTION,0,,early,-0.7245772066671982
31,2,C7,NONTARGET_CORRECT_REJECTION,0,,late,-1.382951107331174
31,2,C6,NONTARGET_CORRECT_REJECTION,0,,early,-2.7545158462743635
31,2,C6,NONTARGET_CORRECT_REJECTION,0,,late,-0.3496127577481576
31,2,C5,NONTARGET_CORRECT_REJECTION,0,,early,-2.801395169434333
31,2,C5,NONTARGET_CORRECT_REJECTION,0,,late,-1.5060431045247262
31,2,C3,NONTARGET_CORRECT_REJECTION,0,,early,-0.461972109145139
31,2,C3,NONTARGET_CORRECT_REJECTION,0,,late,-0.9305157336958959
31,2,P1,NONTARGET_CORRECT_REJECTION,0,,early,-0.16641363912911025
31,2,P1,NONTARGET_CORRECT_REJECTION,0,,late,-1.7416545372789836
31,2,P4,NONTARGET_CORRECT_REJECTION,0,,early,-0.12491640487478792
31,2,P4,NONTARGET_CORRECT_REJECTION,0,,late,-3.9424040080587224
31,2,C10,NONTARGET_CORRECT_REJECTION,0,,early,3.0097176080975134
31,2,C10,NONTARGET_CORRECT_REJECTION,0,,late,-2.427936609658679
31,2,C1,NONTARGET_CORRECT_REJECTION,0,,early,-0.8779604393665907
31,2,C1,NONTARGET_CORRECT_REJECTION,0,,late,-7.07448910837189
31,2,P2,NONTARGET_CORRECT_REJECTION,0,,early,-0.8127543631200767
31,2,P2,NONTARGET_CORRECT_REJECTION,0,,late,-5.118919725746918
31,2,C1,NONTARGET_FALSE_ALARM,1,699.8000000000466,early,-4.15315900124864
31,2,C1,NONTARGET_FALSE_ALARM,1,699.8000000000466,late,-4.5877352210150555
31,2,C9,NONTARGET_CORRECT_REJECTION,0,,early,-2.36667652061066
31,2,C9,NONTARGET_CORRECT_REJECTION,0,,late,-3.266946137843797
31,2,C8,NONTARGET_CORRECT_REJECTION,0,,early,-4.628582175066271
31,2,C8,NONTARGET_CORRECT_REJECTION,0,,late,-1.801239770901373
31,2,P1,NONTARGET_CORRECT_REJECTION,0,,early,0.32660566424413345
31,2,P1,NONTARGET_CORRECT_REJECTION,0,,late,-1.5927829149298247
31,2,C7,NONTARGET_CORRECT_REJECTION,0,,early,-3.0736800521521674
31,2,C7,NONTARGET_CORRECT_REJECTION,0,,late,-1.5691385255075934
31,2,C10,NONTARGET_CORRECT_REJECTION,0,,early,-5.168331266897447
31,2,C10,NONTARGET_CORRECT_REJECTION,0,,late,-0.5721811725350074
31,2,C4,NONTARGET_CORRECT_REJECTION,0,,early,-1.5033828536689813
31,2,C4,NONTARGET_CORRECT_REJECTION,0,,late,-2.2004900480712064
31,2,C3,NONTARGET_CORRECT_REJECTION,0,,early,-3.313710846540429
31,2,C3,NONTARGET_CORRECT_REJECTION,0,,late,-1.7124152558563224
31,2,P2,NONTARGET_CORRECT_REJECTION,0,,early,-3.519444426374567
31,2,P2,NONTARGET_CORRECT_REJECTION,0,,late,-3.4146302355188505
31,2,C5,NONTARGET_CORRECT_REJECTION,0,,early,-0.5574115008777255
31,2,C5,NONTARGET_CORRECT_REJECTION,0,,late,-5.035660895159543
31,2,C2,NONTARGET_CORRECT_REJECTION,0,,early,0.1920926360347598
31,2,C2,NONTARGET_CORRECT_REJECTION,0,,late,-5.754702082225346
31,2,C9,NONTARGET_CORRECT_REJECTION,0,,early,-1.028853310442678
31,2,C9,NONTARGET_CORRECT_REJECTION,0,,late,-3.6369127034711703
33,0,C8,NONTARGET_CORRECT_REJECTION,0,,early,4.735207288870488
33,0,C8,NONTARGET_CORRECT_REJECTION,0,,late,-1.1053081380176455
33,0,C9,NONTARGET_CORRECT_REJECTION,0,,early,-1.244833112360467
33,0,C9,NONTARGET_CORRECT_REJECTION,0,,late,-2.0243871777097238
33,0,C5,NONTARGET_CORRECT_REJECTION,0,,early,4.629660206844897
33,0,C5,NONTARGET_CORRECT_REJECTION,0,,late,1.0045702690918819
33,0,C10,NONTARGET_CORRECT_REJECTION,0,,early,8.259720648123025
33,0,C10,NONTARGET_CORRECT_REJECTION,0,,late,-0.6605761949769599
33,0,C7,NONTARGET_CORRECT_REJECTION,0,,early,-1.7111279294338728
33,0,C7,NONTARGET_CORRECT_REJECTION,0,,late,0.3432616965139652
33,0,C1,NONTARGET_CORRECT_REJECTION,0,,early,1.8123428891911164
33,0,C1,NONTARGET_CORRECT_REJECTION,0,,late,-2.566933227649748
33,0,C6,NONTARGET_CORRECT_REJECTION,0,,early,5.250047809907545
33,0,C6,NONTARGET_CORRECT_REJECTION,0,,late,0.013264414253413464
33,0,C2,NONTARGET_CORRECT_REJECTION,0,,early,2.103085935341445
33,0,C2,NONTARGET_CORRECT_REJECTION,0,,late,-0.5176092840077338
33,0,C3,NONTARGET_CORRECT_REJECTION,0,,early,6.264180183698721
33,0,C3,NONTARGET_CORRECT_REJECTION,0,,late,0.7936797034538525
33,0,C6,NONTARGET_CORRECT_REJECTION,0,,early,4.593832943926212
33,0,C6,NONTARGET_CORRECT_REJECTION,0,,late,0.028899894286092975
33,0,C3,NONTARGET_CORRECT_REJECTION,0,,early,4.1510539394425
33,0,C3,NONTARGET_CORRECT_REJECTION,0,,late,-0.4377115666132706
33,0,C7,NONTARGET_CORRECT_REJECTION,0,,early,2.654145338858983
33,0,C7,NONTARGET_CORRECT_REJECTION,0,,late,-1.4284869977906107
33,0,C9,NONTARGET_CORRECT_REJECTION,0,,early,4.117258640625374
33,0,C9,NONTARGET_CORRECT_REJECTION,0,,late,0.7053820689609
33,0,C4,NONTARGET_CORRECT_REJECTION,0,,early,2.3954324263438886
33,0,C4,NONTARGET_CORRECT_REJECTION,0,,late,0.06465482864069691
33,0,C5,NONTARGET_CORRECT_REJECTION,0,,early,0.02640926022611979
33,0,C5,NONTARGET_CORRECT_REJECTION,0,,late,-1.7742930768496314
33,0,C2,NONTARGET_CORRECT_REJECTION,0,,early,2.0752659461534018
33,0,C2,NONTARGET_CORRECT_REJECTION,0,,late,0.02343279061554068
33,0,C2,NONTARGET_CORRECT_REJECTION,0,,early,6.360386737647695
33,0,C2,NONTARGET_CORRECT_REJECTION,0,,late,-2.7725382038505346
33,0,C7,NONTARGET_CORRECT_REJECTION,0,,early,-6.958956377945067
33,0,C7,NONTARGET_CORRECT_REJECTION,0,,late,-1.8022249239962052
33,0,C3,NONTARGET_CORRECT_REJECTION,0,,early,8.463654018017635
33,0,C3,NONTARGET_CORRECT_REJECTION,0,,late,0.28197585768852235
33,0,C9,NONTARGET_CORRECT_REJECTION,0,,early,0.21069237518192382
33,0,C9,NONTARGET_CORRECT_REJECTION,0,,late,-0.4525092819347998
33,0,C8,NONTARGET_CORRECT_REJECTION,0,,early,-0.641472122966109
33,0,C8,NONTARGET_CORRECT_REJECTION,0,,late,-0.7170495539223722
33,0,C10,NONTARGET_CORRECT_REJECTION,0,,early,7.1029769297725895
33,0,C10,NONTARGET_CORRECT_REJECTION,0,,late,-1.3791779600236889
33,0,C5,NONTARGET_CORRECT_REJECTION,0,,early,4.339475821345833
33,0,C5,NONTARGET_CORRECT_REJECTION,0,,late,0.25776196992816125
33,0,C4,NONTARGET_CORRECT_REJECTION,0,,early,-0.945984837140259
33,0,C4,NONTARGET_CORRECT_REJECTION,0,,late,1.829589727700266
33,0,C10,NONTARGET_CORRECT_REJECTION,0,,early,5.81062930686558
33,0,C10,NONTARGET_CORRECT_REJECTION,0,,late,2.593318109209833
33,0,C2,NONTARGET_CORRECT_REJECTION,0,,early,6.672761246639298
33,0,C2,NONTARGET_CORRECT_REJECTION,0,,late,-0.992183708219933
33,0,C4,NONTARGET_CORRECT_REJECTION,0,,early,1.9816490520738745
33,0,C4,NONTARGET_CORRECT_REJECTION,0,,late,-1.5497961991262637
33,0,C6,NONTARGET_CORRECT_REJECTION,0,,early,6.386977088992142
33,0,C6,NONTARGET_CORRECT_REJECTION,0,,late,-0.07145281989128063
33,0,C5,NONTARGET_CORRECT_REJECTION,0,,early,2.713663878379137
33,0,C5,NONTARGET_CORRECT_REJECTION,0,,late,2.119672288415658
33,0,C9,NONTARGET_CORRECT_REJECTION,0,,early,2.002132598005555
33,0,C9,NONTARGET_CORRECT_REJECTION,0,,late,0.11500092273200525
33,0,C8,NONTARGET_CORRECT_REJECTION,0,,early,-5.159495643876703
33,0,C8,NONTARGET_CORRECT_REJECTION,0,,late,-1.5809416128333804
33,0,C5,NONTARGET_CORRECT_REJECTION,0,,early,2.325707628174384
33,0,C5,NONTARGET_CORRECT_REJECTION,0,,late,0.8686342811766132
33,0,C6,NONTARGET_CORRECT_REJECTION,0,,early,-0.1827383913753635
33,0,C6,NONTARGET_CORRECT_REJECTION,0,,late,-1.777463569567293
33,0,C9,NONTARGET_CORRECT_REJECTION,0,,early,-0.459698960132689
33,0,C9,NONTARGET_CORRECT_REJECTION,0,,late,-0.00300899574876747
33,0,C10,NONTARGET_CORRECT_REJECTION,0,,early,-0.874917519529655
33,0,C10,NONTARGET_CORRECT_REJECTION,0,,late,-1.1005359272273971
33,0,C9,NONTARGET_CORRECT_REJECTION,0,,early,1.3949566981621162
33,0,C9,NONTARGET_CORRECT_REJECTION,0,,late,-0.23691873785849943
33,0,C6,NONTARGET_CORRECT_REJECTION,0,,early,6.276575744902636
33,0,C6,NONTARGET_CORRECT_REJECTION,0,,late,-1.7431385577908973
33,0,C2,NONTARGET_CORRECT_REJECTION,0,,early,1.3941937994199953
33,0,C2,NONTARGET_CORRECT_REJECTION,0,,late,-0.8678383155687561
33,0,C3,NONTARGET_CORRECT_REJECTION,0,,early,5.048544100650663
33,0,C3,NONTARGET_CORRECT_REJECTION,0,,late,0.25125063104211093
33,0,C8,NONTARGET_CORRECT_REJECTION,0,,early,5.529223920728485
33,0,C8,NONTARGET_CORRECT_REJECTION,0,,late,1.5125228978040506
33,0,C7,NONTARGET_CORRECT_REJECTION,0,,early,5.245212965692346
33,0,C7,NONTARGET_CORRECT_REJECTION,0,,late,0.13171765784212763
33,0,C10,NONTARGET_CORRECT_REJECTION,0,,early,1.631340916010087
33,0,C10,NONTARGET_CORRECT_REJECTION,0,,late,0.6123003635977032
33,0,C5,NONTARGET_CORRECT_REJECTION,0,,early,4.17993749105004
33,0,C5,NONTARGET_CORRECT_REJECTION,0,,late,-0.554881081758703
33,0,C10,NONTARGET_CORRECT_REJECTION,0,,early,6.424153951063198
33,0,C10,NONTARGET_CORRECT_REJECTION,0,,late,0.7943788443859157
33,0,C2,NONTARGET_CORRECT_REJECTION,0,,early,9.32629448688334
33,0,C2,NONTARGET_CORRECT_REJECTION,0,,late,-0.5326595402484047
33,0,C8,NONTARGET_CORRECT_REJECTION,0,,early,3.996286024793393
33,0,C8,NONTARGET_CORRECT_REJECTION,0,,late,-0.1685124713785428
33,0,C4,NONTARGET_CORRECT_REJECTION,0,,early,-1.8009331335173582
33,0,C4,NONTARGET_CORRECT_REJECTION,0,,late,-4.3176359714185315
33,0,C3,NONTARGET_CORRECT_REJECTION,0,,early,4.990315807976815
33,0,C3,NONTARGET_CORRECT_REJECTION,0,,late,0.2111344566739932
33,0,C1,NONTARGET_CORRECT_REJECTION,0,,early,-1.9769797167436645
33,0,C1,NONTARGET_CORRECT_REJECTION,0,,late,-0.8036956955248344
33,0,C2,NONTARGET_CORRECT_REJECTION,0,,early,12.095967925827999
33,0,C2,NONTARGET_CORRECT_REJECTION,0,,late,-3.797345273140021
33,1,C6,NONTARGET_CORRECT_REJECTION,0,,early,-5.969788796964709
33,1,C6,NONTARGET_CORRECT_REJECTION,0,,late,-3.630453455268641
33,1,C1,NONTARGET_CORRECT_REJECTION,0,,early,4.007698669926327
33,1,C1,NONTARGET_CORRECT_REJECTION,0,,late,1.7233218967983825
33,1,C4,NONTARGET_CORRECT_REJECTION,0,,early,-2.6844491879376995
33,1,C4,NONTARGET_CORRECT_REJECTION,0,,late,-1.3612777083450156
33,1,C3,NONTARGET_CORRECT_REJECTION,0,,early,3.5510195226460994
33,1,C3,NONTARGET_CORRECT_REJECTION,0,,late,2.3793440391041454
33,1,C5,NONTARGET_CORRECT_REJECTION,0,,early,4.399424732659858
33,1,C5,NONTARGET_CORRECT_REJECTION,0,,late,-0.22672958910678118
33,1,P1,NONTARGET_CORRECT_REJECTION,0,,early,10.79896705391223
33,1,P1,NONTARGET_CORRECT_REJECTION,0,,late,-1.4122855426615726
33,1,C8,NONTARGET_CORRECT_REJECTION,0,,early,-7.172713024307151
33,1,C8,NONTARGET_CORRECT_REJECTION,0,,late,-2.852967540356782
33,1,C4,NONTARGET_CORRECT_REJECTION,0,,early,-0.48208977947462683
33,1,C4,NONTARGET_CORRECT_REJECTION,0,,late,-3.5672090389689615
33,1,C3,NONTARGET_CORRECT_REJECTION,0,,early,-1.6684680672295005
33,1,C3,NONTARGET_CORRECT_REJECTION,0,,late,1.1115025789163364
33,1,C1,NONTARGET_CORRECT_REJECTION,0,,early,-5.40613104967791
33,1,C1,NONTARGET_CORRECT_REJECTION,0,,late,-1.1499360757770332
33,1,C7,NONTARGET_CORRECT_REJECTION,0,,early,-0.09278248233349448
33,1,C7,NONTARGET_CORRECT_REJECTION,0,,late,-2.0287520753978185
33,1,C5,NONTARGET_CORRECT_REJECTION,0,,early,6.90017834896294
33,1,C5,NONTARGET_CORRECT_REJECTION,0,,late,-2.3305223915947093
33,1,P2,NONTARGET_CORRECT_REJECTION,0,,early,11.101022384167052
33,1,P2,NONTARGET_CORRECT_REJECTION,0,,late,-0.5175073249871044
33,1,C1,NONTARGET_CORRECT_REJECTION,0,,early,6.072298953545582
33,1,C1,NONTARGET_CORRECT_REJECTION,0,,late,-3.6858595812273345
33,1,P4,NONTARGET_CORRECT_REJECTION,0,,early,8.578780458167527
33,1,P4,NONTARGET_CORRECT_REJECTION,0,,late,-1.5581778653279472
33,1,P1,NONTARGET_CORRECT_REJECTION,0,,early,-0.01713850756773885
33,1,P1,NONTARGET_CORRECT_REJECTION,0,,late,-1.4224055048865873
33,1,C10,NONTARGET_CORRECT_REJECTION,0,,early,3.776056592111039
33,1,C10,NONTARGET_CORRECT_REJECTION,0,,late,-3.932035460184347
33,1,C3,NONTARGET_CORRECT_REJECTION,0,,early,2.3468226892293154
33,1,C3,NONTARGET_CORRECT_REJECTION,0,,late,-0.06216541310449232
33,1,C6,NONTARGET_CORRECT_REJECTION,0,,early,5.905152570059311
33,1,C6,NONTARGET_CORRECT_REJECTION,0,,late,-1.6528349100578021
33,1,C5,NONTARGET_CORRECT_REJECTION,0,,early,2.1649249736369884
33,1,C5,NONTARGET_CORRECT_REJECTION,0,,late,-1.382499434777864
33,1,C10,NONTARGET_CORRECT_REJECTION,0,,early,3.1638201466522866
33,1,C10,NONTARGET_CORRECT_REJECTION,0,,late,-0.07746442447992544
33,1,P4,NONTARGET_CORRECT_REJECTION,0,,early,12.528226436954414
33,1,P4,NONTARGET_CORRECT_REJECTION,0,,late,-3.3151492302111105
33,1,C5,NONTARGET_CORRECT_REJECTION,0,,early,-8.634308800627096
33,1,C5,NONTARGET_CORRECT_REJECTION,0,,late,-0.7811224202534283
33,1,C2,NONTARGET_CORRECT_REJECTION,0,,early,-5.804634975501822
33,1,C2,NONTARGET_CORRECT_REJECTION,0,,late,-2.0133752369444142
33,1,C8,NONTARGET_CORRECT_REJECTION,0,,early,-4.14746836331869
33,1,C8,NONTARGET_CORRECT_REJECTION,0,,late,-2.4473164866288344
33,1,P3,NONTARGET_CORRECT_REJECTION,0,,early,5.508474395588058
33,1,P3,NONTARGET_CORRECT_REJECTION,0,,late,-2.537803985967348
33,1,C9,NONTARGET_CORRECT_REJECTION,0,,early,-2.275861494564411
33,1,C9,NONTARGET_CORRECT_REJECTION,0,,late,-2.208797660157152
33,1,C7,NONTARGET_CORRECT_REJECTION,0,,early,9.22820213072167
33,1,C7,NONTARGET_CORRECT_REJECTION,0,,late,-2.092213082452189
33,1,C2,NONTARGET_CORRECT_REJECTION,0,,early,1.0571226973228707
33,1,C2,NONTARGET_CORRECT_REJECTION,0,,late,-3.3529131370474103
33,1,C10,NONTARGET_CORRECT_REJECTION,0,,early,5.603666916096903
33,1,C10,NONTARGET_CORRECT_REJECTION,0,,late,-2.4529174854534133
33,1,C1,NONTARGET_CORRECT_REJECTION,0,,early,9.819638711145853
33,1,C1,NONTARGET_CORRECT_REJECTION,0,,late,-1.350302058627561
33,1,C6,NONTARGET_CORRECT_REJECTION,0,,early,10.689547772935342
33,1,C6,NONTARGET_CORRECT_REJECTION,0,,late,-0.3182737892399154
33,1,P4,NONTARGET_CORRECT_REJECTION,0,,early,3.1596835918594
33,1,P4,NONTARGET_CORRECT_REJECTION,0,,late,-0.35552410406569357
33,1,C8,NONTARGET_CORRECT_REJECTION,0,,early,12.210555234039772
33,1,C8,NONTARGET_CORRECT_REJECTION,0,,late,-1.77561262215455
33,1,P2,NONTARGET_CORRECT_REJECTION,0,,early,10.19533863569764
33,1,P2,NONTARGET_CORRECT_REJECTION,0,,late,-1.7853743008101512
33,1,C4,NONTARGET_CORRECT_REJECTION,0,,early,4.524019101171232
33,1,C4,NONTARGET_CORRECT_REJECTION,0,,late,-2.0791191688892
33,1,C1,NONTARGET_CORRECT_REJECTION,0,,early,4.862625089156422
33,1,C1,NONTARGET_CORRECT_REJECTION,0,,late,-0.3420906862231827
33,1,C2,NONTARGET_CORRECT_REJECTION,0,,early,-0.5852844863151888
33,1,C2,NONTARGET_CORRECT_REJECTION,0,,late,-1.965440318661467
33,1,C6,NONTARGET_CORRECT_REJECTION,0,,early,3.2025508856764904
33,1,C6,NONTARGET_CORRECT_REJECTION,0,,late,-3.7897998521427385
33,1,P4,NONTARGET_CORRECT_REJECTION,0,,early,6.046109874445164
33,1,P4,NONTARGET_CORRECT_REJECTION,0,,late,-3.0393186850015668
33,1,C3,NONTARGET_CORRECT_REJECTION,0,,early,-1.4904115351179605
33,1,C3,NONTARGET_CORRECT_REJECTION,0,,late,-3.6463117094511217
33,1,P1,NONTARGET_CORRECT_REJECTION,0,,early,10.09306792998583
33,1,P1,NONTARGET_CORRECT_REJECTION,0,,late,-2.3076607467278167
33,1,C10,NONTARGET_CORRECT_REJECTION,0,,early,5.8441144241063325
33,1,C10,NONTARGET_CORRECT_REJECTION,0,,late,-1.4110823021273295
33,1,C5,NONTARGET_CORRECT_REJECTION,0,,early,6.950086552186743
33,1,C5,NONTARGET_CORRECT_REJECTION,0,,late,-1.9541383083366377
33,1,C9,NONTARGET_CORRECT_REJECTION,0,,early,4.048754271444553
33,1,C9,NONTARGET_CORRECT_REJECTION,0,,late,-2.048548796752071
33,1,C7,NONTARGET_CORRECT_REJECTION,0,,early,1.7913211267670404
33,1,C7,NONTARGET_CORRECT_REJECTION,0,,late,-0.7417187175944866
33,1,C4,NONTARGET_CORRECT_REJECTION,0,,early,4.2720742881946565
33,1,C4,NONTARGET_CORRECT_REJECTION,0,,late,-1.3927925096978484
33,1,P1,NONTARGET_CORRECT_REJECTION,0,,early,11.143221307971515
33,1,P1,NONTARGET_CORRECT_REJECTION,0,,late,-0.7760555006971064
33,1,C6,NONTARGET_CORRECT_REJECTION,0,,early,12.833398923910506
33,1,C6,NONTARGET_CORRECT_REJECTION,0,,late,-1.6232612936818474
33,1,P4,NONTARGET_CORRECT_REJECTION,0,,early,9.661335071858138
33,1,P4,NONTARGET_CORRECT_REJECTION,0,,late,-0.3754560348267889
33,1,P2,NONTARGET_CORRECT_REJECTION,0,,early,6.525726548504584
33,1,P2,NONTARGET_CORRECT_REJECTION,0,,late,-0.4521255981603459
33,1,C1,NONTARGET_CORRECT_REJECTION,0,,early,9.688190013879282
33,1,C1,NONTARGET_CORRECT_REJECTION,0,,late,-1.3247109766466654
33,1,C8,NONTARGET_CORRECT_REJECTION,0,,early,12.43530257560412
33,1,C8,NONTARGET_CORRECT_REJECTION,0,,late,-1.4793148926587225
33,1,C3,NONTARGET_CORRECT_REJECTION,0,,early,6.826580345009632
33,1,C3,NONTARGET_CORRECT_REJECTION,0,,late,-4.097833089510564
33,1,C4,NONTARGET_CORRECT_REJECTION,0,,early,4.825037133923761
33,1,C4,NONTARGET_CORRECT_REJECTION,0,,late,-0.40249530479024326
33,1,C8,NONTARGET_CORRECT_REJECTION,0,,early,3.1572550674897357
33,1,C8,NONTARGET_CORRECT_REJECTION,0,,late,-2.8745275637651604
33,1,P2,NONTARGET_CORRECT_REJECTION,0,,early,-0.9362391648130992
33,1,P2,NONTARGET_CORRECT_REJECTION,0,,late,-0.9318121891846447
33,1,C5,NONTARGET_CORRECT_REJECTION,0,,early,6.488644322985099
33,1,C5,NONTARGET_CORRECT_REJECTION,0,,late,-2.747855475792451
33,1,P3,NONTARGET_CORRECT_REJECTION,0,,early,-2.9035503538102634
33,1,P3,NONTARGET_CORRECT_REJECTION,0,,late,-3.204485033147201
33,1,C9,NONTARGET_CORRECT_REJECTION,0,,early,6.799871353850066
33,1,C9,NONTARGET_CORRECT_REJECTION,0,,late,-3.773389650017879
33,1,C10,NONTARGET_CORRECT_REJECTION,0,,early,1.2508503416356325
33,1,C10,NONTARGET_CORRECT_REJECTION,0,,late,-1.6308675798805856
33,1,P4,NONTARGET_CORRECT_REJECTION,0,,early,12.193057208836429
33,1,P4,NONTARGET_CORRECT_REJECTION,0,,late,-1.018862757952993
33,1,C7,NONTARGET_CORRECT_REJECTION,0,,early,10.367402115917322
33,1,C7,NONTARGET_CORRECT_REJECTION,0,,late,-3.0586165709464908
33,1,C5,NONTARGET_CORRECT_REJECTION,0,,early,5.68013085482817
33,1,C5,NONTARGET_CORRECT_REJECTION,0,,late,-1.2913737565468628
33,1,C6,NONTARGET_CORRECT_REJECTION,0,,early,1.8298757084414337
33,1,C6,NONTARGET_CORRECT_REJECTION,0,,late,-2.5252455458405563
33,1,C4,NONTARGET_CORRECT_REJECTION,0,,early,-0.72963918195594
33,1,C4,NONTARGET_CORRECT_REJECTION,0,,late,0.8687206189312802
33,2,C7,NONTARGET_CORRECT_REJECTION,0,,early,11.669472715953878
33,2,C7,NONTARGET_CORRECT_REJECTION,0,,late,-2.1914203965052206
33,2,P2,NONTARGET_CORRECT_REJECTION,0,,early,14.232138358861176
33,2,P2,NONTARGET_CORRECT_REJECTION,0,,late,-1.7005197752613939
33,2,C3,NONTARGET_CORRECT_REJECTION,0,,early,3.199248674419079
33,2,C3,NONTARGET_CORRECT_REJECTION,0,,late,-2.9429002478772874
33,2,C8,NONTARGET_CORRECT_REJECTION,0,,early,6.348129791017971
33,2,C8,NONTARGET_CORRECT_REJECTION,0,,late,-2.2741918933683567
33,2,C9,NONTARGET_CORRECT_REJECTION,0,,early,2.00796668561615
33,2,C9,NONTARGET_CORRECT_REJECTION,0,,late,-0.9879865161944096
33,2,P1,NONTARGET_CORRECT_REJECTION,0,,early,16.695243361545753
33,2,P1,NONTARGET_CORRECT_REJECTION,0,,late,-1.0619354038181394
33,2,P3,NONTARGET_CORRECT_REJECTION,0,,early,-1.981893852069982
33,2,P3,NONTARGET_CORRECT_REJECTION,0,,late,-2.6520613716215724
33,2,P1,NONTARGET_CORRECT_REJECTION,0,,early,6.52993947087407
33,2,P1,NONTARGET_CORRECT_REJECTION,0,,late,-1.6976093461919435
33,2,C2,NONTARGET_CORRECT_REJECTION,0,,early,6.109397512692041
33,2,C2,NONTARGET_CORRECT_REJECTION,0,,late,-0.15482218899899594
33,2,C1,NONTARGET_CORRECT_REJECTION,0,,early,-1.0337577374213542
33,2,C1,NONTARGET_CORRECT_REJECTION,0,,late,-2.2140628928695674
33,2,C7,NONTARGET_CORRECT_REJECTION,0,,early,-1.9844261581621745
33,2,C7,NONTARGET_CORRECT_REJECTION,0,,late,-4.117076600744078
33,2,P1,NONTARGET_CORRECT_REJECTION,0,,early,-2.0153261928564206
33,2,P1,NONTARGET_CORRECT_REJECTION,0,,late,-3.2069535692046824
33,2,C9,NONTARGET_CORRECT_REJECTION,0,,early,4.424622339586684
33,2,C9,NONTARGET_CORRECT_REJECTION,0,,late,1.6134749184801007
33,2,P4,NONTARGET_CORRECT_REJECTION,0,,early,12.603820301809042
33,2,P4,NONTARGET_CORRECT_REJECTION,0,,late,-2.2186548835118174
33,2,C6,NONTARGET_CORRECT_REJECTION,0,,early,3.373485986914207
33,2,C6,NONTARGET_CORRECT_REJECTION,0,,late,-2.2614606678472287
33,2,C8,NONTARGET_CORRECT_REJECTION,0,,early,13.257824122759963
33,2,C8,NONTARGET_CORRECT_REJECTION,0,,late,-1.4811324965918822
33,2,C5,NONTARGET_CORRECT_REJECTION,0,,early,10.985669147271937
33,2,C5,NONTARGET_CORRECT_REJECTION,0,,late,1.4376739911077756
33,2,C3,NONTARGET_CORRECT_REJECTION,0,,early,6.987479440431404
33,2,C3,NONTARGET_CORRECT_REJECTION,0,,late,0.9020220269344078
33,2,C1,NONTARGET_CORRECT_REJECTION,0,,early,7.478213914782057
33,2,C1,NONTARGET_CORRECT_REJECTION,0,,late,-0.19638219776542673
33,2,P4,NONTARGET_CORRECT_REJECTION,0,,early,11.481583403423516
33,2,P4,NONTARGET_CORRECT_REJECTION,0,,late,-2.017297141682485
33,2,C10,NONTARGET_CORRECT_REJECTION,0,,early,5.439486706497263
33,2,C10,NONTARGET_CORRECT_REJECTION,0,,late,-2.798259242164496
33,2,C8,NONTARGET_CORRECT_REJECTION,0,,early,-5.955701646383271
33,2,C8,NONTARGET_CORRECT_REJECTION,0,,late,-2.9343830523991463
33,2,C6,NONTARGET_CORRECT_REJECTION,0,,early,-2.0694701067566763
33,2,C6,NONTARGET_CORRECT_REJECTION,0,,late,-1.2915984180209101
33,2,C7,NONTARGET_CORRECT_REJECTION,0,,early,1.8277263244696573
33,2,C7,NONTARGET_CORRECT_REJECTION,0,,late,-0.7719674687032682
33,2,C6,NONTARGET_FALSE_ALARM,1,721.2999999999302,early,-6.432729485658254
33,2,C6,NONTARGET_FALSE_ALARM,1,721.2999999999302,late,-2.2304219393066336
33,2,C5,NONTARGET_CORRECT_REJECTION,0,,early,4.4690808976162
33,2,C5,NONTARGET_CORRECT_REJECTION,0,,late,1.2570150120713417
33,2,C4,NONTARGET_CORRECT_REJECTION,0,,early,1.5911992010044993
33,2,C4,NONTARGET_CORRECT_REJECTION,0,,late,-0.8343166978312985
33,2,C2,NONTARGET_CORRECT_REJECTION,0,,early,8.12347396036673
33,2,C2,NONTARGET_CORRECT_REJECTION,0,,late,0.5790642650140063
33,2,C1,NONTARGET_CORRECT_REJECTION,0,,early,10.718670025257422
33,2,C1,NONTARGET_CORRECT_REJECTION,0,,late,-3.6186082344539736
33,2,C9,NONTARGET_CORRECT_REJECTION,0,,early,2.6397371856677703
33,2,C9,NONTARGET_CORRECT_REJECTION,0,,late,-1.1908620465360482
33,2,C5,NONTARGET_CORRECT_REJECTION,0,,early,12.046803023858724
33,2,C5,NONTARGET_CORRECT_REJECTION,0,,late,-0.6766258901001942
33,2,C4,NONTARGET_CORRECT_REJECTION,0,,early,-2.102060335475484
33,2,C4,NONTARGET_CORRECT_REJECTION,0,,late,-0.5971340967573595
33,2,C1,NONTARGET_CORRECT_REJECTION,0,,early,3.8202527173122114
33,2,C1,NONTARGET_CORRECT_REJECTION,0,,late,-0.8106447529568033
33,2,P4,NONTARGET_CORRECT_REJECTION,0,,early,10.267655346881579
33,2,P4,NONTARGET_CORRECT_REJECTION,0,,late,-3.0361269665463353
33,2,P3,NONTARGET_CORRECT_REJECTION,0,,early,2.5612020720269126
33,2,P3,NONTARGET_CORRECT_REJECTION,0,,late,-0.6547841710684026
33,2,C3,NONTARGET_CORRECT_REJECTION,0,,early,-3.665368198280618
33,2,C3,NONTARGET_CORRECT_REJECTION,0,,late,-6.673134006706718
33,2,C7,NONTARGET_CORRECT_REJECTION,0,,early,8.326344739375841
33,2,C7,NONTARGET_CORRECT_REJECTION,0,,late,-3.1679920587967896
33,2,C4,NONTARGET_CORRECT_REJECTION,0,,early,14.167331014197627
33,2,C4,NONTARGET_CORRECT_REJECTION,0,,late,-0.2803211582596127
33,2,C10,NONTARGET_CORRECT_REJECTION,0,,early,10.161370470507926
33,2,C10,NONTARGET_CORRECT_REJECTION,0,,late,1.0396152747395737
33,2,P4,NONTARGET_CORRECT_REJECTION,0,,early,11.667077265427388
33,2,P4,NONTARGET_CORRECT_REJECTION,0,,late,1.4993581147143815
33,2,C6,NONTARGET_CORRECT_REJECTION,0,,early,3.118118267900746
33,2,C6,NONTARGET_CORRECT_REJECTION,0,,late,-2.103273828698789
33,2,C8,NONTARGET_CORRECT_REJECTION,0,,early,-1.875711142075485
33,2,C8,NONTARGET_CORRECT_REJECTION,0,,late,-1.8603342191717842
33,2,P1,NONTARGET_CORRECT_REJECTION,0,,early,14.967920999253849
33,2,P1,NONTARGET_CORRECT_REJECTION,0,,late,1.036210925372406
33,2,P3,NONTARGET_CORRECT_REJECTION,0,,early,6.895480411587272
33,2,P3,NONTARGET_CORRECT_REJECTION,0,,late,-0.6023858135449636
33,2,C9,NONTARGET_CORRECT_REJECTION,0,,early,2.5282121656386196
33,2,C9,NONTARGET_CORRECT_REJECTION,0,,late,-2.8962990829341266
33,2,C5,NONTARGET_CORRECT_REJECTION,0,,early,3.918667883763969
33,2,C5,NONTARGET_CORRECT_REJECTION,0,,late,-0.38440535379089524
33,2,C3,NONTARGET_CORRECT_REJECTION,0,,early,13.751358221818869
33,2,C3,NONTARGET_CORRECT_REJECTION,0,,late,-0.36878211283423035
33,2,C4,NONTARGET_CORRECT_REJECTION,0,,early,6.972617786101178
33,2,C4,NONTARGET_CORRECT_REJECTION,0,,late,0.5474196316510568
33,2,C7,NONTARGET_CORRECT_REJECTION,0,,early,9.32669635099457
33,2,C7,NONTARGET_CORRECT_REJECTION,0,,late,-1.791185258751516
33,2,C6,NONTARGET_CORRECT_REJECTION,0,,early,5.718589824390814
33,2,C6,NONTARGET_CORRECT_REJECTION,0,,late,-1.2094718996990033
33,2,C5,NONTARGET_FALSE_ALARM,1,1148.3000000000466,early,2.77917990557642
33,2,C5,NONTARGET_FALSE_ALARM,1,1148.3000000000466,late,-1.5104600431663386
33,2,C3,NONTARGET_CORRECT_REJECTION,0,,early,-0.7879500603149526
33,2,C3,NONTARGET_CORRECT_REJECTION,0,,late,-2.129903837360546
33,2,P1,NONTARGET_CORRECT_REJECTION,0,,early,15.149756829695761
33,2,P1,NONTARGET_CORRECT_REJECTION,0,,late,0.17343508090966098
33,2,P4,NONTARGET_CORRECT_REJECTION,0,,early,3.7067611740481152
33,2,P4,NONTARGET_CORRECT_REJECTION,0,,late,0.9802711724817474
33,2,C10,NONTARGET_CORRECT_REJECTION,0,,early,1.5837673596061428
33,2,C10,NONTARGET_CORRECT_REJECTION,0,,late,0.7091665382651262
33,2,C1,NONTARGET_CORRECT_REJECTION,0,,early,7.49436240798797
33,2,C1,NONTARGET_CORRECT_REJECTION,0,,late,-1.1441977322200332
33,2,P2,NONTARGET_CORRECT_REJECTION,0,,early,12.794184901940852
33,2,P2,NONTARGET_CORRECT_REJECTION,0,,late,-1.4870892422286974
33,2,C9,NONTARGET_CORRECT_REJECTION,0,,early,-0.3457095565467232
33,2,C9,NONTARGET_CORRECT_REJECTION,0,,late,-0.5550859758063509
33,2,C8,NONTARGET_CORRECT_REJECTION,0,,early,10.64360458078542
33,2,C8,NONTARGET_CORRECT_REJECTION,0,,late,0.20048731806681064
33,2,C7,NONTARGET_CORRECT_REJECTION,0,,early,-6.510418419604986
33,2,C7,NONTARGET_CORRECT_REJECTION,0,,late,-1.9356503194847232
33,2,C10,NONTARGET_CORRECT_REJECTION,0,,early,6.455692743591382
33,2,C10,NONTARGET_CORRECT_REJECTION,0,,late,1.2644453260909505
33,2,C4,NONTARGET_CORRECT_REJECTION,0,,early,-1.5431253679076262
33,2,C4,NONTARGET_CORRECT_REJECTION,0,,late,-0.71645802601238
33,2,C3,NONTARGET_CORRECT_REJECTION,0,,early,9.971904003306008
33,2,C3,NONTARGET_CORRECT_REJECTION,0,,late,-0.32777051593272366
33,2,C9,NONTARGET_CORRECT_REJECTION,0,,early,3.7549305172104845
33,2,C9,NONTARGET_CORRECT_REJECTION,0,,late,-1.57954923214129
34,0,C8,NONTARGET_CORRECT_REJECTION,0,,early,-2.708467194057405
34,0,C8,NONTARGET_CORRECT_REJECTION,0,,late,0.5674817113806808
34,0,C9,NONTARGET_CORRECT_REJECTION,0,,early,0.773895707760321
34,0,C9,NONTARGET_CORRECT_REJECTION,0,,late,-1.4661497098422598
34,0,C5,NONTARGET_CORRECT_REJECTION,0,,early,5.300864829581449
34,0,C5,NONTARGET_CORRECT_REJECTION,0,,late,-2.258074234107252
34,0,C10,NONTARGET_CORRECT_REJECTION,0,,early,2.303039059450702
34,0,C10,NONTARGET_CORRECT_REJECTION,0,,late,-1.3116417537238751
34,0,C7,NONTARGET_CORRECT_REJECTION,0,,early,-0.7888563250249396
34,0,C7,NONTARGET_CORRECT_REJECTION,0,,late,0.3857403068794192
34,0,C1,NONTARGET_CORRECT_REJECTION,0,,early,-1.0922865529312762
34,0,C1,NONTARGET_CORRECT_REJECTION,0,,late,-0.13081127608894627
34,0,C4,NONTARGET_CORRECT_REJECTION,0,,early,4.149143339293359
34,0,C4,NONTARGET_CORRECT_REJECTION,0,,late,0.34698144477611575
34,0,C6,NONTARGET_CORRECT_REJECTION,0,,early,-3.1241010179016193
34,0,C6,NONTARGET_CORRECT_REJECTION,0,,late,1.0231214242117797
34,0,C2,NONTARGET_CORRECT_REJECTION,0,,early,3.4570289309507474
34,0,C2,NONTARGET_CORRECT_REJECTION,0,,late,0.23044442564538298
34,0,C3,NONTARGET_CORRECT_REJECTION,0,,early,2.918881660331868
34,0,C3,NONTARGET_CORRECT_REJECTION,0,,late,0.6606814761248201
34,0,C8,NONTARGET_CORRECT_REJECTION,0,,early,6.0547849081232865
34,0,C8,NONTARGET_CORRECT_REJECTION,0,,late,1.1684116418196815
34,0,C6,NONTARGET_CORRECT_REJECTION,0,,early,1.0223971272818517
34,0,C6,NONTARGET_CORRECT_REJECTION,0,,late,-0.5926058708119704
34,0,C3,NONTARGET_CORRECT_REJECTION,0,,early,2.726859302247222
34,0,C3,NONTARGET_CORRECT_REJECTION,0,,late,0.6334646380196756
34,0,C7,NONTARGET_CORRECT_REJECTION,0,,early,-2.5620929524392673
34,0,C7,NONTARGET_CORRECT_REJECTION,0,,late,-0.9624617531298792
34,0,C9,NONTARGET_CORRECT_REJECTION,0,,early,-4.153563760593901
34,0,C9,NONTARGET_CORRECT_REJECTION,0,,late,-2.210941435761039
34,0,C4,NONTARGET_CORRECT_REJECTION,0,,early,2.64799992624167
34,0,C4,NONTARGET_CORRECT_REJECTION,0,,late,1.2647019873544558
34,0,C5,NONTARGET_CORRECT_REJECTION,0,,early,0.7657513168013789
34,0,C5,NONTARGET_CORRECT_REJECTION,0,,late,-4.229716379299491
34,0,C1,NONTARGET_CORRECT_REJECTION,0,,early,9.545056004668002
34,0,C1,NONTARGET_CORRECT_REJECTION,0,,late,1.132086658324336
34,0,C10,NONTARGET_CORRECT_REJECTION,0,,early,3.0626347135071494
34,0,C10,NONTARGET_CORRECT_REJECTION,0,,late,-2.814422280738462
34,0,C2,NONTARGET_CORRECT_REJECTION,0,,early,4.707125079229163
34,0,C2,NONTARGET_CORRECT_REJECTION,0,,late,0.39252716816661715
34,0,C1,NONTARGET_CORRECT_REJECTION,0,,early,5.017808536844847
34,0,C1,NONTARGET_CORRECT_REJECTION,0,,late,-0.914651437103762
34,0,C2,NONTARGET_CORRECT_REJECTION,0,,early,1.1880197457465007
34,0,C2,NONTARGET_CORRECT_REJECTION,0,,late,0.4586328965035916
34,0,C7,NONTARGET_CORRECT_REJECTION,0,,early,3.3852247271965354
34,0,C7,NONTARGET_CORRECT_REJECTION,0,,late,-1.3290145117033214
34,0,C3,NONTARGET_CORRECT_REJECTION,0,,early,4.8928932518394666
34,0,C3,NONTARGET_CORRECT_REJECTION,0,,late,-0.4937673092688399
34,0,C9,NONTARGET_CORRECT_REJECTION,0,,early,-1.2976402733320134
34,0,C9,NONTARGET_CORRECT_REJECTION,0,,late,-2.0577934468816403
34,0,C8,NONTARGET_CORRECT_REJECTION,0,,early,0.5707707320802552
34,0,C8,NONTARGET_CORRECT_REJECTION,0,,late,-1.1950235909433666
34,0,C6,NONTARGET_CORRECT_REJECTION,0,,early,1.5707894241261013
34,0,C6,NONTARGET_CORRECT_REJECTION,0,,late,-0.4291173078828938
34,0,C10,NONTARGET_CORRECT_REJECTION,0,,early,1.3453189732377218
34,0,C10,NONTARGET_CORRECT_REJECTION,0,,late,-1.3939057390351024
34,0,C5,NONTARGET_CORRECT_REJECTION,0,,early,-4.634947162989588
34,0,C5,NONTARGET_CORRECT_REJECTION,0,,late,0.28127168127647595
34,0,C4,NONTARGET_CORRECT_REJECTION,0,,early,3.5816220509117445
34,0,C4,NONTARGET_CORRECT_REJECTION,0,,late,0.2115693942046337
34,0,C10,NONTARGET_CORRECT_REJECTION,0,,early,4.615663883290021
34,0,C10,NONTARGET_CORRECT_REJECTION,0,,late,3.5137134805974477
34,0,C2,NONTARGET_CORRECT_REJECTION,0,,early,0.48481122121545056
34,0,C2,NONTARGET_CORRECT_REJECTION,0,,late,-1.168908281885177
34,0,C6,NONTARGET_CORRECT_REJECTION,0,,early,-3.3539998422835193
34,0,C6,NONTARGET_CORRECT_REJECTION,0,,late,-2.5035366083793242
34,0,C5,NONTARGET_CORRECT_REJECTION,0,,early,9.009502714297504
34,0,C5,NONTARGET_CORRECT_REJECTION,0,,late,-1.361968088830353
34,0,C9,NONTARGET_CORRECT_REJECTION,0,,early,-1.9878816284636818
34,0,C9,NONTARGET_CORRECT_REJECTION,0,,late,-2.4012513854321953
34,0,C3,NONTARGET_CORRECT_REJECTION,0,,early,1.7707082728925372
34,0,C3,NONTARGET_CORRECT_REJECTION,0,,late,-0.3168608537258491
34,0,C1,NONTARGET_CORRECT_REJECTION,0,,early,0.9208819868159037
34,0,C1,NONTARGET_CORRECT_REJECTION,0,,late,-1.2162875323771554
34,0,C7,NONTARGET_CORRECT_REJECTION,0,,early,1.1003822326257322
34,0,C7,NONTARGET_CORRECT_REJECTION,0,,late,0.4649027754342748
34,0,C8,NONTARGET_CORRECT_REJECTION,0,,early,3.473959668266433
34,0,C8,NONTARGET_CORRECT_REJECTION,0,,late,-3.1165817550761954
34,0,C8,NONTARGET_CORRECT_REJECTION,0,,early,5.168332541305432
34,0,C8,NONTARGET_CORRECT_REJECTION,0,,late,-2.129884378360199
34,0,C5,NONTARGET_CORRECT_REJECTION,0,,early,-0.6274560725903117
34,0,C5,NONTARGET_CORRECT_REJECTION,0,,late,-3.032815993546732
34,0,C6,NONTARGET_CORRECT_REJECTION,0,,early,8.979043955617193
34,0,C6,NONTARGET_CORRECT_REJECTION,0,,late,-2.1099251061783195
34,0,C1,NONTARGET_CORRECT_REJECTION,0,,early,4.079493580150475
34,0,C1,NONTARGET_CORRECT_REJECTION,0,,late,-1.3183284138231315
34,0,C2,NONTARGET_CORRECT_REJECTION,0,,early,2.9171263240307996
34,0,C2,NONTARGET_CORRECT_REJECTION,0,,late,-0.43406806285085414
34,0,C4,NONTARGET_CORRECT_REJECTION,0,,early,-4.680068011260483
34,0,C4,NONTARGET_CORRECT_REJECTION,0,,late,-3.392375190618372
34,0,C9,NONTARGET_CORRECT_REJECTION,0,,early,3.6574163355472336
34,0,C9,NONTARGET_CORRECT_REJECTION,0,,late,-1.6921038798613999
34,0,C3,NONTARGET_CORRECT_REJECTION,0,,early,5.084728142712586
34,0,C3,NONTARGET_CORRECT_REJECTION,0,,late,-1.7323668912126409
34,0,C10,NONTARGET_CORRECT_REJECTION,0,,early,2.1771118784903383
34,0,C10,NONTARGET_CORRECT_REJECTION,0,,late,-1.8476136107988075
34,0,C9,NONTARGET_CORRECT_REJECTION,0,,early,4.586772384661861
34,0,C9,NONTARGET_CORRECT_REJECTION,0,,late,-1.8949926506050334
34,0,C6,NONTARGET_CORRECT_REJECTION,0,,early,-0.9691435531166024
34,0,C6,NONTARGET_CORRECT_REJECTION,0,,late,-1.3158079919148664
34,0,C2,NONTARGET_CORRECT_REJECTION,0,,early,0.7842326174621741
34,0,C2,NONTARGET_CORRECT_REJECTION,0,,late,-4.715560111740257
34,0,C3,NONTARGET_CORRECT_REJECTION,0,,early,1.2304084979402112
34,0,C3,NONTARGET_CORRECT_REJECTION,0,,late,2.4047414625158137
34,0,C8,NONTARGET_CORRECT_REJECTION,0,,early,0.0682666625518691
34,0,C8,NONTARGET_CORRECT_REJECTION,0,,late,-1.2542580738175721
34,0,C4,NONTARGET_CORRECT_REJECTION,0,,early,2.5996440007292096
34,0,C4,NONTARGET_CORRECT_REJECTION,0,,late,0.2476663579073638
34,0,C1,NONTARGET_CORRECT_REJECTION,0,,early,9.787382552060855
34,0,C1,NONTARGET_CORRECT_REJECTION,0,,late,0.9412549150788971
34,0,C7,NONTARGET_CORRECT_REJECTION,0,,early,2.341454491481721
34,0,C7,NONTARGET_CORRECT_REJECTION,0,,late,-1.8243462182569015
34,0,C10,NONTARGET_CORRECT_REJECTION,0,,early,3.9237727924567127
34,0,C10,NONTARGET_CORRECT_REJECTION,0,,late,-1.45767045125619
34,0,C5,NONTARGET_CORRECT_REJECTION,0,,early,2.3677964887388128
34,0,C5,NONTARGET_CORRECT_REJECTION,0,,late,-1.5411156073630807
34,0,C10,NONTARGET_CORRECT_REJECTION,0,,early,3.4298249024985594
34,0,C10,NONTARGET_CORRECT_REJECTION,0,,late,-0.7565838371302241
34,0,C9,NONTARGET_CORRECT_REJECTION,0,,early,-1.6338559055764554
34,0,C9,NONTARGET_CORRECT_REJECTION,0,,late,-0.35241357964289377
34,0,C2,NONTARGET_CORRECT_REJECTION,0,,early,1.4424407274659117
34,0,C2,NONTARGET_CORRECT_REJECTION,0,,late,0.957917976000151
34,0,C8,NONTARGET_CORRECT_REJECTION,0,,early,1.8075164311759837
34,0,C8,NONTARGET_CORRECT_REJECTION,0,,late,-1.5781476540953534
34,0,C7,NONTARGET_CORRECT_REJECTION,0,,early,-0.7525749951572375
34,0,C7,NONTARGET_CORRECT_REJECTION,0,,late,-0.35999432445485086
34,0,C6,NONTARGET_CORRECT_REJECTION,0,,early,2.6756427528121907
34,0,C6,NONTARGET_CORRECT_REJECTION,0,,late,-2.284410217440768
34,0,C5,NONTARGET_CORRECT_REJECTION,0,,early,-3.034062177001434
34,0,C5,NONTARGET_CORRECT_REJECTION,0,,late,-2.435239540458671
34,0,C4,NONTARGET_CORRECT_REJECTION,0,,early,-2.414138788270302
34,0,C4,NONTARGET_CORRECT_REJECTION,0,,late,-1.9119095810666895
34,0,C3,NONTARGET_CORRECT_REJECTION,0,,early,2.1538832593064132
34,0,C3,NONTARGET_CORRECT_REJECTION,0,,late,1.3945935817956967
34,0,C1,NONTARGET_CORRECT_REJECTION,0,,early,2.445125912280395
34,0,C1,NONTARGET_CORRECT_REJECTION,0,,late,-0.5493415659334154
34,0,C2,NONTARGET_CORRECT_REJECTION,0,,early,1.3474824777682526
34,0,C2,NONTARGET_CORRECT_REJECTION,0,,late,-1.1812126642813203
34,0,C9,NONTARGET_CORRECT_REJECTION,0,,early,4.379936706705007
34,0,C9,NONTARGET_CORRECT_REJECTION,0,,late,-1.0940343676267006
34,1,C6,NONTARGET_CORRECT_REJECTION,0,,early,-0.785321526772248
34,1,C6,NONTARGET_CORRECT_REJECTION,0,,late,-2.1345261947845366
34,1,C1,NONTARGET_CORRECT_REJECTION,0,,early,2.8786116716977213
34,1,C1,NONTARGET_CORRECT_REJECTION,0,,late,-0.5247009390624799
34,1,C4,NONTARGET_CORRECT_REJECTION,0,,early,-2.7873517012390416
34,1,C4,NONTARGET_CORRECT_REJECTION,0,,late,-1.062239088180794
34,1,C3,NONTARGET_CORRECT_REJECTION,0,,early,1.5202357070825665
34,1,C3,NONTARGET_CORRECT_REJECTION,0,,late,-3.636655307261867
34,1,C5,NONTARGET_CORRECT_REJECTION,0,,early,6.0662809905112125
34,1,C5,NONTARGET_CORRECT_REJECTION,0,,late,-3.1695277195955183
34,1,P1,NONTARGET_CORRECT_REJECTION,0,,early,0.511238687222905
34,1,P1,NONTARGET_CORRECT_REJECTION,0,,late,-4.344122295275087
34,1,C8,NONTARGET_CORRECT_REJECTION,0,,early,0.1085069997548065
34,1,C8,NONTARGET_CORRECT_REJECTION,0,,late,-1.483633358595962
34,1,P2,NONTARGET_CORRECT_REJECTION,0,,early,2.3482591498680496
34,1,P2,NONTARGET_CORRECT_REJECTION,0,,late,-2.9527439225334335
34,1,C7,NONTARGET_CORRECT_REJECTION,0,,early,4.206026642830978
34,1,C7,NONTARGET_CORRECT_REJECTION,0,,late,-1.830232950127984
34,1,C4,NONTARGET_CORRECT_REJECTION,0,,early,4.2093798088896675
34,1,C4,NONTARGET_CORRECT_REJECTION,0,,late,-0.1688033489942494
34,1,C3,NONTARGET_CORRECT_REJECTION,0,,early,1.5914500098996984
34,1,C3,NONTARGET_CORRECT_REJECTION,0,,late,-2.228278966451795
34,1,C1,NONTARGET_CORRECT_REJECTION,0,,early,4.303524962197723
34,1,C1,NONTARGET_CORRECT_REJECTION,0,,late,-0.6631208726227621
34,1,C7,NONTARGET_CORRECT_REJECTION,0,,early,2.849912825861803
34,1,C7,NONTARGET_CORRECT_REJECTION,0,,late,-2.098364593170331
34,1,C6,NONTARGET_CORRECT_REJECTION,0,,early,0.04693234271616906
34,1,C6,NONTARGET_CORRECT_REJECTION,0,,late,-2.292022129315804
34,1,C5,NONTARGET_CORRECT_REJECTION,0,,early,-1.6058860956644094
34,1,C5,NONTARGET_CORRECT_REJECTION,0,,late,-1.7155448361097527
34,1,P2,NONTARGET_CORRECT_REJECTION,0,,early,1.955878689289908
34,1,P2,NONTARGET_CORRECT_REJECTION,0,,late,-4.943523623388231
34,1,C1,NONTARGET_CORRECT_REJECTION,0,,early,1.2288721126582887
34,1,C1,NONTARGET_CORRECT_REJECTION,0,,late,-4.284303461292555
34,1,P4,NONTARGET_CORRECT_REJECTION,0,,early,4.033703894038779
34,1,P4,NONTARGET_CORRECT_REJECTION,0,,late,-2.382496726450051
34,1,C10,NONTARGET_CORRECT_REJECTION,0,,early,5.206905582876723
34,1,C10,NONTARGET_CORRECT_REJECTION,0,,late,-1.1867921996839692
34,1,C3,NONTARGET_CORRECT_REJECTION,0,,early,6.512227398159499
34,1,C3,NONTARGET_CORRECT_REJECTION,0,,late,-0.04052197448416618
34,1,C6,NONTARGET_CORRECT_REJECTION,0,,early,4.27508121797818
34,1,C6,NONTARGET_CORRECT_REJECTION,0,,late,-1.2144888443820212
34,1,C5,NONTARGET_CORRECT_REJECTION,0,,early,0.6737540745197647
34,1,C5,NONTARGET_CORRECT_REJECTION,0,,late,-1.7952476711606988
34,1,C10,NONTARGET_CORRECT_REJECTION,0,,early,-7.018232858852489
34,1,C10,NONTARGET_CORRECT_REJECTION,0,,late,-5.40467978502883
34,1,P3,NONTARGET_CORRECT_REJECTION,0,,early,-1.7568965071388716
34,1,P3,NONTARGET_CORRECT_REJECTION,0,,late,-6.038649315837317
34,1,C5,NONTARGET_CORRECT_REJECTION,0,,early,8.441697358858185
34,1,C5,NONTARGET_CORRECT_REJECTION,0,,late,-1.484068252069616
34,1,C2,NONTARGET_CORRECT_REJECTION,0,,early,7.340899773961321
34,1,C2,NONTARGET_CORRECT_REJECTION,0,,late,-0.29013913561832316
34,1,P4,NONTARGET_CORRECT_REJECTION,0,,early,-1.167795080996104
34,1,P4,NONTARGET_CORRECT_REJECTION,0,,late,-3.5769122873536046
34,1,C8,NONTARGET_CORRECT_REJECTION,0,,early,3.12081311325875
34,1,C8,NONTARGET_CORRECT_REJECTION,0,,late,-3.743379458860571
34,1,P3,NONTARGET_CORRECT_REJECTION,0,,early,2.4396372895062193
34,1,P3,NONTARGET_CORRECT_REJECTION,0,,late,-1.8439817037386408
34,1,C9,NONTARGET_CORRECT_REJECTION,0,,early,-1.7685430206996207
34,1,C9,NONTARGET_CORRECT_REJECTION,0,,late,-3.590412124726282
34,1,C7,NONTARGET_CORRECT_REJECTION,0,,early,0.283376424671929
34,1,C7,NONTARGET_CORRECT_REJECTION,0,,late,-3.089767523049178
34,1,C4,NONTARGET_CORRECT_REJECTION,0,,early,3.501771670217107
34,1,C4,NONTARGET_CORRECT_REJECTION,0,,late,-2.066855317785345
34,1,C2,NONTARGET_CORRECT_REJECTION,0,,early,6.869435283752468
34,1,C2,NONTARGET_CORRECT_REJECTION,0,,late,-2.180376184771769
34,1,C10,NONTARGET_CORRECT_REJECTION,0,,early,6.062578474772738
34,1,C10,NONTARGET_CORRECT_REJECTION,0,,late,0.006700731505929312
34,1,C1,NONTARGET_CORRECT_REJECTION,0,,early,6.985558627389528
34,1,C1,NONTARGET_CORRECT_REJECTION,0,,late,1.3058856726599115
34,1,C6,NONTARGET_CORRECT_REJECTION,0,,early,2.238126877142928
34,1,C6,NONTARGET_CORRECT_REJECTION,0,,late,-1.3967059449509773
34,1,P4,NONTARGET_CORRECT_REJECTION,0,,early,1.9595559485440206
34,1,P4,NONTARGET_CORRECT_REJECTION,0,,late,-1.3905608865124308
34,1,C8,NONTARGET_CORRECT_REJECTION,0,,early,-1.8614461377216185
34,1,C8,NONTARGET_CORRECT_REJECTION,0,,late,-2.7667998704354
34,1,P2,NONTARGET_CORRECT_REJECTION,0,,early,4.496264727355719
34,1,P2,NONTARGET_CORRECT_REJECTION,0,,late,-1.6820280511996688
34,1,C4,NONTARGET_CORRECT_REJECTION,0,,early,0.44513833616038123
34,1,C4,NONTARGET_CORRECT_REJECTION,0,,late,-0.7892502045500673
34,1,C1,NONTARGET_CORRECT_REJECTION,0,,early,5.6626904499828425
34,1,C1,NONTARGET_CORRECT_REJECTION,0,,late,-1.3461732345401052
34,1,C2,NONTARGET_CORRECT_REJECTION,0,,early,-3.241922678656834
34,1,C2,NONTARGET_CORRECT_REJECTION,0,,late,-3.6606052067402155
34,1,C6,NONTARGET_CORRECT_REJECTION,0,,early,-0.9258533010048269
34,1,C6,NONTARGET_CORRECT_REJECTION,0,,late,-2.621886284961355
34,1,P4,NONTARGET_CORRECT_REJECTION,0,,early,3.0656009385584944
34,1,P4,NONTARGET_CORRECT_REJECTION,0,,late,-1.573632985888399
34,1,C3,NONTARGET_CORRECT_REJECTION,0,,early,7.019458564988638
34,1,C3,NONTARGET_CORRECT_REJECTION,0,,late,-2.682721243491572
34,1,P1,NONTARGET_CORRECT_REJECTION,0,,early,-1.9003194095171407
34,1,P1,NONTARGET_CORRECT_REJECTION,0,,late,0.4288183019385277
34,1,C10,NONTARGET_CORRECT_REJECTION,0,,early,1.4831536193147772
34,1,C10,NONTARGET_CORRECT_REJECTION,0,,late,-2.033602087531025
34,1,C5,NONTARGET_CORRECT_REJECTION,0,,early,-0.7651715904700183
34,1,C5,NONTARGET_CORRECT_REJECTION,0,,late,-3.5822857326514748
34,1,C9,NONTARGET_CORRECT_REJECTION,0,,early,1.8099851438933527
34,1,C9,NONTARGET_CORRECT_REJECTION,0,,late,-0.925570842005847
34,1,C7,NONTARGET_CORRECT_REJECTION,0,,early,-0.5918405561951983
34,1,C7,NONTARGET_CORRECT_REJECTION,0,,late,-1.1371030816767806
34,1,C4,NONTARGET_CORRECT_REJECTION,0,,early,0.8843891334031236
34,1,C4,NONTARGET_CORRECT_REJECTION,0,,late,-4.438776729629885
34,1,P1,NONTARGET_CORRECT_REJECTION,0,,early,0.9699699526865788
34,1,P1,NONTARGET_CORRECT_REJECTION,0,,late,-0.7285487856415448
34,1,C6,NONTARGET_CORRECT_REJECTION,0,,early,3.3314838431604175
34,1,C6,NONTARGET_CORRECT_REJECTION,0,,late,-2.055764945550616
34,1,P4,NONTARGET_CORRECT_REJECTION,0,,early,3.0022168891622045
34,1,P4,NONTARGET_CORRECT_REJECTION,0,,late,-1.136361714204581
34,1,C1,NONTARGET_CORRECT_REJECTION,0,,early,0.37082507215627203
34,1,C1,NONTARGET_CORRECT_REJECTION,0,,late,-2.6547915351371443
34,1,C8,NONTARGET_CORRECT_REJECTION,0,,early,0.6271762615036024
34,1,C8,NONTARGET_CORRECT_REJECTION,0,,late,-1.505875028343342
34,1,C3,NONTARGET_CORRECT_REJECTION,0,,early,5.16519256785606
34,1,C3,NONTARGET_CORRECT_REJECTION,0,,late,-0.3413757980105141
34,1,C4,NONTARGET_CORRECT_REJECTION,0,,early,-2.3365822087987205
34,1,C4,NONTARGET_CORRECT_REJECTION,0,,late,-0.7188290561329692
34,1,C8,NONTARGET_CORRECT_REJECTION,0,,early,6.877251378026323
34,1,C8,NONTARGET_CORRECT_REJECTION,0,,late,-2.979511304484523
34,1,P2,NONTARGET_CORRECT_REJECTION,0,,early,4.461428789610141
34,1,P2,NONTARGET_CORRECT_REJECTION,0,,late,0.5811814359760394
34,1,C6,NONTARGET_CORRECT_REJECTION,0,,early,-0.7664290007970281
34,1,C6,NONTARGET_CORRECT_REJECTION,0,,late,-1.7201794099204624
34,1,C2,NONTARGET_CORRECT_REJECTION,0,,early,3.5267340644150433
34,1,C2,NONTARGET_CORRECT_REJECTION,0,,late,-2.2184601781909645
34,1,P3,NONTARGET_CORRECT_REJECTION,0,,early,2.2408830879796335
34,1,P3,NONTARGET_CORRECT_REJECTION,0,,late,-6.4611072715152025
34,1,C9,NONTARGET_CORRECT_REJECTION,0,,early,3.6787107835073245
34,1,C9,NONTARGET_CORRECT_REJECTION,0,,late,-1.3603170288926028
34,1,C10,NONTARGET_CORRECT_REJECTION,0,,early,0.039876777600198136
34,1,C10,NONTARGET_CORRECT_REJECTION,0,,late,-0.01690822012286744
34,1,C7,NONTARGET_CORRECT_REJECTION,0,,early,-1.62265581580529
34,1,C7,NONTARGET_CORRECT_REJECTION,0,,late,-4.255315720185188
34,1,C5,NONTARGET_CORRECT_REJECTION,0,,early,-3.169688524402561
34,1,C5,NONTARGET_CORRECT_REJECTION,0,,late,-2.6507767009028536
34,1,C6,NONTARGET_CORRECT_REJECTION,0,,early,1.640482434960767
34,1,C6,NONTARGET_CORRECT_REJECTION,0,,late,-2.25538231836157
34,1,C4,NONTARGET_CORRECT_REJECTION,0,,early,-5.233892369114882
34,1,C4,NONTARGET_CORRECT_REJECTION,0,,late,-3.4630622308353054
34,2,C7,NONTARGET_CORRECT_REJECTION,0,,early,1.076281735505115
34,2,C7,NONTARGET_CORRECT_REJECTION,0,,late,-0.31688814121091147
34,2,P2,NONTARGET_CORRECT_REJECTION,0,,early,-0.7969590211800668
34,2,P2,NONTARGET_CORRECT_REJECTION,0,,late,-1.2300326068199778
34,2,C3,NONTARGET_CORRECT_REJECTION,0,,early,1.1595500674067738
34,2,C3,NONTARGET_CORRECT_REJECTION,0,,late,0.7851963179816203
34,2,C5,NONTARGET_CORRECT_REJECTION,0,,early,9.093202784171826
34,2,C5,NONTARGET_CORRECT_REJECTION,0,,late,-1.3136750149915735
34,2,C8,NONTARGET_CORRECT_REJECTION,0,,early,3.1993996360214703
34,2,C8,NONTARGET_CORRECT_REJECTION,0,,late,-1.9728881526135706
34,2,C9,NONTARGET_CORRECT_REJECTION,0,,early,7.805057755539848
34,2,C9,NONTARGET_CORRECT_REJECTION,0,,late,-1.1443706959270774
34,2,P1,NONTARGET_CORRECT_REJECTION,0,,early,-1.4412621693097827
34,2,P1,NONTARGET_CORRECT_REJECTION,0,,late,2.322337747107978
34,2,P3,NONTARGET_CORRECT_REJECTION,0,,early,-2.2438024413056423
34,2,P3,NONTARGET_CORRECT_REJECTION,0,,late,-3.187372112274206
34,2,P1,NONTARGET_CORRECT_REJECTION,0,,early,-0.5931523089861681
34,2,P1,NONTARGET_CORRECT_REJECTION,0,,late,-3.7080317386018753
34,2,C2,NONTARGET_CORRECT_REJECTION,0,,early,7.737432770799972
34,2,C2,NONTARGET_CORRECT_REJECTION,0,,late,-2.7992933460209253
34,2,C1,NONTARGET_CORRECT_REJECTION,0,,early,-2.721875530382823
34,2,C1,NONTARGET_CORRECT_REJECTION,0,,late,-2.5352106304747157
34,2,P3,NONTARGET_CORRECT_REJECTION,0,,early,-0.07269408954843032
34,2,P3,NONTARGET_CORRECT_REJECTION,0,,late,0.8855278642681791
34,2,C7,NONTARGET_CORRECT_REJECTION,0,,early,-0.4396464992516393
34,2,C7,NONTARGET_CORRECT_REJECTION,0,,late,-3.617238083433667
34,2,P1,NONTARGET_CORRECT_REJECTION,0,,early,1.938097146404488
34,2,P1,NONTARGET_CORRECT_REJECTION,0,,late,-3.384447798146685
34,2,C9,NONTARGET_CORRECT_REJECTION,0,,early,-2.0976162836589207
34,2,C9,NONTARGET_CORRECT_REJECTION,0,,late,-1.7151384900821158
34,2,P4,NONTARGET_CORRECT_REJECTION,0,,early,-0.8664900401937147
34,2,P4,NONTARGET_CORRECT_REJECTION,0,,late,-1.0871746914908265
34,2,C6,NONTARGET_CORRECT_REJECTION,0,,early,3.642194584874984
34,2,C6,NONTARGET_CORRECT_REJECTION,0,,late,-1.4287779768859166
34,2,C8,NONTARGET_CORRECT_REJECTION,0,,early,-4.258540813977382
34,2,C8,NONTARGET_CORRECT_REJECTION,0,,late,-2.999078538904925
34,2,C5,NONTARGET_CORRECT_REJECTION,0,,early,2.938742874422098
34,2,C5,NONTARGET_CORRECT_REJECTION,0,,late,-3.5620982651073647
34,2,C3,NONTARGET_CORRECT_REJECTION,0,,early,5.332351520631141
34,2,C3,NONTARGET_CORRECT_REJECTION,0,,late,-2.121889042590886
34,2,C1,NONTARGET_CORRECT_REJECTION,0,,early,2.6248403101066082
34,2,C1,NONTARGET_CORRECT_REJECTION,0,,late,-3.118237050229522
34,2,P4,NONTARGET_CORRECT_REJECTION,0,,early,1.1830114602960515
34,2,P4,NONTARGET_CORRECT_REJECTION,0,,late,0.03375340378422695
34,2,C10,NONTARGET_CORRECT_REJECTION,0,,early,1.2436434265238716
34,2,C10,NONTARGET_CORRECT_REJECTION,0,,late,-1.5614750033444709
34,2,C8,NONTARGET_CORRECT_REJECTION,0,,early,1.4252840928999757
34,2,C8,NONTARGET_CORRECT_REJECTION,0,,late,-2.291698672123819
34,2,C6,NONTARGET_CORRECT_REJECTION,0,,early,-4.767430597593085
34,2,C6,NONTARGET_CORRECT_REJECTION,0,,late,-3.069958940066591
34,2,C7,NONTARGET_CORRECT_REJECTION,0,,early,-2.31398368871093
34,2,C7,NONTARGET_CORRECT_REJECTION,0,,late,1.3797070107919387
34,2,C6,NONTARGET_FALSE_ALARM,1,359.10000000009313,early,0.49632823119151753
34,2,C6,NONTARGET_FALSE_ALARM,1,359.10000000009313,late,-3.7350474971695746
34,2,C5,NONTARGET_CORRECT_REJECTION,0,,early,4.917884108708749
34,2,C5,NONTARGET_CORRECT_REJECTION,0,,late,-1.3237636701268607
34,2,C4,NONTARGET_CORRECT_REJECTION,0,,early,0.9469981976042052
34,2,C4,NONTARGET_CORRECT_REJECTION,0,,late,0.7257358495014037
34,2,C2,NONTARGET_CORRECT_REJECTION,0,,early,5.0977597034034705
34,2,C2,NONTARGET_CORRECT_REJECTION,0,,late,-2.234225603665279
34,2,C1,NONTARGET_CORRECT_REJECTION,0,,early,10.565257504192896
34,2,C1,NONTARGET_CORRECT_REJECTION,0,,late,-2.675163797250782
34,2,C10,NONTARGET_CORRECT_REJECTION,0,,early,1.470231389233155
34,2,C10,NONTARGET_CORRECT_REJECTION,0,,late,-0.4330714704749421
34,2,P1,NONTARGET_CORRECT_REJECTION,0,,early,0.6009551226974045
34,2,P1,NONTARGET_CORRECT_REJECTION,0,,late,-2.8072739308413426
34,2,C9,NONTARGET_CORRECT_REJECTION,0,,early,5.304066745466696
34,2,C9,NONTARGET_CORRECT_REJECTION,0,,late,-1.464394273870921
34,2,C5,NONTARGET_CORRECT_REJECTION,0,,early,1.844254543208346
34,2,C5,NONTARGET_CORRECT_REJECTION,0,,late,-1.5740757316433835
34,2,C4,NONTARGET_CORRECT_REJECTION,0,,early,4.32186452058828
34,2,C4,NONTARGET_CORRECT_REJECTION,0,,late,-0.601566961401593
34,2,C8,NONTARGET_CORRECT_REJECTION,0,,early,5.43009873739758
34,2,C8,NONTARGET_CORRECT_REJECTION,0,,late,-2.24703590744225
34,2,C10,NONTARGET_CORRECT_REJECTION,0,,early,3.941037953830563
34,2,C10,NONTARGET_CORRECT_REJECTION,0,,late,-1.3682570188747154
34,2,C1,NONTARGET_CORRECT_REJECTION,0,,early,6.784408764093474
34,2,C1,NONTARGET_CORRECT_REJECTION,0,,late,2.2915974241187707
34,2,P4,NONTARGET_CORRECT_REJECTION,0,,early,3.4390005926556517
34,2,P4,NONTARGET_CORRECT_REJECTION,0,,late,-1.4732725619714329
34,2,P3,NONTARGET_CORRECT_REJECTION,0,,early,0.836485119158646
34,2,P3,NONTARGET_CORRECT_REJECTION,0,,late,-0.03679553663470008
34,2,C3,NONTARGET_CORRECT_REJECTION,0,,early,0.03736862898432317
34,2,C3,NONTARGET_CORRECT_REJECTION,0,,late,-0.3666881916560218
34,2,C7,NONTARGET_CORRECT_REJECTION,0,,early,-0.5895885758580609
34,2,C7,NONTARGET_CORRECT_REJECTION,0,,late,-1.4441978804128415
34,2,C4,NONTARGET_CORRECT_REJECTION,0,,early,4.6194571414421475
34,2,C4,NONTARGET_CORRECT_REJECTION,0,,late,-2.9040473299591203
34,2,C10,NONTARGET_CORRECT_REJECTION,0,,early,4.75671637104677
34,2,C10,NONTARGET_CORRECT_REJECTION,0,,late,-1.5592497177496434
34,2,P4,NONTARGET_CORRECT_REJECTION,0,,early,-1.7068542776655224
34,2,P4,NONTARGET_CORRECT_REJECTION,0,,late,-3.0561622992615898
34,2,C6,NONTARGET_CORRECT_REJECTION,0,,early,7.0680929932800955
34,2,C6,NONTARGET_CORRECT_REJECTION,0,,late,-1.300989921616204
34,2,C8,NONTARGET_CORRECT_REJECTION,0,,early,2.6274311417898004
34,2,C8,NONTARGET_CORRECT_REJECTION,0,,late,-0.2115288895310415
34,2,P1,NONTARGET_CORRECT_REJECTION,0,,early,5.872582433475442
34,2,P1,NONTARGET_CORRECT_REJECTION,0,,late,-2.028535737118199
34,2,C7,NONTARGET_CORRECT_REJECTION,0,,early,0.7648573020856
34,2,C7,NONTARGET_CORRECT_REJECTION,0,,late,-1.6517535815679176
34,2,P3,NONTARGET_CORRECT_REJECTION,0,,early,2.5694065917424216
34,2,P3,NONTARGET_CORRECT_REJECTION,0,,late,-1.1901133130551624
34,2,C9,NONTARGET_CORRECT_REJECTION,0,,early,5.806285814526201
34,2,C9,NONTARGET_CORRECT_REJECTION,0,,late,-0.9792031085620971
34,2,C5,NONTARGET_CORRECT_REJECTION,0,,early,-3.8026348594437644
34,2,C5,NONTARGET_CORRECT_REJECTION,0,,late,-3.138113541828724
34,2,C3,NONTARGET_CORRECT_REJECTION,0,,early,2.6356281025517467
34,2,C3,NONTARGET_CORRECT_REJECTION,0,,late,-0.8020762147974401
34,2,C4,NONTARGET_CORRECT_REJECTION,0,,early,7.46358983904461
34,2,C4,NONTARGET_CORRECT_REJECTION,0,,late,0.28411153502211617
34,2,C2,NONTARGET_CORRECT_REJECTION,0,,early,4.795079281139575
34,2,C2,NONTARGET_CORRECT_REJECTION,0,,late,-2.191648730465518
34,2,C7,NONTARGET_CORRECT_REJECTION,0,,early,-1.552093420155418
34,2,C7,NONTARGET_CORRECT_REJECTION,0,,late,-0.3829343128344884
34,2,C6,NONTARGET_CORRECT_REJECTION,0,,early,0.019850356936989687
34,2,C6,NONTARGET_CORRECT_REJECTION,0,,late,-1.3126632124614195
34,2,C5,NONTARGET_CORRECT_REJECTION,0,,early,0.5530395074959465
34,2,C5,NONTARGET_CORRECT_REJECTION,0,,late,-2.7789647423678225
34,2,C3,NONTARGET_CORRECT_REJECTION,0,,early,-1.0374208027933205
34,2,C3,NONTARGET_CORRECT_REJECTION,0,,late,-3.6322270024713275
34,2,P1,NONTARGET_CORRECT_REJECTION,0,,early,3.081156826170483
34,2,P1,NONTARGET_CORRECT_REJECTION,0,,late,0.7249235692341666
34,2,P4,NONTARGET_CORRECT_REJECTION,0,,early,-3.9160674402447175
34,2,P4,NONTARGET_CORRECT_REJECTION,0,,late,-1.068868218191076
34,2,C10,NONTARGET_CORRECT_REJECTION,0,,early,1.8526423054959091
34,2,C10,NONTARGET_CORRECT_REJECTION,0,,late,-1.652318486174553
34,2,C1,NONTARGET_CORRECT_REJECTION,0,,early,3.1934103345840157
34,2,C1,NONTARGET_CORRECT_REJECTION,0,,late,-0.40628229027529034
34,2,P2,NONTARGET_CORRECT_REJECTION,0,,early,0.8337935070419066
34,2,P2,NONTARGET_CORRECT_REJECTION,0,,late,-4.3684651469066225
34,2,C1,NONTARGET_CORRECT_REJECTION,0,,early,6.803684022496174
34,2,C1,NONTARGET_CORRECT_REJECTION,0,,late,-1.1385363051497008
34,2,C9,NONTARGET_CORRECT_REJECTION,0,,early,3.2694982043667924
34,2,C9,NONTARGET_CORRECT_REJECTION,0,,late,-1.1220481596299465
34,2,C8,NONTARGET_CORRECT_REJECTION,0,,early,4.459018870657176
34,2,C8,NONTARGET_CORRECT_REJECTION,0,,late,-2.4376795794091284
34,2,P1,NONTARGET_CORRECT_REJECTION,0,,early,11.565790810482344
34,2,P1,NONTARGET_CORRECT_REJECTION,0,,late,-0.004050403203744753
34,2,C7,NONTARGET_CORRECT_REJECTION,0,,early,1.4196096021066043
34,2,C7,NONTARGET_CORRECT_REJECTION,0,,late,-1.3426639834141547
34,2,C10,NONTARGET_CORRECT_REJECTION,0,,early,-3.956897615222126
34,2,C10,NONTARGET_CORRECT_REJECTION,0,,late,-4.76862655298304
34,2,C4,NONTARGET_CORRECT_REJECTION,0,,early,7.730884058975339
34,2,C4,NONTARGET_CORRECT_REJECTION,0,,late,-1.721852196157845
34,2,C3,NONTARGET_CORRECT_REJECTION,0,,early,3.0518905877956226
34,2,C3,NONTARGET_CORRECT_REJECTION,0,,late,-0.2058263208181951
34,2,P2,NONTARGET_CORRECT_REJECTION,0,,early,6.183746940065657
34,2,P2,NONTARGET_CORRECT_REJECTION,0,,late,2.87007441485282
34,2,C5,NONTARGET_CORRECT_REJECTION,0,,early,-2.343868735731845
34,2,C5,NONTARGET_CORRECT_REJECTION,0,,late,-2.212900328446205
34,2,C2,NONTARGET_CORRECT_REJECTION,0,,early,2.519086940382676
34,2,C2,NONTARGET_CORRECT_REJECTION,0,,late,-1.9354453478337312
34,2,C9,NONTARGET_CORRECT_REJECTION,0,,early,-0.7723756560496663
34,2,C9,NONTARGET_CORRECT_REJECTION,0,,late,-1.0028725298128742
36,0,C10,NONTARGET_CORRECT_REJECTION,0,,early,3.3433666702053477
36,0,C10,NONTARGET_CORRECT_REJECTION,0,,late,-4.0167056923365125
36,0,C7,NONTARGET_CORRECT_REJECTION,0,,early,1.0518655267667174
36,0,C7,NONTARGET_CORRECT_REJECTION,0,,late,-0.5310363254842875
36,0,C1,NONTARGET_CORRECT_REJECTION,0,,early,-1.3089915504163137
36,0,C1,NONTARGET_CORRECT_REJECTION,0,,late,-3.1093592329704856
36,0,C4,NONTARGET_CORRECT_REJECTION,0,,early,-2.678375511155315
36,0,C4,NONTARGET_CORRECT_REJECTION,0,,late,-2.1583260279275143
36,0,C6,NONTARGET_CORRECT_REJECTION,0,,early,3.344924647296455
36,0,C6,NONTARGET_CORRECT_REJECTION,0,,late,-2.2040296666346393
36,0,C3,NONTARGET_CORRECT_REJECTION,0,,early,1.239624282738835
36,0,C3,NONTARGET_CORRECT_REJECTION,0,,late,-2.395650718794902
36,0,C6,NONTARGET_CORRECT_REJECTION,0,,early,-0.26250338891627406
36,0,C6,NONTARGET_CORRECT_REJECTION,0,,late,-2.1933399651940824
36,0,C3,NONTARGET_CORRECT_REJECTION,0,,early,-2.7356677513314223
36,0,C3,NONTARGET_CORRECT_REJECTION,0,,late,-3.8679157020241814
36,0,C4,NONTARGET_CORRECT_REJECTION,0,,early,1.697106677601607
36,0,C4,NONTARGET_CORRECT_REJECTION,0,,late,-1.2188020882085546
36,0,C5,NONTARGET_CORRECT_REJECTION,0,,early,0.8518476401265704
36,0,C5,NONTARGET_CORRECT_REJECTION,0,,late,-1.445997189009659
36,0,C1,NONTARGET_CORRECT_REJECTION,0,,early,2.2619852203205166
36,0,C1,NONTARGET_CORRECT_REJECTION,0,,late,-1.5115727963990913
36,0,C10,NONTARGET_CORRECT_REJECTION,0,,early,0.9640378686944514
36,0,C10,NONTARGET_CORRECT_REJECTION,0,,late,-4.578422843366966
36,0,C2,NONTARGET_CORRECT_REJECTION,0,,early,4.3160330894693635
36,0,C2,NONTARGET_CORRECT_REJECTION,0,,late,-2.879285224459103
36,0,C1,NONTARGET_CORRECT_REJECTION,0,,early,0.2733358565863957
36,0,C1,NONTARGET_CORRECT_REJECTION,0,,late,-3.1500126836063718
36,0,C2,NONTARGET_CORRECT_REJECTION,0,,early,1.3322308370664881
36,0,C2,NONTARGET_CORRECT_REJECTION,0,,late,-0.6461403882177137
36,0,C7,NONTARGET_CORRECT_REJECTION,0,,early,0.8790986726865547
36,0,C7,NONTARGET_CORRECT_REJECTION,0,,late,-3.152255963544774
36,0,C8,NONTARGET_CORRECT_REJECTION,0,,early,1.4086542032000686
36,0,C8,NONTARGET_CORRECT_REJECTION,0,,late,-2.7298988027664497
36,0,C10,NONTARGET_CORRECT_REJECTION,0,,early,-5.470462901499436
36,0,C10,NONTARGET_CORRECT_REJECTION,0,,late,-3.443165106808433
36,0,C5,NONTARGET_CORRECT_REJECTION,0,,early,0.6435151108751764
36,0,C5,NONTARGET_CORRECT_REJECTION,0,,late,-4.517059603968701
36,0,C4,NONTARGET_CORRECT_REJECTION,0,,early,5.580066453598096
36,0,C4,NONTARGET_CORRECT_REJECTION,0,,late,-2.3230710159659713
36,0,C2,NONTARGET_CORRECT_REJECTION,0,,early,2.68202658024849
36,0,C2,NONTARGET_CORRECT_REJECTION,0,,late,-3.671738276745894
36,0,C4,NONTARGET_CORRECT_REJECTION,0,,early,-1.3713111744422757
36,0,C4,NONTARGET_CORRECT_REJECTION,0,,late,-4.065394729948442
36,0,C6,NONTARGET_CORRECT_REJECTION,0,,early,3.194514899491206
36,0,C6,NONTARGET_CORRECT_REJECTION,0,,late,-1.4568699777698735
36,0,C9,NONTARGET_CORRECT_REJECTION,0,,early,-1.451200949778967
36,0,C9,NONTARGET_CORRECT_REJECTION,0,,late,-2.1536510827881474
36,0,C3,NONTARGET_CORRECT_REJECTION,0,,early,2.481526827366665
36,0,C3,NONTARGET_CORRECT_REJECTION,0,,late,-4.356724721700616
36,0,C1,NONTARGET_CORRECT_REJECTION,0,,early,0.21563457491670782
36,0,C1,NONTARGET_CORRECT_REJECTION,0,,late,-3.71831985093907
36,0,C7,NONTARGET_CORRECT_REJECTION,0,,early,0.48262443606553385
36,0,C7,NONTARGET_CORRECT_REJECTION,0,,late,-2.9518302548086224
36,0,C8,NONTARGET_CORRECT_REJECTION,0,,early,4.349346008289114
36,0,C8,NONTARGET_CORRECT_REJECTION,0,,late,0.599970899778543
36,0,C5,NONTARGET_CORRECT_REJECTION,0,,early,-0.46770793117772125
36,0,C5,NONTARGET_CORRECT_REJECTION,0,,late,0.413873132360153
36,0,C7,NONTARGET_CORRECT_REJECTION,0,,early,-0.12293155460492182
36,0,C7,NONTARGET_CORRECT_REJECTION,0,,late,-2.9322194253672875
36,0,C6,NONTARGET_CORRECT_REJECTION,0,,early,2.077055801545447
36,0,C6,NONTARGET_CORRECT_REJECTION,0,,late,0.5280480567726008
36,0,C2,NONTARGET_CORRECT_REJECTION,0,,early,2.6614670584588067
36,0,C2,NONTARGET_CORRECT_REJECTION,0,,late,-4.248946857706227
36,0,C4,NONTARGET_CORRECT_REJECTION,0,,early,4.317461081058735
36,0,C4,NONTARGET_CORRECT_REJECTION,0,,late,-3.025683269223793
36,0,C3,NONTARGET_CORRECT_REJECTION,0,,early,3.034042999840613
36,0,C3,NONTARGET_CORRECT_REJECTION,0,,late,-2.934178272746165
36,0,C10,NONTARGET_CORRECT_REJECTION,0,,early,1.8701591920916107
36,0,C10,NONTARGET_CORRECT_REJECTION,0,,late,-5.530728223332995
36,0,C6,NONTARGET_CORRECT_REJECTION,0,,early,1.1978782202732654
36,0,C6,NONTARGET_CORRECT_REJECTION,0,,late,-1.2941287967739443
36,0,C2,NONTARGET_CORRECT_REJECTION,0,,early,3.3303659863798676
36,0,C2,NONTARGET_CORRECT_REJECTION,0,,late,-1.1028094218712337
36,0,C3,NONTARGET_CORRECT_REJECTION,0,,early,2.9902610181527955
36,0,C3,NONTARGET_CORRECT_REJECTION,0,,late,-3.841074689830791
36,0,C8,NONTARGET_CORRECT_REJECTION,0,,early,0.9306603978406912
36,0,C8,NONTARGET_CORRECT_REJECTION,0,,late,-3.937700478422205
36,0,C4,NONTARGET_CORRECT_REJECTION,0,,early,-1.506054431838945
36,0,C4,NONTARGET_CORRECT_REJECTION,0,,late,-3.6389718243922493
36,0,C7,NONTARGET_CORRECT_REJECTION,0,,early,0.6212151709910976
36,0,C7,NONTARGET_CORRECT_REJECTION,0,,late,4.911827713631759
36,0,C10,NONTARGET_CORRECT_REJECTION,0,,early,1.2784478040432117
36,0,C10,NONTARGET_CORRECT_REJECTION,0,,late,-1.7553045682145583
36,0,C5,NONTARGET_CORRECT_REJECTION,0,,early,0.09407086585693107
36,0,C5,NONTARGET_CORRECT_REJECTION,0,,late,-1.9364211876528803
36,0,C9,NONTARGET_CORRECT_REJECTION,0,,early,-4.037223449979856
36,0,C9,NONTARGET_CORRECT_REJECTION,0,,late,-2.7262267856236786
36,0,C2,NONTARGET_CORRECT_REJECTION,0,,early,1.77118595963466
36,0,C2,NONTARGET_CORRECT_REJECTION,0,,late,0.2784486364768534
36,0,C8,NONTARGET_CORRECT_REJECTION,0,,early,-1.7066801298569259
36,0,C8,NONTARGET_CORRECT_REJECTION,0,,late,-1.8209017266543364
36,0,C6,NONTARGET_CORRECT_REJECTION,0,,early,4.185421423200602
36,0,C6,NONTARGET_CORRECT_REJECTION,0,,late,-0.7985327471453958
36,0,C5,NONTARGET_CORRECT_REJECTION,0,,early,-1.0990272550646165
36,0,C5,NONTARGET_CORRECT_REJECTION,0,,late,-0.7334653211050884
36,0,C4,NONTARGET_CORRECT_REJECTION,0,,early,2.6985157444337426
36,0,C4,NONTARGET_CORRECT_REJECTION,0,,late,-4.435328344191976
36,0,C3,NONTARGET_CORRECT_REJECTION,0,,early,-0.8084740848090528
36,0,C3,NONTARGET_CORRECT_REJECTION,0,,late,-1.1991462058610007
36,0,C1,NONTARGET_CORRECT_REJECTION,0,,early,0.07049932216343113
36,0,C1,NONTARGET_CORRECT_REJECTION,0,,late,-2.3797145212503317
36,0,C9,NONTARGET_CORRECT_REJECTION,0,,early,-1.2503102795804302
36,0,C9,NONTARGET_CORRECT_REJECTION,0,,late,-5.324709912288054
36,1,C1,NONTARGET_CORRECT_REJECTION,0,,early,5.5717785884544515
36,1,C1,NONTARGET_CORRECT_REJECTION,0,,late,-0.900981679217805
36,1,C4,NONTARGET_CORRECT_REJECTION,0,,early,2.891838903031225
36,1,C4,NONTARGET_CORRECT_REJECTION,0,,late,-2.4410047924847187
36,1,C3,NONTARGET_CORRECT_REJECTION,0,,early,2.3862340800713704
36,1,C3,NONTARGET_CORRECT_REJECTION,0,,late,-4.611611715411554
36,1,C5,NONTARGET_CORRECT_REJECTION,0,,early,1.2124598051157531
36,1,C5,NONTARGET_CORRECT_REJECTION,0,,late,-3.1806626026686025
36,1,C8,NONTARGET_CORRECT_REJECTION,0,,early,1.2591990326519098
36,1,C8,NONTARGET_CORRECT_REJECTION,0,,late,-2.711182560782771
36,1,C7,NONTARGET_CORRECT_REJECTION,0,,early,-0.40430736119160543
36,1,C7,NONTARGET_CORRECT_REJECTION,0,,late,0.3298748458892935
36,1,C4,NONTARGET_CORRECT_REJECTION,0,,early,6.497682065304145
36,1,C4,NONTARGET_CORRECT_REJECTION,0,,late,-0.36438663409636096
36,1,C3,NONTARGET_CORRECT_REJECTION,0,,early,3.782980591399351
36,1,C3,NONTARGET_CORRECT_REJECTION,0,,late,-2.944953094435174
36,1,C1,NONTARGET_CORRECT_REJECTION,0,,early,-2.355422219254955
36,1,C1,NONTARGET_CORRECT_REJECTION,0,,late,-4.313339262465352
36,1,C7,NONTARGET_CORRECT_REJECTION,0,,early,-0.461126273568753
36,1,C7,NONTARGET_CORRECT_REJECTION,0,,late,-3.060966008218504
36,1,C6,NONTARGET_CORRECT_REJECTION,0,,early,6.349644940525231
36,1,C6,NONTARGET_CORRECT_REJECTION,0,,late,-2.8510116776186423
36,1,C5,NONTARGET_CORRECT_REJECTION,0,,early,-0.03165113906209526
36,1,C5,NONTARGET_CORRECT_REJECTION,0,,late,-4.033712680012763
36,1,P1,NONTARGET_CORRECT_REJECTION,0,,early,1.6941944313040664
36,1,P1,NONTARGET_CORRECT_REJECTION,0,,late,-6.086267266152126
36,1,C10,NONTARGET_CORRECT_REJECTION,0,,early,0.14504191079808781
36,1,C10,NONTARGET_CORRECT_REJECTION,0,,late,-5.876888514488568
36,1,C3,NONTARGET_CORRECT_REJECTION,0,,early,-2.8024844102608366
36,1,C3,NONTARGET_CORRECT_REJECTION,0,,late,-3.788519833651933
36,1,C6,NONTARGET_CORRECT_REJECTION,0,,early,-3.284733379048087
36,1,C6,NONTARGET_CORRECT_REJECTION,0,,late,-5.800357880376131
36,1,C5,NONTARGET_CORRECT_REJECTION,0,,early,4.074805765543436
36,1,C5,NONTARGET_CORRECT_REJECTION,0,,late,-4.173052920570037
36,1,C10,NONTARGET_CORRECT_REJECTION,0,,early,1.9657320108975174
36,1,C10,NONTARGET_CORRECT_REJECTION,0,,late,-3.3263734958209237
36,1,C5,NONTARGET_CORRECT_REJECTION,0,,early,1.5478002146239056
36,1,C5,NONTARGET_CORRECT_REJECTION,0,,late,-4.647626456319271
36,1,C2,NONTARGET_CORRECT_REJECTION,0,,early,-1.11567209080754
36,1,C2,NONTARGET_CORRECT_REJECTION,0,,late,-3.5509077187593845
36,1,C8,NONTARGET_CORRECT_REJECTION,0,,early,-4.3370816218224135
36,1,C8,NONTARGET_CORRECT_REJECTION,0,,late,-3.8600120679883134
36,1,P3,NONTARGET_CORRECT_REJECTION,0,,early,-0.8720589028492618
36,1,P3,NONTARGET_CORRECT_REJECTION,0,,late,-2.339777971673007
36,1,C4,NONTARGET_CORRECT_REJECTION,0,,early,5.251790582189851
36,1,C4,NONTARGET_CORRECT_REJECTION,0,,late,-3.166632364930514
36,1,C2,NONTARGET_CORRECT_REJECTION,0,,early,2.658639670163392
36,1,C2,NONTARGET_CORRECT_REJECTION,0,,late,-2.044948856750362
36,1,C10,NONTARGET_CORRECT_REJECTION,0,,early,1.198314814810093
36,1,C10,NONTARGET_CORRECT_REJECTION,0,,late,-3.3052398414406103
36,1,C1,NONTARGET_CORRECT_REJECTION,0,,early,-3.0967095950154877
36,1,C1,NONTARGET_CORRECT_REJECTION,0,,late,-1.6249928435775107
36,1,C6,NONTARGET_CORRECT_REJECTION,0,,early,5.017347979968523
36,1,C6,NONTARGET_CORRECT_REJECTION,0,,late,-2.2777242903460295
36,1,P4,NONTARGET_CORRECT_REJECTION,0,,early,0.20159682424423037
36,1,P4,NONTARGET_CORRECT_REJECTION,0,,late,-2.7060473410105357
36,1,C8,NONTARGET_CORRECT_REJECTION,0,,early,2.593838910785151
36,1,C8,NONTARGET_CORRECT_REJECTION,0,,late,-2.197640955004939
36,1,P2,NONTARGET_CORRECT_REJECTION,0,,early,0.5100260719431761
36,1,P2,NONTARGET_CORRECT_REJECTION,0,,late,-3.0418329947797313
36,1,C4,NONTARGET_CORRECT_REJECTION,0,,early,-0.32086328261413327
36,1,C4,NONTARGET_CORRECT_REJECTION,0,,late,-2.8043525483927088
36,1,C1,NONTARGET_CORRECT_REJECTION,0,,early,1.058483083666448
36,1,C1,NONTARGET_CORRECT_REJECTION,0,,late,-3.485283613636718
36,1,C2,NONTARGET_CORRECT_REJECTION,0,,early,1.6688970793080864
36,1,C2,NONTARGET_CORRECT_REJECTION,0,,late,-3.113087881737983
36,1,C6,NONTARGET_CORRECT_REJECTION,0,,early,-0.20330457505479643
36,1,C6,NONTARGET_CORRECT_REJECTION,0,,late,-2.374101880249903
36,1,P1,NONTARGET_CORRECT_REJECTION,0,,early,6.452281278132149
36,1,P1,NONTARGET_CORRECT_REJECTION,0,,late,-1.498733698664983
36,1,C10,NONTARGET_CORRECT_REJECTION,0,,early,4.792892379552442
36,1,C10,NONTARGET_CORRECT_REJECTION,0,,late,-3.805842873053168
36,1,C9,NONTARGET_CORRECT_REJECTION,0,,early,-1.5985555284780797
36,1,C9,NONTARGET_CORRECT_REJECTION,0,,late,-2.5917610254735366
36,1,C7,NONTARGET_CORRECT_REJECTION,0,,early,-2.5982833096811886
36,1,C7,NONTARGET_CORRECT_REJECTION,0,,late,-5.211177612789621
36,1,C4,NONTARGET_CORRECT_REJECTION,0,,early,1.888958648826742
36,1,C4,NONTARGET_CORRECT_REJECTION,0,,late,-3.015513704957298
36,1,P1,NONTARGET_CORRECT_REJECTION,0,,early,0.5565744061607734
36,1,P1,NONTARGET_CORRECT_REJECTION,0,,late,-0.5365550266901601
36,1,P4,NONTARGET_CORRECT_REJECTION,0,,early,3.5648409287075937
36,1,P4,NONTARGET_CORRECT_REJECTION,0,,late,-1.4750067487030665
36,1,P2,NONTARGET_CORRECT_REJECTION,0,,early,4.488864524754147
36,1,P2,NONTARGET_CORRECT_REJECTION,0,,late,-3.0035897437131944
36,1,C1,NONTARGET_CORRECT_REJECTION,0,,early,5.20751480893141
36,1,C1,NONTARGET_CORRECT_REJECTION,0,,late,-1.6483338203298183
36,1,C8,NONTARGET_CORRECT_REJECTION,0,,early,0.6703182243396729
36,1,C8,NONTARGET_CORRECT_REJECTION,0,,late,-1.0347275661445665
36,1,C3,NONTARGET_CORRECT_REJECTION,0,,early,7.553743101688981
36,1,C3,NONTARGET_CORRECT_REJECTION,0,,late,-1.5709609723450737
36,1,C4,NONTARGET_CORRECT_REJECTION,0,,early,0.5630056226873076
36,1,C4,NONTARGET_CORRECT_REJECTION,0,,late,-3.6778305283720356
36,1,C8,NONTARGET_CORRECT_REJECTION,0,,early,0.896569513208319
36,1,C8,NONTARGET_CORRECT_REJECTION,0,,late,-0.6028053922054568
36,1,P2,NONTARGET_CORRECT_REJECTION,0,,early,9.015078716813383
36,1,P2,NONTARGET_CORRECT_REJECTION,0,,late,-0.4810038385356647
36,1,C5,NONTARGET_CORRECT_REJECTION,0,,early,-1.742720683089316
36,1,C5,NONTARGET_CORRECT_REJECTION,0,,late,-3.556748688253872
36,1,C6,NONTARGET_CORRECT_REJECTION,0,,early,3.2883535709082072
36,1,C6,NONTARGET_CORRECT_REJECTION,0,,late,-1.433007150596453
36,1,C2,NONTARGET_CORRECT_REJECTION,0,,early,2.5139823578799407
36,1,C2,NONTARGET_CORRECT_REJECTION,0,,late,-1.0363811870069481
36,1,P3,NONTARGET_CORRECT_REJECTION,0,,early,1.2949523809954575
36,1,P3,NONTARGET_CORRECT_REJECTION,0,,late,-1.9932490456763685
36,1,C10,NONTARGET_CORRECT_REJECTION,0,,early,-4.251607150103697
36,1,C10,NONTARGET_CORRECT_REJECTION,0,,late,-1.8418600517298453
36,1,P4,NONTARGET_CORRECT_REJECTION,0,,early,-0.3146178647655379
36,1,P4,NONTARGET_CORRECT_REJECTION,0,,late,-5.296502108315239
36,1,C7,NONTARGET_CORRECT_REJECTION,0,,early,8.886371266751627
36,1,C7,NONTARGET_CORRECT_REJECTION,0,,late,0.19698013874902298
36,1,C5,NONTARGET_CORRECT_REJECTION,0,,early,0.020648331558488255
36,1,C5,NONTARGET_CORRECT_REJECTION,0,,late,1.9718659603912985
36,1,C6,NONTARGET_CORRECT_REJECTION,0,,early,5.484829825991087
36,1,C6,NONTARGET_CORRECT_REJECTION,0,,late,-4.8140313878386785
36,1,C4,NONTARGET_CORRECT_REJECTION,0,,early,1.6626978970224782
36,1,C4,NONTARGET_CORRECT_REJECTION,0,,late,-1.1589751007886397
36,2,P2,NONTARGET_CORRECT_REJECTION,0,,early,-0.6049778124570379
36,2,P2,NONTARGET_CORRECT_REJECTION,0,,late,-0.6875772016620217
36,2,C3,NONTARGET_CORRECT_REJECTION,0,,early,2.3296235893190755
36,2,C3,NONTARGET_CORRECT_REJECTION,0,,late,-1.0360824963155928
36,2,C8,NONTARGET_CORRECT_REJECTION,0,,early,0.5466031448522233
36,2,C8,NONTARGET_CORRECT_REJECTION,0,,late,-1.1487608622438685
36,2,P1,NONTARGET_CORRECT_REJECTION,0,,early,-0.1974325133094449
36,2,P1,NONTARGET_CORRECT_REJECTION,0,,late,-3.1446893865073946
36,2,P1,NONTARGET_CORRECT_REJECTION,0,,early,3.051303958905326
36,2,P1,NONTARGET_CORRECT_REJECTION,0,,late,-4.005366695432235
36,2,C2,NONTARGET_CORRECT_REJECTION,0,,early,2.398693643602956
36,2,C2,NONTARGET_CORRECT_REJECTION,0,,late,-1.1564344669962785
36,2,C1,NONTARGET_CORRECT_REJECTION,0,,early,0.9393626575417509
36,2,C1,NONTARGET_CORRECT_REJECTION,0,,late,-0.6876646506407308
36,2,P3,NONTARGET_CORRECT_REJECTION,0,,early,3.5730796484324574
36,2,P3,NONTARGET_CORRECT_REJECTION,0,,late,0.00447210929137303
36,2,C7,NONTARGET_CORRECT_REJECTION,0,,early,-0.5988773758274379
36,2,C7,NONTARGET_CORRECT_REJECTION,0,,late,-4.461655374918359
36,2,P1,NONTARGET_CORRECT_REJECTION,0,,early,-0.5008592235190994
36,2,P1,NONTARGET_CORRECT_REJECTION,0,,late,-1.9648688845020674
36,2,C9,NONTARGET_CORRECT_REJECTION,0,,early,4.33965676047713
36,2,C9,NONTARGET_CORRECT_REJECTION,0,,late,-2.282103694863142
36,2,P4,NONTARGET_CORRECT_REJECTION,0,,early,-0.9285434962122695
36,2,P4,NONTARGET_CORRECT_REJECTION,0,,late,-2.6104066332113343
36,2,C6,NONTARGET_CORRECT_REJECTION,0,,early,4.695569961115133
36,2,C6,NONTARGET_CORRECT_REJECTION,0,,late,-1.1306011160659852
36,2,C8,NONTARGET_CORRECT_REJECTION,0,,early,-2.648537627164607
36,2,C8,NONTARGET_CORRECT_REJECTION,0,,late,-4.0837235815065105
36,2,C3,NONTARGET_CORRECT_REJECTION,0,,early,2.9956551920865246
36,2,C3,NONTARGET_CORRECT_REJECTION,0,,late,-2.9163933154986057
36,2,C1,NONTARGET_CORRECT_REJECTION,0,,early,4.6244288955746375
36,2,C1,NONTARGET_CORRECT_REJECTION,0,,late,-3.1106165156520733
36,2,P4,NONTARGET_CORRECT_REJECTION,0,,early,6.099121082732114
36,2,P4,NONTARGET_CORRECT_REJECTION,0,,late,-0.9393738078077077
36,2,C10,NONTARGET_CORRECT_REJECTION,0,,early,-1.2499060361044716
36,2,C10,NONTARGET_CORRECT_REJECTION,0,,late,-1.2559190400621258
36,2,C6,NONTARGET_CORRECT_REJECTION,0,,early,4.224380752640456
36,2,C6,NONTARGET_CORRECT_REJECTION,0,,late,-2.3503774033094618
36,2,C7,NONTARGET_CORRECT_REJECTION,0,,early,2.036113067212658
36,2,C7,NONTARGET_CORRECT_REJECTION,0,,late,-4.411288256160868
36,2,C6,NONTARGET_FALSE_ALARM,1,913.7000000000698,early,-1.752100104573701
36,2,C6,NONTARGET_FALSE_ALARM,1,913.7000000000698,late,-3.042263298148659
36,2,C5,NONTARGET_CORRECT_REJECTION,0,,early,3.298584303834396
36,2,C5,NONTARGET_CORRECT_REJECTION,0,,late,-1.3614847587264103
36,2,C4,NONTARGET_CORRECT_REJECTION,0,,early,8.675424682225438
36,2,C4,NONTARGET_CORRECT_REJECTION,0,,late,-3.73248452277366
36,2,C2,NONTARGET_CORRECT_REJECTION,0,,early,6.330786278076605
36,2,C2,NONTARGET_CORRECT_REJECTION,0,,late,-0.48109988572659906
36,2,C1,NONTARGET_CORRECT_REJECTION,0,,early,0.5119416943644413
36,2,C1,NONTARGET_CORRECT_REJECTION,0,,late,-2.3195145400196138
36,2,C10,NONTARGET_CORRECT_REJECTION,0,,early,-1.234804305275281
36,2,C10,NONTARGET_CORRECT_REJECTION,0,,late,-5.306314526109859
36,2,P1,NONTARGET_CORRECT_REJECTION,0,,early,-3.8256145737333505
36,2,P1,NONTARGET_CORRECT_REJECTION,0,,late,-3.825062573134155
36,2,C9,NONTARGET_CORRECT_REJECTION,0,,early,-0.11309842122789453
36,2,C9,NONTARGET_CORRECT_REJECTION,0,,late,-4.8893025452193735
36,2,C4,NONTARGET_CORRECT_REJECTION,0,,early,1.9604656488234795
36,2,C4,NONTARGET_CORRECT_REJECTION,0,,late,-3.813164181109174
36,2,C8,NONTARGET_CORRECT_REJECTION,0,,early,-2.0197971218845656
36,2,C8,NONTARGET_CORRECT_REJECTION,0,,late,-2.1862876868711014
36,2,C1,NONTARGET_CORRECT_REJECTION,0,,early,-1.8753359701861314
36,2,C1,NONTARGET_CORRECT_REJECTION,0,,late,-2.343116205799066
36,2,P4,NONTARGET_CORRECT_REJECTION,0,,early,-2.2747550868277706
36,2,P4,NONTARGET_CORRECT_REJECTION,0,,late,-2.612177943333412
36,2,P3,NONTARGET_CORRECT_REJECTION,0,,early,4.567505497736166
36,2,P3,NONTARGET_CORRECT_REJECTION,0,,late,-2.9656502417990502
36,2,C7,NONTARGET_CORRECT_REJECTION,0,,early,-1.9020637781707745
36,2,C7,NONTARGET_CORRECT_REJECTION,0,,late,-5.010117881712309
36,2,C10,NONTARGET_CORRECT_REJECTION,0,,early,-2.9385498223554465
36,2,C10,NONTARGET_CORRECT_REJECTION,0,,late,-2.5543429952731254
36,2,P4,NONTARGET_CORRECT_REJECTION,0,,early,-2.379920129733502
36,2,P4,NONTARGET_CORRECT_REJECTION,0,,late,-2.7659501691333968
36,2,C6,NONTARGET_CORRECT_REJECTION,0,,early,2.0608399158838444
36,2,C6,NONTARGET_CORRECT_REJECTION,0,,late,-0.9675424298323234
36,2,C8,NONTARGET_CORRECT_REJECTION,0,,early,3.2961361982800046
36,2,C8,NONTARGET_CORRECT_REJECTION,0,,late,-3.552899601141524
36,2,P1,NONTARGET_CORRECT_REJECTION,0,,early,3.2881989002799905
36,2,P1,NONTARGET_CORRECT_REJECTION,0,,late,-4.027179629072503
36,2,C5,NONTARGET_CORRECT_REJECTION,0,,early,5.088398377408534
36,2,C5,NONTARGET_CORRECT_REJECTION,0,,late,1.1939511070913191
36,2,C3,NONTARGET_CORRECT_REJECTION,0,,early,1.7137245252210227
36,2,C3,NONTARGET_CORRECT_REJECTION,0,,late,-2.410563414541915
36,2,C4,NONTARGET_CORRECT_REJECTION,0,,early,0.9355295713103499
36,2,C4,NONTARGET_CORRECT_REJECTION,0,,late,-3.6539080729618005
36,2,C2,NONTARGET_CORRECT_REJECTION,0,,early,-1.3547916962705853
36,2,C2,NONTARGET_CORRECT_REJECTION,0,,late,-2.9786750164726965
36,2,C7,NONTARGET_CORRECT_REJECTION,0,,early,1.6380134438835974
36,2,C7,NONTARGET_CORRECT_REJECTION,0,,late,-3.3984319955019253
36,2,C5,NONTARGET_FALSE_ALARM,1,1620.5999999999767,early,-4.820738570984563
36,2,C5,NONTARGET_FALSE_ALARM,1,1620.5999999999767,late,-3.020524931725829
36,2,P1,NONTARGET_CORRECT_REJECTION,0,,early,-2.3435164746446113
36,2,P1,NONTARGET_CORRECT_REJECTION,0,,late,0.8818950275928089
36,2,P4,NONTARGET_CORRECT_REJECTION,0,,early,3.770805332546997
36,2,P4,NONTARGET_CORRECT_REJECTION,0,,late,-3.2788064791531615
36,2,C10,NONTARGET_CORRECT_REJECTION,0,,early,1.1964163072372094
36,2,C10,NONTARGET_CORRECT_REJECTION,0,,late,-4.142820679412101
36,2,C1,NONTARGET_CORRECT_REJECTION,0,,early,5.1535674363877675
36,2,C1,NONTARGET_CORRECT_REJECTION,0,,late,-2.55038694773013
36,2,P2,NONTARGET_CORRECT_REJECTION,0,,early,2.8852149430233895
36,2,P2,NONTARGET_CORRECT_REJECTION,0,,late,-4.072258765889961
36,2,C1,NONTARGET_CORRECT_REJECTION,0,,early,1.2207116083621226
36,2,C1,NONTARGET_CORRECT_REJECTION,0,,late,-0.7880006613930169
36,2,C9,NONTARGET_CORRECT_REJECTION,0,,early,2.4810336632683705
36,2,C9,NONTARGET_CORRECT_REJECTION,0,,late,-3.2019638140215316
36,2,C8,NONTARGET_CORRECT_REJECTION,0,,early,-0.15341127935296905
36,2,C8,NONTARGET_CORRECT_REJECTION,0,,late,-3.9523983973978196
36,2,P1,NONTARGET_CORRECT_REJECTION,0,,early,4.575126660054421
36,2,P1,NONTARGET_CORRECT_REJECTION,0,,late,-2.606025198978839
36,2,C7,NONTARGET_CORRECT_REJECTION,0,,early,1.764921333438481
36,2,C7,NONTARGET_CORRECT_REJECTION,0,,late,-1.505906507525181
36,2,C10,NONTARGET_CORRECT_REJECTION,0,,early,1.2577907750671313
36,2,C10,NONTARGET_CORRECT_REJECTION,0,,late,-2.197021672775095
36,2,C4,NONTARGET_CORRECT_REJECTION,0,,early,4.197647180011394
36,2,C4,NONTARGET_CORRECT_REJECTION,0,,late,-2.9109887592509294
36,2,C3,NONTARGET_CORRECT_REJECTION,0,,early,1.1002841532078185
36,2,C3,NONTARGET_CORRECT_REJECTION,0,,late,-1.3867142825116106
36,2,P2,NONTARGET_CORRECT_REJECTION,0,,early,5.089150284687729
36,2,P2,NONTARGET_CORRECT_REJECTION,0,,late,-0.5031643900384433
36,2,C9,NONTARGET_CORRECT_REJECTION,0,,early,-3.8149885931557623
36,2,C9,NONTARGET_CORRECT_REJECTION,0,,late,-2.5447506277984737
38,0,C9,NONTARGET_CORRECT_REJECTION,0,,early,-7.282977126673967
38,0,C9,NONTARGET_CORRECT_REJECTION,0,,late,-4.354937448348559
38,0,C5,NONTARGET_CORRECT_REJECTION,0,,early,0.42809919073177854
38,0,C5,NONTARGET_CORRECT_REJECTION,0,,late,-0.015768303632888676
38,0,C10,NONTARGET_CORRECT_REJECTION,0,,early,0.3361599360162272
38,0,C10,NONTARGET_CORRECT_REJECTION,0,,late,0.46627052717144735
38,0,C1,NONTARGET_CORRECT_REJECTION,0,,early,1.8816130439607113
38,0,C1,NONTARGET_CORRECT_REJECTION,0,,late,2.824009325431618
38,0,C4,NONTARGET_CORRECT_REJECTION,0,,early,-2.856266433682923
38,0,C4,NONTARGET_CORRECT_REJECTION,0,,late,1.4290445221349193
38,0,C6,NONTARGET_CORRECT_REJECTION,0,,early,-3.5932227610839043
38,0,C6,NONTARGET_CORRECT_REJECTION,0,,late,-0.8876201130451106
38,0,C2,NONTARGET_CORRECT_REJECTION,0,,early,-3.3432659733462398
38,0,C2,NONTARGET_CORRECT_REJECTION,0,,late,-1.9928542000510212
38,0,C3,NONTARGET_CORRECT_REJECTION,0,,early,-1.95903568364953
38,0,C3,NONTARGET_CORRECT_REJECTION,0,,late,-0.7384865998546414
38,0,C8,NONTARGET_CORRECT_REJECTION,0,,early,-4.722993928524438
38,0,C8,NONTARGET_CORRECT_REJECTION,0,,late,-3.4244560095979613
38,0,C6,NONTARGET_CORRECT_REJECTION,0,,early,1.6204397271623565
38,0,C6,NONTARGET_CORRECT_REJECTION,0,,late,0.05930033929912167
38,0,C3,NONTARGET_CORRECT_REJECTION,0,,early,-6.729851568493412
38,0,C3,NONTARGET_CORRECT_REJECTION,0,,late,-5.793431675699069
38,0,C7,NONTARGET_CORRECT_REJECTION,0,,early,0.5531422747903862
38,0,C7,NONTARGET_CORRECT_REJECTION,0,,late,2.3164427549564826
38,0,C9,NONTARGET_CORRECT_REJECTION,0,,early,-2.8989404947097857
38,0,C9,NONTARGET_CORRECT_REJECTION,0,,late,-2.6554864325810477
38,0,C4,NONTARGET_CORRECT_REJECTION,0,,early,2.225312786173094
38,0,C4,NONTARGET_CORRECT_REJECTION,0,,late,1.8434581086604216
38,0,C5,NONTARGET_CORRECT_REJECTION,0,,early,-2.862061555842845
38,0,C5,NONTARGET_CORRECT_REJECTION,0,,late,-2.7335909277120907
38,0,C1,NONTARGET_CORRECT_REJECTION,0,,early,-1.8124308720453068
38,0,C1,NONTARGET_CORRECT_REJECTION,0,,late,-2.8937739751355362
38,0,C10,NONTARGET_CORRECT_REJECTION,0,,early,-1.486350522992413
38,0,C10,NONTARGET_CORRECT_REJECTION,0,,late,-2.186129379999433
38,0,C2,NONTARGET_CORRECT_REJECTION,0,,early,-1.067750422032305
38,0,C2,NONTARGET_CORRECT_REJECTION,0,,late,-1.082550091443065
38,0,C2,NONTARGET_CORRECT_REJECTION,0,,early,-9.011379964463089
38,0,C2,NONTARGET_CORRECT_REJECTION,0,,late,-3.832377966590312
38,0,C7,NONTARGET_CORRECT_REJECTION,0,,early,-2.937880633237685
38,0,C7,NONTARGET_CORRECT_REJECTION,0,,late,-0.7042873498380008
38,0,C3,NONTARGET_CORRECT_REJECTION,0,,early,-2.837318295318661
38,0,C3,NONTARGET_CORRECT_REJECTION,0,,late,-1.778846744583814
38,0,C9,NONTARGET_CORRECT_REJECTION,0,,early,-3.5894883617999875
38,0,C9,NONTARGET_CORRECT_REJECTION,0,,late,2.993406932658256
38,0,C8,NONTARGET_CORRECT_REJECTION,0,,early,-5.201004037835862
38,0,C8,NONTARGET_CORRECT_REJECTION,0,,late,-2.4862556652516075
38,0,C6,NONTARGET_CORRECT_REJECTION,0,,early,-6.512613083231876
38,0,C6,NONTARGET_CORRECT_REJECTION,0,,late,-3.1106689895251467
38,0,C5,NONTARGET_CORRECT_REJECTION,0,,early,0.3069616964709173
38,0,C5,NONTARGET_CORRECT_REJECTION,0,,late,-0.5247780530918504
38,0,C4,NONTARGET_CORRECT_REJECTION,0,,early,0.20486698811936432
38,0,C4,NONTARGET_CORRECT_REJECTION,0,,late,1.1894708023843006
38,0,C2,NONTARGET_CORRECT_REJECTION,0,,early,-1.2299870286980175
38,0,C2,NONTARGET_CORRECT_REJECTION,0,,late,1.4955896005175673
38,0,C5,NONTARGET_CORRECT_REJECTION,0,,early,-1.4684454272516825
38,0,C5,NONTARGET_CORRECT_REJECTION,0,,late,0.5807077202841775
38,0,C9,NONTARGET_CORRECT_REJECTION,0,,early,1.2945612372568227
38,0,C9,NONTARGET_CORRECT_REJECTION,0,,late,2.373507250134504
38,0,C3,NONTARGET_CORRECT_REJECTION,0,,early,3.6147562153277444
38,0,C3,NONTARGET_CORRECT_REJECTION,0,,late,0.9822911855523069
38,0,C1,NONTARGET_CORRECT_REJECTION,0,,early,-3.912321196001771
38,0,C1,NONTARGET_CORRECT_REJECTION,0,,late,-2.956997142584856
38,0,C7,NONTARGET_CORRECT_REJECTION,0,,early,-6.148699279820874
38,0,C7,NONTARGET_CORRECT_REJECTION,0,,late,-0.9285764475923032
38,0,C8,NONTARGET_CORRECT_REJECTION,0,,early,-2.994646580181269
38,0,C8,NONTARGET_CORRECT_REJECTION,0,,late,-1.3683253721514392
38,0,C8,NONTARGET_CORRECT_REJECTION,0,,early,-0.25588450682872854
38,0,C8,NONTARGET_CORRECT_REJECTION,0,,late,-1.93595895322154
38,0,C5,NONTARGET_CORRECT_REJECTION,0,,early,-2.892637506803466
38,0,C5,NONTARGET_CORRECT_REJECTION,0,,late,-0.7335271389868551
38,0,C7,NONTARGET_CORRECT_REJECTION,0,,early,-2.8536420413556582
38,0,C7,NONTARGET_CORRECT_REJECTION,0,,late,0.3724352721512518
38,0,C6,NONTARGET_CORRECT_REJECTION,0,,early,-1.4065837745161025
38,0,C6,NONTARGET_CORRECT_REJECTION,0,,late,1.0547413880307277
38,0,C4,NONTARGET_CORRECT_REJECTION,0,,early,-3.502448595234769
38,0,C4,NONTARGET_CORRECT_REJECTION,0,,late,-2.0678056214603764
38,0,C9,NONTARGET_CORRECT_REJECTION,0,,early,1.8146556454501213
38,0,C9,NONTARGET_CORRECT_REJECTION,0,,late,1.579590018352707
38,0,C3,NONTARGET_CORRECT_REJECTION,0,,early,1.5032066137327242
38,0,C3,NONTARGET_CORRECT_REJECTION,0,,late,0.5831275066035667
38,0,C10,NONTARGET_CORRECT_REJECTION,0,,early,-1.0739519352931597
38,0,C10,NONTARGET_CORRECT_REJECTION,0,,late,-1.0764878848399515
38,0,C9,NONTARGET_CORRECT_REJECTION,0,,early,4.973373323727187
38,0,C9,NONTARGET_CORRECT_REJECTION,0,,late,0.7991676005436316
38,0,C6,NONTARGET_CORRECT_REJECTION,0,,early,0.35627832077520316
38,0,C6,NONTARGET_CORRECT_REJECTION,0,,late,-0.4819153871872997
38,0,C2,NONTARGET_CORRECT_REJECTION,0,,early,-8.382099226313315
38,0,C2,NONTARGET_CORRECT_REJECTION,0,,late,-1.8274206371208912
38,0,C3,NONTARGET_CORRECT_REJECTION,0,,early,-2.3626652773971273
38,0,C3,NONTARGET_CORRECT_REJECTION,0,,late,-0.3196018326042382
38,0,C4,NONTARGET_CORRECT_REJECTION,0,,early,-1.5858539333469959
38,0,C4,NONTARGET_CORRECT_REJECTION,0,,late,0.4894507864940532
38,0,C1,NONTARGET_CORRECT_REJECTION,0,,early,0.26252988318952486
38,0,C1,NONTARGET_CORRECT_REJECTION,0,,late,-0.3846168817397051
38,0,C7,NONTARGET_CORRECT_REJECTION,0,,early,-1.3667464075327111
38,0,C7,NONTARGET_CORRECT_REJECTION,0,,late,-5.358694374528051
38,0,C5,NONTARGET_CORRECT_REJECTION,0,,early,0.3075811240042367
38,0,C5,NONTARGET_CORRECT_REJECTION,0,,late,-0.5288031829866572
38,0,C10,NONTARGET_CORRECT_REJECTION,0,,early,-2.5933007812829696
38,0,C10,NONTARGET_CORRECT_REJECTION,0,,late,-0.9909165645868304
38,0,C8,NONTARGET_CORRECT_REJECTION,0,,early,-3.0338279646436326
38,0,C8,NONTARGET_CORRECT_REJECTION,0,,late,1.0940482623313845
38,0,C7,NONTARGET_CORRECT_REJECTION,0,,early,3.383845619814709
38,0,C7,NONTARGET_CORRECT_REJECTION,0,,late,-0.4192850586661585
38,0,C6,NONTARGET_CORRECT_REJECTION,0,,early,2.271289333888269
38,0,C6,NONTARGET_CORRECT_REJECTION,0,,late,-1.730957485585949
38,0,C5,NONTARGET_CORRECT_REJECTION,0,,early,-7.320417359671373
38,0,C5,NONTARGET_CORRECT_REJECTION,0,,late,-2.1663204676086303
38,0,C4,NONTARGET_CORRECT_REJECTION,0,,early,-4.1787228433825305
38,0,C4,NONTARGET_CORRECT_REJECTION,0,,late,1.730514940078956
38,0,C1,NONTARGET_CORRECT_REJECTION,0,,early,-0.4735144126473718
38,0,C1,NONTARGET_CORRECT_REJECTION,0,,late,0.1657939765064663
38,1,C6,NONTARGET_CORRECT_REJECTION,0,,early,-3.2037294187364274
38,1,C6,NONTARGET_CORRECT_REJECTION,0,,late,-3.368034359504421
38,1,C1,NONTARGET_CORRECT_REJECTION,0,,early,-0.922029648013218
38,1,C1,NONTARGET_CORRECT_REJECTION,0,,late,-0.13666144375581524
38,1,C3,NONTARGET_CORRECT_REJECTION,0,,early,2.185638728740881
38,1,C3,NONTARGET_CORRECT_REJECTION,0,,late,-0.7631960516175433
38,1,C5,NONTARGET_CORRECT_REJECTION,0,,early,-0.981815235854452
38,1,C5,NONTARGET_CORRECT_REJECTION,0,,late,-2.6597567510498266
38,1,C8,NONTARGET_CORRECT_REJECTION,0,,early,0.2744332353210945
38,1,C8,NONTARGET_CORRECT_REJECTION,0,,late,-0.4963865245188261
38,1,C7,NONTARGET_CORRECT_REJECTION,0,,early,2.6085830079519305
38,1,C7,NONTARGET_CORRECT_REJECTION,0,,late,-1.088048686552486
38,1,C4,NONTARGET_CORRECT_REJECTION,0,,early,-3.7990255530996864
38,1,C4,NONTARGET_CORRECT_REJECTION,0,,late,-2.3859486335978644
38,1,C7,NONTARGET_CORRECT_REJECTION,0,,early,-1.7732888384784102
38,1,C7,NONTARGET_CORRECT_REJECTION,0,,late,-7.350751234098202
38,1,C5,NONTARGET_CORRECT_REJECTION,0,,early,4.07061665485755
38,1,C5,NONTARGET_CORRECT_REJECTION,0,,late,1.061228638837399
38,1,P2,NONTARGET_CORRECT_REJECTION,0,,early,-3.1226492981926546
38,1,P2,NONTARGET_CORRECT_REJECTION,0,,late,-3.2789255756508986
38,1,C1,NONTARGET_CORRECT_REJECTION,0,,early,-3.331801289702746
38,1,C1,NONTARGET_CORRECT_REJECTION,0,,late,-3.6223298208481056
38,1,P1,NONTARGET_CORRECT_REJECTION,0,,early,1.2042125759861229
38,1,P1,NONTARGET_CORRECT_REJECTION,0,,late,0.8642484481778158
38,1,C10,NONTARGET_CORRECT_REJECTION,0,,early,-2.993282048670806
38,1,C10,NONTARGET_CORRECT_REJECTION,0,,late,-0.9429810307915655
38,1,C3,NONTARGET_CORRECT_REJECTION,0,,early,1.0234576569612714
38,1,C3,NONTARGET_CORRECT_REJECTION,0,,late,-1.9447304698045107
38,1,C6,NONTARGET_CORRECT_REJECTION,0,,early,0.5325025614330552
38,1,C6,NONTARGET_CORRECT_REJECTION,0,,late,-4.413313152817785
38,1,C5,NONTARGET_CORRECT_REJECTION,0,,early,-1.5505044559982373
38,1,C5,NONTARGET_CORRECT_REJECTION,0,,late,-1.568160595931281
38,1,C10,NONTARGET_CORRECT_REJECTION,0,,early,-0.3455489162777655
38,1,C10,NONTARGET_CORRECT_REJECTION,0,,late,-2.8937337862217936
38,1,P4,NONTARGET_CORRECT_REJECTION,0,,early,0.7597538629203288
38,1,P4,NONTARGET_CORRECT_REJECTION,0,,late,-4.024922394453423
38,1,P3,NONTARGET_CORRECT_REJECTION,0,,early,-4.495399810054839
38,1,P3,NONTARGET_CORRECT_REJECTION,0,,late,-4.499865035170459
38,1,C5,NONTARGET_CORRECT_REJECTION,0,,early,-0.1218573743206493
38,1,C5,NONTARGET_CORRECT_REJECTION,0,,late,-1.5587871477107293
38,1,C2,NONTARGET_CORRECT_REJECTION,0,,early,0.500463016345212
38,1,C2,NONTARGET_CORRECT_REJECTION,0,,late,-0.557835271294148
38,1,C8,NONTARGET_CORRECT_REJECTION,0,,early,-3.940114488934312
38,1,C8,NONTARGET_CORRECT_REJECTION,0,,late,-0.24309469752496504
38,1,C7,NONTARGET_CORRECT_REJECTION,0,,early,-1.2745289514667564
38,1,C7,NONTARGET_CORRECT_REJECTION,0,,late,-1.639605971919693
38,1,C4,NONTARGET_CORRECT_REJECTION,0,,early,-3.25153166820384
38,1,C4,NONTARGET_CORRECT_REJECTION,0,,late,-4.416647797912224
38,1,C2,NONTARGET_CORRECT_REJECTION,0,,early,0.8054790157026107
38,1,C2,NONTARGET_CORRECT_REJECTION,0,,late,-0.3242336415340176
38,1,C10,NONTARGET_CORRECT_REJECTION,0,,early,-3.6334142346469744
38,1,C10,NONTARGET_CORRECT_REJECTION,0,,late,-2.3148318006542796
38,1,C1,NONTARGET_CORRECT_REJECTION,0,,early,1.1760122873613077
38,1,C1,NONTARGET_CORRECT_REJECTION,0,,late,-2.425600199568575
38,1,C6,NONTARGET_CORRECT_REJECTION,0,,early,0.8850246582507902
38,1,C6,NONTARGET_CORRECT_REJECTION,0,,late,-2.483998401806845
38,1,C8,NONTARGET_CORRECT_REJECTION,0,,early,-5.699015699055938
38,1,C8,NONTARGET_CORRECT_REJECTION,0,,late,-1.0496511244145907
38,1,P2,NONTARGET_CORRECT_REJECTION,0,,early,-2.695289659221055
38,1,P2,NONTARGET_CORRECT_REJECTION,0,,late,-0.8148679827303762
38,1,C4,NONTARGET_CORRECT_REJECTION,0,,early,-2.7856926826663058
38,1,C4,NONTARGET_CORRECT_REJECTION,0,,late,-1.1936856516214105
38,1,C6,NONTARGET_CORRECT_REJECTION,0,,early,-2.2193656272873197
38,1,C6,NONTARGET_CORRECT_REJECTION,0,,late,-0.582569560276917
38,1,P4,NONTARGET_CORRECT_REJECTION,0,,early,-0.8920823643552321
38,1,P4,NONTARGET_CORRECT_REJECTION,0,,late,-3.701932012277696
38,1,C3,NONTARGET_CORRECT_REJECTION,0,,early,0.5540516497144589
38,1,C3,NONTARGET_CORRECT_REJECTION,0,,late,-0.6907772784072519
38,1,P1,NONTARGET_CORRECT_REJECTION,0,,early,-3.3018109645827733
38,1,P1,NONTARGET_CORRECT_REJECTION,0,,late,-3.3867859030492142
38,1,C10,NONTARGET_CORRECT_REJECTION,0,,early,-0.018486371859886382
38,1,C10,NONTARGET_CORRECT_REJECTION,0,,late,-1.281348165532799
38,1,C5,NONTARGET_CORRECT_REJECTION,0,,early,-1.868515053452103
38,1,C5,NONTARGET_CORRECT_REJECTION,0,,late,-1.8432740538688732
38,1,C9,NONTARGET_CORRECT_REJECTION,0,,early,0.4489295595198875
38,1,C9,NONTARGET_CORRECT_REJECTION,0,,late,-0.9784075547554366
38,1,C7,NONTARGET_CORRECT_REJECTION,0,,early,-0.9752379705896473
38,1,C7,NONTARGET_CORRECT_REJECTION,0,,late,-4.031376613443515
38,1,C4,NONTARGET_CORRECT_REJECTION,0,,early,-1.9032781062332225
38,1,C4,NONTARGET_CORRECT_REJECTION,0,,late,-1.4543369797020143
38,1,P1,NONTARGET_CORRECT_REJECTION,0,,early,2.007810174600717
38,1,P1,NONTARGET_CORRECT_REJECTION,0,,late,-0.5206904645161233
38,1,C6,NONTARGET_CORRECT_REJECTION,0,,early,-2.845890745566019
38,1,C6,NONTARGET_CORRECT_REJECTION,0,,late,-2.154746173917597
38,1,P4,NONTARGET_CORRECT_REJECTION,0,,early,-3.930902585562647
38,1,P4,NONTARGET_CORRECT_REJECTION,0,,late,-3.1048415007449908
38,1,P2,NONTARGET_CORRECT_REJECTION,0,,early,1.4828320851627312
38,1,P2,NONTARGET_CORRECT_REJECTION,0,,late,-4.105229533961215
38,1,C1,NONTARGET_CORRECT_REJECTION,0,,early,0.4175823793150967
38,1,C1,NONTARGET_CORRECT_REJECTION,0,,late,-2.8051394739240574
38,1,C8,NONTARGET_CORRECT_REJECTION,0,,early,-0.0014550997574212454
38,1,C8,NONTARGET_CORRECT_REJECTION,0,,late,-1.6708406647987757
38,1,C3,NONTARGET_CORRECT_REJECTION,0,,early,-2.987294272492881
38,1,C3,NONTARGET_CORRECT_REJECTION,0,,late,-5.843294989285064
38,1,C4,NONTARGET_CORRECT_REJECTION,0,,early,0.18101150897725024
38,1,C4,NONTARGET_CORRECT_REJECTION,0,,late,-2.452900466603894
38,1,C8,NONTARGET_CORRECT_REJECTION,0,,early,-0.12110047409037043
38,1,C8,NONTARGET_CORRECT_REJECTION,0,,late,-1.5558636929632446
38,1,P2,NONTARGET_CORRECT_REJECTION,0,,early,-0.3251941712287523
38,1,P2,NONTARGET_CORRECT_REJECTION,0,,late,-2.677423677926724
38,1,C5,NONTARGET_CORRECT_REJECTION,0,,early,4.339595151907005
38,1,C5,NONTARGET_CORRECT_REJECTION,0,,late,-0.057629157020093566
38,1,C6,NONTARGET_CORRECT_REJECTION,0,,early,-2.684975456069946
38,1,C6,NONTARGET_CORRECT_REJECTION,0,,late,-2.113335353255379
38,1,C2,NONTARGET_CORRECT_REJECTION,0,,early,2.4035533675628167
38,1,C2,NONTARGET_CORRECT_REJECTION,0,,late,2.161553403772253
38,1,P3,NONTARGET_CORRECT_REJECTION,0,,early,-1.2109800890666451
38,1,P3,NONTARGET_CORRECT_REJECTION,0,,late,-2.666124425633374
38,1,C9,NONTARGET_CORRECT_REJECTION,0,,early,2.5428149371231035
38,1,C9,NONTARGET_CORRECT_REJECTION,0,,late,-1.159800840458529
38,1,C10,NONTARGET_CORRECT_REJECTION,0,,early,-0.6404114680158508
38,1,C10,NONTARGET_CORRECT_REJECTION,0,,late,-4.6693526210182865
38,1,P4,NONTARGET_CORRECT_REJECTION,0,,early,2.188347402824629
38,1,P4,NONTARGET_CORRECT_REJECTION,0,,late,1.113151138148155
38,1,C7,NONTARGET_CORRECT_REJECTION,0,,early,1.2951374460207934
38,1,C7,NONTARGET_CORRECT_REJECTION,0,,late,0.7586150399627394
38,1,C5,NONTARGET_CORRECT_REJECTION,0,,early,0.5311249669457951
38,1,C5,NONTARGET_CORRECT_REJECTION,0,,late,1.3095426266609271
38,1,C6,NONTARGET_CORRECT_REJECTION,0,,early,-0.6199984430013046
38,1,C6,NONTARGET_CORRECT_REJECTION,0,,late,-5.155560667317065
38,1,C4,NONTARGET_CORRECT_REJECTION,0,,early,-4.046356090380855
38,1,C4,NONTARGET_CORRECT_REJECTION,0,,late,-1.5656732496136379
38,2,C3,NONTARGET_CORRECT_REJECTION,0,,early,1.719467231444908
38,2,C3,NONTARGET_CORRECT_REJECTION,0,,late,-1.4641837508848818
38,2,P4,NONTARGET_CORRECT_REJECTION,0,,early,-0.4709456139269542
38,2,P4,NONTARGET_CORRECT_REJECTION,0,,late,-4.809767409972536
38,2,C6,NONTARGET_CORRECT_REJECTION,0,,early,-6.681188218467866
38,2,C6,NONTARGET_CORRECT_REJECTION,0,,late,-5.542708702021373
38,2,C8,NONTARGET_CORRECT_REJECTION,0,,early,-1.8994933089031398
38,2,C8,NONTARGET_CORRECT_REJECTION,0,,late,-2.6310311928722516
38,2,C5,NONTARGET_CORRECT_REJECTION,0,,early,0.5856450159277587
38,2,C5,NONTARGET_CORRECT_REJECTION,0,,late,-2.559238381024423
38,2,C3,NONTARGET_CORRECT_REJECTION,0,,early,-1.122136359998897
38,2,C3,NONTARGET_CORRECT_REJECTION,0,,late,-4.689953925678187
38,2,C1,NONTARGET_CORRECT_REJECTION,0,,early,-2.525969454035745
38,2,C1,NONTARGET_CORRECT_REJECTION,0,,late,-2.9020648881858753
38,2,P4,NONTARGET_CORRECT_REJECTION,0,,early,3.3684200473111505
38,2,P4,NONTARGET_CORRECT_REJECTION,0,,late,-1.212343695876002
38,2,C8,NONTARGET_CORRECT_REJECTION,0,,early,-1.9155306332984623
38,2,C8,NONTARGET_CORRECT_REJECTION,0,,late,-2.982478859813609
38,2,C6,NONTARGET_FALSE_ALARM,1,1443.5999999999767,early,-2.9669967944713798
38,2,C6,NONTARGET_FALSE_ALARM,1,1443.5999999999767,late,-1.4295051725070878
38,2,C7,NONTARGET_CORRECT_REJECTION,0,,early,-1.287021220836893
38,2,C7,NONTARGET_CORRECT_REJECTION,0,,late,-6.121904719020382
38,2,C6,NONTARGET_CORRECT_REJECTION,0,,early,-2.134121430608218
38,2,C6,NONTARGET_CORRECT_REJECTION,0,,late,-2.839788251880951
38,2,C4,NONTARGET_CORRECT_REJECTION,0,,early,-0.18338258412896066
38,2,C4,NONTARGET_CORRECT_REJECTION,0,,late,-2.0280331599981505
38,2,C2,NONTARGET_CORRECT_REJECTION,0,,early,0.21340620394716098
38,2,C2,NONTARGET_CORRECT_REJECTION,0,,late,-0.754446182776271
38,2,C1,NONTARGET_CORRECT_REJECTION,0,,early,0.12212711368856059
38,2,C1,NONTARGET_CORRECT_REJECTION,0,,late,-2.3813321249870456
38,2,C10,NONTARGET_CORRECT_REJECTION,0,,early,-1.3645085477844576
38,2,C10,NONTARGET_CORRECT_REJECTION,0,,late,-2.5531959639447
38,2,P1,NONTARGET_CORRECT_REJECTION,0,,early,-3.5740314874283703
38,2,P1,NONTARGET_CORRECT_REJECTION,0,,late,-2.689187704129319
38,2,C9,NONTARGET_CORRECT_REJECTION,0,,early,0.22783163113019309
38,2,C9,NONTARGET_CORRECT_REJECTION,0,,late,-2.5019447441234184
38,2,C5,NONTARGET_CORRECT_REJECTION,0,,early,0.4919650224922187
38,2,C5,NONTARGET_CORRECT_REJECTION,0,,late,-4.575839948242977
38,2,C4,NONTARGET_CORRECT_REJECTION,0,,early,-1.9527177427328999
38,2,C4,NONTARGET_CORRECT_REJECTION,0,,late,-0.9253388771200903
38,2,C8,NONTARGET_CORRECT_REJECTION,0,,early,2.08497555555952
38,2,C8,NONTARGET_CORRECT_REJECTION,0,,late,-1.031518943456871
38,2,C10,NONTARGET_CORRECT_REJECTION,0,,early,-2.464089333745702
38,2,C10,NONTARGET_CORRECT_REJECTION,0,,late,-3.538136163619268
38,2,C1,NONTARGET_CORRECT_REJECTION,0,,early,-0.8428242157300735
38,2,C1,NONTARGET_CORRECT_REJECTION,0,,late,-1.3189004156839974
38,2,P4,NONTARGET_CORRECT_REJECTION,0,,early,-10.217587040381359
38,2,P4,NONTARGET_CORRECT_REJECTION,0,,late,-2.9367859046034472
38,2,P3,NONTARGET_CORRECT_REJECTION,0,,early,-5.329255339360318
38,2,P3,NONTARGET_CORRECT_REJECTION,0,,late,-4.710585966126761
38,2,C3,NONTARGET_CORRECT_REJECTION,0,,early,-2.6174005968827054
38,2,C3,NONTARGET_CORRECT_REJECTION,0,,late,-1.0547818765390027
38,2,C7,NONTARGET_CORRECT_REJECTION,0,,early,-0.6890639832749478
38,2,C7,NONTARGET_CORRECT_REJECTION,0,,late,-4.044853906555533
38,2,C4,NONTARGET_CORRECT_REJECTION,0,,early,-2.797650754066834
38,2,C4,NONTARGET_CORRECT_REJECTION,0,,late,-4.313424571979493
38,2,C10,NONTARGET_CORRECT_REJECTION,0,,early,-1.8716431831798463
38,2,C10,NONTARGET_CORRECT_REJECTION,0,,late,-2.619251881351742
38,2,P4,NONTARGET_CORRECT_REJECTION,0,,early,-3.6106665679291106
38,2,P4,NONTARGET_CORRECT_REJECTION,0,,late,-5.4425668278945745
38,2,C6,NONTARGET_CORRECT_REJECTION,0,,early,-5.4564011993553
38,2,C6,NONTARGET_CORRECT_REJECTION,0,,late,-5.977163262329353
38,2,C7,NONTARGET_CORRECT_REJECTION,0,,early,-2.1850630501182744
38,2,C7,NONTARGET_CORRECT_REJECTION,0,,late,-3.184879376212478
38,2,P3,NONTARGET_CORRECT_REJECTION,0,,early,-2.2547764043554963
38,2,P3,NONTARGET_CORRECT_REJECTION,0,,late,-3.436952784947446
38,2,C9,NONTARGET_CORRECT_REJECTION,0,,early,-3.877399135170128
38,2,C9,NONTARGET_CORRECT_REJECTION,0,,late,-3.032219450498518
38,2,C5,NONTARGET_CORRECT_REJECTION,0,,early,-4.299121417836222
38,2,C5,NONTARGET_CORRECT_REJECTION,0,,late,-3.4567335038280835
38,2,C3,NONTARGET_CORRECT_REJECTION,0,,early,0.35561469523550454
38,2,C3,NONTARGET_CORRECT_REJECTION,0,,late,-3.2408142719651787
38,2,C4,NONTARGET_CORRECT_REJECTION,0,,early,-1.9071414808883194
38,2,C4,NONTARGET_CORRECT_REJECTION,0,,late,-1.27911157631665
38,2,C2,NONTARGET_CORRECT_REJECTION,0,,early,-4.025369531291944
38,2,C2,NONTARGET_CORRECT_REJECTION,0,,late,-2.4483300640145647
38,2,C6,NONTARGET_CORRECT_REJECTION,0,,early,-2.542917837102833
38,2,C6,NONTARGET_CORRECT_REJECTION,0,,late,1.0693548023172903
38,2,C5,NONTARGET_CORRECT_REJECTION,0,,early,-2.350460249924104
38,2,C5,NONTARGET_CORRECT_REJECTION,0,,late,-4.275753889221788
38,2,P4,NONTARGET_CORRECT_REJECTION,0,,early,1.727013005562859
38,2,P4,NONTARGET_CORRECT_REJECTION,0,,late,-2.569390499777263
38,2,C10,NONTARGET_CORRECT_REJECTION,0,,early,-0.5976977033902238
38,2,C10,NONTARGET_CORRECT_REJECTION,0,,late,0.2608156483444031
38,2,C9,NONTARGET_CORRECT_REJECTION,0,,early,1.7011310741868748
38,2,C9,NONTARGET_CORRECT_REJECTION,0,,late,-4.072294500818119
38,2,C8,NONTARGET_CORRECT_REJECTION,0,,early,-1.3763682465395142
38,2,C8,NONTARGET_CORRECT_REJECTION,0,,late,-0.5463925878488475
38,2,P1,NONTARGET_CORRECT_REJECTION,0,,early,-1.6778486360287865
38,2,P1,NONTARGET_CORRECT_REJECTION,0,,late,-1.2042766446621511
38,2,C7,NONTARGET_CORRECT_REJECTION,0,,early,-2.481015630824508
38,2,C7,NONTARGET_CORRECT_REJECTION,0,,late,-3.0157933675089894
38,2,C10,NONTARGET_CORRECT_REJECTION,0,,early,-2.9263300348770107
38,2,C10,NONTARGET_CORRECT_REJECTION,0,,late,-0.8000783988151465
38,2,C4,NONTARGET_CORRECT_REJECTION,0,,early,1.417917164088053
38,2,C4,NONTARGET_CORRECT_REJECTION,0,,late,-2.1290790558187522
38,2,C3,NONTARGET_CORRECT_REJECTION,0,,early,-3.3156099205256684
38,2,C3,NONTARGET_CORRECT_REJECTION,0,,late,-2.7070906653550466
38,2,C5,NONTARGET_CORRECT_REJECTION,0,,early,0.0661374604733223
38,2,C5,NONTARGET_CORRECT_REJECTION,0,,late,-1.1151998860039525
38,2,C2,NONTARGET_CORRECT_REJECTION,0,,early,-3.1935133112833167
38,2,C2,NONTARGET_CORRECT_REJECTION,0,,late,-3.09288025618906
38,2,C9,NONTARGET_CORRECT_REJECTION,0,,early,5.80143952775542
38,2,C9,NONTARGET_CORRECT_REJECTION,0,,late,-0.3294915355112812
39,0,C8,NONTARGET_FALSE_ALARM,1,420.0,early,0.4511307584223674
39,0,C8,NONTARGET_FALSE_ALARM,1,420.0,late,-1.4322405231826751
39,0,C9,NONTARGET_CORRECT_REJECTION,0,,early,0.6322185337268497
39,0,C9,NONTARGET_CORRECT_REJECTION,0,,late,-0.3004783746393362
39,0,C5,NONTARGET_CORRECT_REJECTION,0,,early,-3.33080937985971
39,0,C5,NONTARGET_CORRECT_REJECTION,0,,late,-1.667367676009046
39,0,C10,NONTARGET_CORRECT_REJECTION,0,,early,-2.7410600672356558
39,0,C10,NONTARGET_CORRECT_REJECTION,0,,late,2.3796744723364105
39,0,C7,NONTARGET_CORRECT_REJECTION,0,,early,4.202503092497143
39,0,C7,NONTARGET_CORRECT_REJECTION,0,,late,-1.4134107221496972
39,0,C1,NONTARGET_CORRECT_REJECTION,0,,early,0.4466064799641558
39,0,C1,NONTARGET_CORRECT_REJECTION,0,,late,-0.9952864947095904
39,0,C4,NONTARGET_CORRECT_REJECTION,0,,early,2.0057091137679786
39,0,C4,NONTARGET_CORRECT_REJECTION,0,,late,1.1698314701247128
39,0,C6,NONTARGET_CORRECT_REJECTION,0,,early,2.851049800601285
39,0,C6,NONTARGET_CORRECT_REJECTION,0,,late,1.7819291598325033
39,0,C2,NONTARGET_CORRECT_REJECTION,0,,early,-1.2591370912040067
39,0,C2,NONTARGET_CORRECT_REJECTION,0,,late,-0.06221720158192449
39,0,C3,NONTARGET_CORRECT_REJECTION,0,,early,-0.06829713684390559
39,0,C3,NONTARGET_CORRECT_REJECTION,0,,late,-1.5359037879928472
39,0,C7,NONTARGET_CORRECT_REJECTION,0,,early,0.3873622346231751
39,0,C7,NONTARGET_CORRECT_REJECTION,0,,late,2.8950407776261526
39,0,C9,NONTARGET_CORRECT_REJECTION,0,,early,2.4856112860796356
39,0,C9,NONTARGET_CORRECT_REJECTION,0,,late,-1.4429686275429325
39,0,C4,NONTARGET_CORRECT_REJECTION,0,,early,1.475879395502671
39,0,C4,NONTARGET_CORRECT_REJECTION,0,,late,-1.0635491301307054
39,0,C5,NONTARGET_CORRECT_REJECTION,0,,early,-1.9882622616647254
39,0,C5,NONTARGET_CORRECT_REJECTION,0,,late,-0.2811984886021733
39,0,C1,NONTARGET_CORRECT_REJECTION,0,,early,-1.603954272305989
39,0,C1,NONTARGET_CORRECT_REJECTION,0,,late,0.9169188976816792
39,0,C10,NONTARGET_CORRECT_REJECTION,0,,early,3.0034938667174997
39,0,C10,NONTARGET_CORRECT_REJECTION,0,,late,0.9673539768632214
39,0,C2,NONTARGET_CORRECT_REJECTION,0,,early,3.2739420238376438
39,0,C2,NONTARGET_CORRECT_REJECTION,0,,late,-1.4463159260074623
39,0,C1,NONTARGET_FALSE_ALARM,1,409.5,early,-0.7268337909221626
39,0,C1,NONTARGET_FALSE_ALARM,1,409.5,late,-0.013403899986252093
39,0,C2,NONTARGET_CORRECT_REJECTION,0,,early,4.35170650354284
39,0,C2,NONTARGET_CORRECT_REJECTION,0,,late,-3.611447397042086
39,0,C7,NONTARGET_CORRECT_REJECTION,0,,early,1.4375609666103555
39,0,C7,NONTARGET_CORRECT_REJECTION,0,,late,0.28221687171128784
39,0,C3,NONTARGET_CORRECT_REJECTION,0,,early,-0.8142847985849206
39,0,C3,NONTARGET_CORRECT_REJECTION,0,,late,-0.6598640379848606
39,0,C9,NONTARGET_CORRECT_REJECTION,0,,early,2.221075996797766
39,0,C9,NONTARGET_CORRECT_REJECTION,0,,late,-0.548210537075744
39,0,C8,NONTARGET_CORRECT_REJECTION,0,,early,-0.2560676527816612
39,0,C8,NONTARGET_CORRECT_REJECTION,0,,late,-1.350019078805098
39,0,C6,NONTARGET_CORRECT_REJECTION,0,,early,2.177523941625493
39,0,C6,NONTARGET_CORRECT_REJECTION,0,,late,-0.32656359874184576
39,0,C10,NONTARGET_CORRECT_REJECTION,0,,early,-1.3540299659077897
39,0,C10,NONTARGET_CORRECT_REJECTION,0,,late,-0.6977976315159516
39,0,C5,NONTARGET_CORRECT_REJECTION,0,,early,2.7790189906242064
39,0,C5,NONTARGET_CORRECT_REJECTION,0,,late,-1.4870954918832795
39,0,C4,NONTARGET_CORRECT_REJECTION,0,,early,-0.9216998047720568
39,0,C4,NONTARGET_CORRECT_REJECTION,0,,late,-1.044370116949367
39,0,C10,NONTARGET_CORRECT_REJECTION,0,,early,-2.304291256309038
39,0,C10,NONTARGET_CORRECT_REJECTION,0,,late,-0.7670175248241212
39,0,C2,NONTARGET_CORRECT_REJECTION,0,,early,0.0503116983527521
39,0,C2,NONTARGET_CORRECT_REJECTION,0,,late,-3.161986584835322
39,0,C4,NONTARGET_CORRECT_REJECTION,0,,early,0.783991102952206
39,0,C4,NONTARGET_CORRECT_REJECTION,0,,late,-1.134055325237371
39,0,C6,NONTARGET_CORRECT_REJECTION,0,,early,-2.056422175212859
39,0,C6,NONTARGET_CORRECT_REJECTION,0,,late,-0.07711817499879134
39,0,C5,NONTARGET_CORRECT_REJECTION,0,,early,-3.1477484718664033
39,0,C5,NONTARGET_CORRECT_REJECTION,0,,late,-1.6186521480063338
39,0,C9,NONTARGET_CORRECT_REJECTION,0,,early,-0.6064456855052646
39,0,C9,NONTARGET_CORRECT_REJECTION,0,,late,-0.7437015341678546
39,0,C3,NONTARGET_CORRECT_REJECTION,0,,early,1.398055997194301
39,0,C3,NONTARGET_CORRECT_REJECTION,0,,late,-0.3620017201883785
39,0,C1,NONTARGET_CORRECT_REJECTION,0,,early,2.3377353832071446
39,0,C1,NONTARGET_CORRECT_REJECTION,0,,late,3.970764292862362
39,0,C7,NONTARGET_CORRECT_REJECTION,0,,early,0.18664930634453344
39,0,C7,NONTARGET_CORRECT_REJECTION,0,,late,-1.8119899543054698
39,0,C8,NONTARGET_CORRECT_REJECTION,0,,early,2.3211777891438072
39,0,C8,NONTARGET_CORRECT_REJECTION,0,,late,1.8764704236784828
39,0,C8,NONTARGET_CORRECT_REJECTION,0,,early,-2.9937730801407096
39,0,C8,NONTARGET_CORRECT_REJECTION,0,,late,-5.309090529859092
39,0,C5,NONTARGET_CORRECT_REJECTION,0,,early,-1.927281687325922
39,0,C5,NONTARGET_CORRECT_REJECTION,0,,late,-2.9845567326030196
39,0,C7,NONTARGET_CORRECT_REJECTION,0,,early,-0.8861736437794397
39,0,C7,NONTARGET_CORRECT_REJECTION,0,,late,-2.08584206007629
39,0,C6,NONTARGET_CORRECT_REJECTION,0,,early,-0.8386393561525289
39,0,C6,NONTARGET_CORRECT_REJECTION,0,,late,-2.9805077857017843
39,0,C1,NONTARGET_CORRECT_REJECTION,0,,early,-1.4699494510670073
39,0,C1,NONTARGET_CORRECT_REJECTION,0,,late,-2.653865248935082
39,0,C2,NONTARGET_CORRECT_REJECTION,0,,early,-6.10727149386589
39,0,C2,NONTARGET_CORRECT_REJECTION,0,,late,-3.863522604144355
39,0,C4,NONTARGET_CORRECT_REJECTION,0,,early,0.498374715804907
39,0,C4,NONTARGET_CORRECT_REJECTION,0,,late,-1.232307166874661
39,0,C9,NONTARGET_CORRECT_REJECTION,0,,early,0.8906703383584621
39,0,C9,NONTARGET_CORRECT_REJECTION,0,,late,-1.4913158186440338
39,0,C3,NONTARGET_CORRECT_REJECTION,0,,early,-5.2207474156410685
39,0,C3,NONTARGET_CORRECT_REJECTION,0,,late,-2.881479484840084
39,0,C10,NONTARGET_CORRECT_REJECTION,0,,early,1.7093785301112487
39,0,C10,NONTARGET_CORRECT_REJECTION,0,,late,2.51096406170236
39,0,C9,NONTARGET_CORRECT_REJECTION,0,,early,-2.323738510767005
39,0,C9,NONTARGET_CORRECT_REJECTION,0,,late,0.1996088573167107
39,0,C6,NONTARGET_CORRECT_REJECTION,0,,early,1.9234163303959964
39,0,C6,NONTARGET_CORRECT_REJECTION,0,,late,-0.9307525535964961
39,0,C2,NONTARGET_CORRECT_REJECTION,0,,early,0.8283873058105874
39,0,C2,NONTARGET_CORRECT_REJECTION,0,,late,-4.64972202808565
39,0,C3,NONTARGET_CORRECT_REJECTION,0,,early,-5.146865893623571
39,0,C3,NONTARGET_CORRECT_REJECTION,0,,late,0.44781130182102163
39,0,C8,NONTARGET_CORRECT_REJECTION,0,,early,-0.45215193940412685
39,0,C8,NONTARGET_CORRECT_REJECTION,0,,late,-1.0535280817346366
39,0,C4,NONTARGET_CORRECT_REJECTION,0,,early,5.173596832714318
39,0,C4,NONTARGET_CORRECT_REJECTION,0,,late,2.0754837880098664
39,0,C1,NONTARGET_CORRECT_REJECTION,0,,early,2.5037608850509296
39,0,C1,NONTARGET_CORRECT_REJECTION,0,,late,-1.5157825384934978
39,0,C7,NONTARGET_CORRECT_REJECTION,0,,early,-2.646465640591185
39,0,C7,NONTARGET_CORRECT_REJECTION,0,,late,0.6620537598881886
39,0,C10,NONTARGET_CORRECT_REJECTION,0,,early,-3.200177740481944
39,0,C10,NONTARGET_CORRECT_REJECTION,0,,late,-1.8168276280052646
39,0,C5,NONTARGET_CORRECT_REJECTION,0,,early,-1.3988871609893125
39,0,C5,NONTARGET_CORRECT_REJECTION,0,,late,-2.118228432203691
39,0,C10,NONTARGET_CORRECT_REJECTION,0,,early,-1.8998735031208005
39,0,C10,NONTARGET_CORRECT_REJECTION,0,,late,0.5197306758735696
39,0,C9,NONTARGET_CORRECT_REJECTION,0,,early,-1.9268962461146983
39,0,C9,NONTARGET_CORRECT_REJECTION,0,,late,-0.45657485054900193
39,0,C2,NONTARGET_CORRECT_REJECTION,0,,early,1.3357686436540375
39,0,C2,NONTARGET_CORRECT_REJECTION,0,,late,0.13712217802331744
39,0,C8,NONTARGET_CORRECT_REJECTION,0,,early,-8.918910614001373
39,0,C8,NONTARGET_CORRECT_REJECTION,0,,late,-3.141912525285913
39,0,C7,NONTARGET_CORRECT_REJECTION,0,,early,3.661061858278049
39,0,C7,NONTARGET_CORRECT_REJECTION,0,,late,0.5096178622936456
39,0,C6,NONTARGET_CORRECT_REJECTION,0,,early,-1.9629130167951157
39,0,C6,NONTARGET_CORRECT_REJECTION,0,,late,-2.8829449260654103
39,0,C5,NONTARGET_CORRECT_REJECTION,0,,early,-1.0740817836218102
39,0,C5,NONTARGET_CORRECT_REJECTION,0,,late,-2.4116225096622235
39,0,C4,NONTARGET_CORRECT_REJECTION,0,,early,-0.979661432958605
39,0,C4,NONTARGET_CORRECT_REJECTION,0,,late,2.6566089621467235
39,0,C3,NONTARGET_CORRECT_REJECTION,0,,early,-3.658014763941975
39,0,C3,NONTARGET_CORRECT_REJECTION,0,,late,-1.737910434733233
39,0,C1,NONTARGET_CORRECT_REJECTION,0,,early,2.183923460103092
39,0,C1,NONTARGET_CORRECT_REJECTION,0,,late,-3.4832699269383416
39,0,C2,NONTARGET_CORRECT_REJECTION,0,,early,-1.953522613868396
39,0,C2,NONTARGET_CORRECT_REJECTION,0,,late,-0.6282315916904686
39,0,C9,NONTARGET_CORRECT_REJECTION,0,,early,0.42160034116461736
39,0,C9,NONTARGET_CORRECT_REJECTION,0,,late,-2.011138901494032
39,1,C6,NONTARGET_CORRECT_REJECTION,0,,early,0.9439238807428437
39,1,C6,NONTARGET_CORRECT_REJECTION,0,,late,-2.012131293641862
39,1,C1,NONTARGET_CORRECT_REJECTION,0,,early,3.073982667280279
39,1,C1,NONTARGET_CORRECT_REJECTION,0,,late,-1.4341410028623318
39,1,C4,NONTARGET_CORRECT_REJECTION,0,,early,0.9316348025143782
39,1,C4,NONTARGET_CORRECT_REJECTION,0,,late,-1.5692231374057195
39,1,C3,NONTARGET_FALSE_ALARM,1,978.7000000000116,early,-0.9163284343996445
39,1,C3,NONTARGET_FALSE_ALARM,1,978.7000000000116,late,0.6286778079724207
39,1,C5,NONTARGET_CORRECT_REJECTION,0,,early,-2.2276254011499903
39,1,C5,NONTARGET_CORRECT_REJECTION,0,,late,-1.837806472589983
39,1,P1,NONTARGET_CORRECT_REJECTION,0,,early,6.0526812232848926
39,1,P1,NONTARGET_CORRECT_REJECTION,0,,late,-1.4395678651523884
39,1,C8,NONTARGET_CORRECT_REJECTION,0,,early,-1.7845482611821224
39,1,C8,NONTARGET_CORRECT_REJECTION,0,,late,-1.495196518998207
39,1,P2,NONTARGET_CORRECT_REJECTION,0,,early,1.7532627640080245
39,1,P2,NONTARGET_CORRECT_REJECTION,0,,late,-1.1791278759718085
39,1,C7,NONTARGET_CORRECT_REJECTION,0,,early,2.077284397172609
39,1,C7,NONTARGET_CORRECT_REJECTION,0,,late,-2.566926467523072
39,1,C4,NONTARGET_CORRECT_REJECTION,0,,early,-3.9353207229288856
39,1,C4,NONTARGET_CORRECT_REJECTION,0,,late,0.16817615122739527
39,1,C3,NONTARGET_CORRECT_REJECTION,0,,early,2.487087404651873
39,1,C3,NONTARGET_CORRECT_REJECTION,0,,late,-3.920651911911247
39,1,C1,NONTARGET_CORRECT_REJECTION,0,,early,4.123206550885188
39,1,C1,NONTARGET_CORRECT_REJECTION,0,,late,0.36882219098770935
39,1,C7,NONTARGET_CORRECT_REJECTION,0,,early,-0.9889352956707816
39,1,C7,NONTARGET_CORRECT_REJECTION,0,,late,-2.496233922761384
39,1,C6,NONTARGET_CORRECT_REJECTION,0,,early,2.8563564955831664
39,1,C6,NONTARGET_CORRECT_REJECTION,0,,late,1.5149078582772169
39,1,C5,NONTARGET_CORRECT_REJECTION,0,,early,2.7165711484757304
39,1,C5,NONTARGET_CORRECT_REJECTION,0,,late,-4.089921702516903
39,1,P2,NONTARGET_CORRECT_REJECTION,0,,early,-1.0120117167141103
39,1,P2,NONTARGET_CORRECT_REJECTION,0,,late,-4.2550827051168
39,1,C1,NONTARGET_CORRECT_REJECTION,0,,early,-4.341408733152247
39,1,C1,NONTARGET_CORRECT_REJECTION,0,,late,-1.3779620896105265
39,1,P4,NONTARGET_CORRECT_REJECTION,0,,early,-4.034531777177579
39,1,P4,NONTARGET_CORRECT_REJECTION,0,,late,0.7207839333880857
39,1,P1,NONTARGET_CORRECT_REJECTION,0,,early,-1.8230606096065651
39,1,P1,NONTARGET_CORRECT_REJECTION,0,,late,-3.7272052721512208
39,1,C10,NONTARGET_CORRECT_REJECTION,0,,early,0.2689854011047218
39,1,C10,NONTARGET_CORRECT_REJECTION,0,,late,-1.1243338823604616
39,1,C6,NONTARGET_CORRECT_REJECTION,0,,early,-0.7488302501323107
39,1,C6,NONTARGET_CORRECT_REJECTION,0,,late,-3.12512964992553
39,1,C5,NONTARGET_CORRECT_REJECTION,0,,early,1.5013122937838805
39,1,C5,NONTARGET_CORRECT_REJECTION,0,,late,-2.478569811694897
39,1,C10,NONTARGET_CORRECT_REJECTION,0,,early,1.1467167243990966
39,1,C10,NONTARGET_CORRECT_REJECTION,0,,late,-1.310651294109996
39,1,P4,NONTARGET_CORRECT_REJECTION,0,,early,1.6387005952653115
39,1,P4,NONTARGET_CORRECT_REJECTION,0,,late,-1.951610088730177
39,1,P3,NONTARGET_CORRECT_REJECTION,0,,early,6.598933959299285
39,1,P3,NONTARGET_CORRECT_REJECTION,0,,late,-2.1472943030217144
39,1,C5,NONTARGET_CORRECT_REJECTION,0,,early,-3.2701500044987886
39,1,C5,NONTARGET_CORRECT_REJECTION,0,,late,1.433158972406182
39,1,C2,NONTARGET_CORRECT_REJECTION,0,,early,0.8456074242270687
39,1,C2,NONTARGET_CORRECT_REJECTION,0,,late,-3.320502801976237
39,1,P4,NONTARGET_CORRECT_REJECTION,0,,early,-3.8208609125391058
39,1,P4,NONTARGET_CORRECT_REJECTION,0,,late,-1.8743765090687257
39,1,C8,NONTARGET_CORRECT_REJECTION,0,,early,1.4349055186822743
39,1,C8,NONTARGET_CORRECT_REJECTION,0,,late,-0.6290607203962539
39,1,P3,NONTARGET_CORRECT_REJECTION,0,,early,-1.3809501728404006
39,1,P3,NONTARGET_CORRECT_REJECTION,0,,late,-3.6700820048069622
39,1,C9,NONTARGET_CORRECT_REJECTION,0,,early,-3.085970618015207
39,1,C9,NONTARGET_CORRECT_REJECTION,0,,late,1.7703009579849727
39,1,C7,NONTARGET_FALSE_ALARM,1,525.7000000000116,early,0.2882134471291755
39,1,C7,NONTARGET_FALSE_ALARM,1,525.7000000000116,late,-2.494868104053468
39,1,C4,NONTARGET_CORRECT_REJECTION,0,,early,3.435062036511101
39,1,C4,NONTARGET_CORRECT_REJECTION,0,,late,-1.6935773138521468
39,1,C2,NONTARGET_CORRECT_REJECTION,0,,early,0.33876817035662043
39,1,C2,NONTARGET_CORRECT_REJECTION,0,,late,-5.6043610327069375
39,1,C10,NONTARGET_CORRECT_REJECTION,0,,early,1.4485494391005194
39,1,C10,NONTARGET_CORRECT_REJECTION,0,,late,-4.70305202416232
39,1,C1,NONTARGET_CORRECT_REJECTION,0,,early,-3.8516135337651503
39,1,C1,NONTARGET_CORRECT_REJECTION,0,,late,-4.687421320922343
39,1,C6,NONTARGET_CORRECT_REJECTION,0,,early,1.9207142271322648
39,1,C6,NONTARGET_CORRECT_REJECTION,0,,late,-2.2103853140421523
39,1,P4,NONTARGET_CORRECT_REJECTION,0,,early,1.399713963123502
39,1,P4,NONTARGET_CORRECT_REJECTION,0,,late,-0.9116059835717183
39,1,C8,NONTARGET_CORRECT_REJECTION,0,,early,-6.7448978537077915
39,1,C8,NONTARGET_CORRECT_REJECTION,0,,late,-5.355643106707695
39,1,P2,NONTARGET_CORRECT_REJECTION,0,,early,1.264258717089936
39,1,P2,NONTARGET_CORRECT_REJECTION,0,,late,-2.0833461425058846
39,1,C4,NONTARGET_CORRECT_REJECTION,0,,early,-0.12574104094702343
39,1,C4,NONTARGET_CORRECT_REJECTION,0,,late,-3.294246391729824
39,1,C1,NONTARGET_CORRECT_REJECTION,0,,early,-0.8058928959344965
39,1,C1,NONTARGET_CORRECT_REJECTION,0,,late,-0.9084266288636952
39,1,C6,NONTARGET_CORRECT_REJECTION,0,,early,3.9034110730682094
39,1,C6,NONTARGET_CORRECT_REJECTION,0,,late,-0.871238644055131
39,1,P4,NONTARGET_CORRECT_REJECTION,0,,early,-1.14411930670295
39,1,P4,NONTARGET_CORRECT_REJECTION,0,,late,-0.25570883003893236
39,1,C3,NONTARGET_CORRECT_REJECTION,0,,early,4.491144179891509
39,1,C3,NONTARGET_CORRECT_REJECTION,0,,late,-0.7348734195924449
39,1,P1,NONTARGET_CORRECT_REJECTION,0,,early,4.328043163202399
39,1,P1,NONTARGET_CORRECT_REJECTION,0,,late,-1.5913028461758194
39,1,C10,NONTARGET_CORRECT_REJECTION,0,,early,3.8992605288826896
39,1,C10,NONTARGET_CORRECT_REJECTION,0,,late,3.389286802783535
39,1,C5,NONTARGET_CORRECT_REJECTION,0,,early,1.2099512387016462
39,1,C5,NONTARGET_CORRECT_REJECTION,0,,late,-1.9530736086465428
39,1,C9,NONTARGET_CORRECT_REJECTION,0,,early,-1.8772994203255615
39,1,C9,NONTARGET_CORRECT_REJECTION,0,,late,-1.2305089989026678
39,1,C7,NONTARGET_CORRECT_REJECTION,0,,early,1.4225133610867595
39,1,C7,NONTARGET_CORRECT_REJECTION,0,,late,-3.4108634906366344
39,1,C4,NONTARGET_CORRECT_REJECTION,0,,early,1.2723145295830063
39,1,C4,NONTARGET_CORRECT_REJECTION,0,,late,-1.8236980289698526
39,1,P1,NONTARGET_CORRECT_REJECTION,0,,early,-0.14162257816799986
39,1,P1,NONTARGET_CORRECT_REJECTION,0,,late,-0.3712187186762507
39,1,C6,NONTARGET_CORRECT_REJECTION,0,,early,1.2762423313960234
39,1,C6,NONTARGET_CORRECT_REJECTION,0,,late,-1.0641661778138412
39,1,P4,NONTARGET_CORRECT_REJECTION,0,,early,2.6921602352671834
39,1,P4,NONTARGET_CORRECT_REJECTION,0,,late,-0.7776051082896518
39,1,P2,NONTARGET_CORRECT_REJECTION,0,,early,-1.1578530161534528
39,1,P2,NONTARGET_CORRECT_REJECTION,0,,late,0.4639359021215009
39,1,C1,NONTARGET_CORRECT_REJECTION,0,,early,-1.3810194595367864
39,1,C1,NONTARGET_CORRECT_REJECTION,0,,late,-0.9204453760422115
39,1,C8,NONTARGET_CORRECT_REJECTION,0,,early,-4.081507815352972
39,1,C8,NONTARGET_CORRECT_REJECTION,0,,late,-3.9711650427689054
39,1,C3,NONTARGET_CORRECT_REJECTION,0,,early,-2.6211611258771055
39,1,C3,NONTARGET_CORRECT_REJECTION,0,,late,-2.5335465980217733
39,1,C4,NONTARGET_CORRECT_REJECTION,0,,early,2.960165855911507
39,1,C4,NONTARGET_CORRECT_REJECTION,0,,late,0.8067344789884945
39,1,C8,NONTARGET_CORRECT_REJECTION,0,,early,1.3925709840345748
39,1,C8,NONTARGET_CORRECT_REJECTION,0,,late,-0.7302908130346131
39,1,P2,NONTARGET_CORRECT_REJECTION,0,,early,2.2484020981853066
39,1,P2,NONTARGET_CORRECT_REJECTION,0,,late,-2.899720776361394
39,1,C5,NONTARGET_CORRECT_REJECTION,0,,early,-2.159321777500861
39,1,C5,NONTARGET_CORRECT_REJECTION,0,,late,-3.896340800839679
39,1,C6,NONTARGET_CORRECT_REJECTION,0,,early,-5.158902491780906
39,1,C6,NONTARGET_CORRECT_REJECTION,0,,late,-0.4599660658290607
39,1,C2,NONTARGET_CORRECT_REJECTION,0,,early,-2.0268199004836873
39,1,C2,NONTARGET_CORRECT_REJECTION,0,,late,-1.9666090797481093
39,1,P3,NONTARGET_CORRECT_REJECTION,0,,early,-1.0979652752595037
39,1,P3,NONTARGET_CORRECT_REJECTION,0,,late,-0.3221350833620096
39,1,C9,NONTARGET_CORRECT_REJECTION,0,,early,2.7410157797664976
39,1,C9,NONTARGET_CORRECT_REJECTION,0,,late,-3.4226204193518313
39,1,C10,NONTARGET_CORRECT_REJECTION,0,,early,-4.729030329189296
39,1,C10,NONTARGET_CORRECT_REJECTION,0,,late,-2.9560994449973843
39,1,P4,NONTARGET_CORRECT_REJECTION,0,,early,-3.2743101448135663
39,1,P4,NONTARGET_CORRECT_REJECTION,0,,late,-1.8483182022701843
39,1,C7,NONTARGET_CORRECT_REJECTION,0,,early,-1.7092268830007673
39,1,C7,NONTARGET_CORRECT_REJECTION,0,,late,-1.1746850115170273
39,1,C5,NONTARGET_CORRECT_REJECTION,0,,early,-4.2540770988631325
39,1,C5,NONTARGET_CORRECT_REJECTION,0,,late,-2.784628539319642
39,1,C6,NONTARGET_CORRECT_REJECTION,0,,early,3.3057886464191144
39,1,C6,NONTARGET_CORRECT_REJECTION,0,,late,-4.132680013474271
39,1,C4,NONTARGET_CORRECT_REJECTION,0,,early,3.0862845735232507
39,1,C4,NONTARGET_CORRECT_REJECTION,0,,late,1.2733423500066146
39,2,C7,NONTARGET_CORRECT_REJECTION,0,,early,5.710379443383427
39,2,C7,NONTARGET_CORRECT_REJECTION,0,,late,1.5760748824046107
39,2,P2,NONTARGET_CORRECT_REJECTION,0,,early,2.081667813518065
39,2,P2,NONTARGET_CORRECT_REJECTION,0,,late,0.4407981491146864
39,2,C3,NONTARGET_CORRECT_REJECTION,0,,early,3.426862404719689
39,2,C3,NONTARGET_CORRECT_REJECTION,0,,late,0.689456692288778
39,2,C5,NONTARGET_CORRECT_REJECTION,0,,early,-3.6570093540787814
39,2,C5,NONTARGET_CORRECT_REJECTION,0,,late,-4.318635243043916
39,2,C8,NONTARGET_CORRECT_REJECTION,0,,early,6.211530452496541
39,2,C8,NONTARGET_CORRECT_REJECTION,0,,late,-0.03131368850175763
39,2,C9,NONTARGET_CORRECT_REJECTION,0,,early,-3.5825418117751067
39,2,C9,NONTARGET_CORRECT_REJECTION,0,,late,-3.056935771702929
39,2,P1,NONTARGET_CORRECT_REJECTION,0,,early,-1.3793192035767214
39,2,P1,NONTARGET_CORRECT_REJECTION,0,,late,-0.8471535687061212
39,2,P3,NONTARGET_CORRECT_REJECTION,0,,early,-0.3723216957408138
39,2,P3,NONTARGET_CORRECT_REJECTION,0,,late,1.5683212786963585
39,2,P1,NONTARGET_CORRECT_REJECTION,0,,early,-0.5346307857045373
39,2,P1,NONTARGET_CORRECT_REJECTION,0,,late,1.4158196777788594
39,2,C2,NONTARGET_CORRECT_REJECTION,0,,early,0.10452143503163672
39,2,C2,NONTARGET_CORRECT_REJECTION,0,,late,-3.857254528278308
39,2,C1,NONTARGET_CORRECT_REJECTION,0,,early,1.563449665322404
39,2,C1,NONTARGET_CORRECT_REJECTION,0,,late,-2.2933739157073068
39,2,P3,NONTARGET_CORRECT_REJECTION,0,,early,1.4314565227543339
39,2,P3,NONTARGET_CORRECT_REJECTION,0,,late,-2.6955734255447426
39,2,C7,NONTARGET_CORRECT_REJECTION,0,,early,-2.5745930798071117
39,2,C7,NONTARGET_CORRECT_REJECTION,0,,late,0.12202810579768461
39,2,P1,NONTARGET_FALSE_ALARM,1,686.0,early,4.1427845860676324
39,2,P1,NONTARGET_FALSE_ALARM,1,686.0,late,-1.8220512012920638
39,2,C9,NONTARGET_CORRECT_REJECTION,0,,early,-2.4031247999600733
39,2,C9,NONTARGET_CORRECT_REJECTION,0,,late,-0.8290597888789053
39,2,P4,NONTARGET_CORRECT_REJECTION,0,,early,-1.1412612635648285
39,2,P4,NONTARGET_CORRECT_REJECTION,0,,late,-0.8461785277955676
39,2,C6,NONTARGET_CORRECT_REJECTION,0,,early,4.303199214532831
39,2,C6,NONTARGET_CORRECT_REJECTION,0,,late,2.5692923846303564
39,2,C8,NONTARGET_CORRECT_REJECTION,0,,early,-1.2205475468441502
39,2,C8,NONTARGET_CORRECT_REJECTION,0,,late,-1.7190538565444395
39,2,C5,NONTARGET_CORRECT_REJECTION,0,,early,0.07060816593639144
39,2,C5,NONTARGET_CORRECT_REJECTION,0,,late,-3.31828896264759
39,2,C3,NONTARGET_CORRECT_REJECTION,0,,early,0.238508731568905
39,2,C3,NONTARGET_CORRECT_REJECTION,0,,late,1.8094015981986555
39,2,C1,NONTARGET_CORRECT_REJECTION,0,,early,5.5850034322357995
39,2,C1,NONTARGET_CORRECT_REJECTION,0,,late,0.7801938757842221
39,2,P4,NONTARGET_CORRECT_REJECTION,0,,early,2.0770573931635647
39,2,P4,NONTARGET_CORRECT_REJECTION,0,,late,-1.285516577005357
39,2,C10,NONTARGET_CORRECT_REJECTION,0,,early,-3.8759977313534995
39,2,C10,NONTARGET_CORRECT_REJECTION,0,,late,0.20521427078411336
39,2,C8,NONTARGET_FALSE_ALARM,1,456.0,early,0.2616469447768593
39,2,C8,NONTARGET_FALSE_ALARM,1,456.0,late,-3.963469389555866
39,2,C6,NONTARGET_CORRECT_REJECTION,0,,early,3.0590206473491977
39,2,C6,NONTARGET_CORRECT_REJECTION,0,,late,-1.2776676510243685
39,2,C7,NONTARGET_CORRECT_REJECTION,0,,early,-2.6385311860174943
39,2,C7,NONTARGET_CORRECT_REJECTION,0,,late,-1.1053013833374201
39,2,C6,NONTARGET_FALSE_ALARM,1,854.0,early,2.7016806113491714
39,2,C6,NONTARGET_FALSE_ALARM,1,854.0,late,2.1574050155292124
39,2,C5,NONTARGET_CORRECT_REJECTION,0,,early,2.7193194203723543
39,2,C5,NONTARGET_CORRECT_REJECTION,0,,late,0.3438456310505553
39,2,C4,NONTARGET_CORRECT_REJECTION,0,,early,-0.8860904163023595
39,2,C4,NONTARGET_CORRECT_REJECTION,0,,late,-1.7851471534154515
39,2,C2,NONTARGET_CORRECT_REJECTION,0,,early,0.48033314317007625
39,2,C2,NONTARGET_CORRECT_REJECTION,0,,late,-1.1068543823007688
39,2,C1,NONTARGET_CORRECT_REJECTION,0,,early,0.22628795954983386
39,2,C1,NONTARGET_CORRECT_REJECTION,0,,late,-4.036048093036912
39,2,C10,NONTARGET_CORRECT_REJECTION,0,,early,-0.5907533734818837
39,2,C10,NONTARGET_CORRECT_REJECTION,0,,late,-2.1850080078982734
39,2,P1,NONTARGET_CORRECT_REJECTION,0,,early,4.431471934462372
39,2,P1,NONTARGET_CORRECT_REJECTION,0,,late,1.0058515785433386
39,2,C9,NONTARGET_CORRECT_REJECTION,0,,early,1.3822283798205819
39,2,C9,NONTARGET_CORRECT_REJECTION,0,,late,0.24204787202180728
39,2,C5,NONTARGET_CORRECT_REJECTION,0,,early,2.007714245708982
39,2,C5,NONTARGET_CORRECT_REJECTION,0,,late,1.5048378797859887
39,2,C4,NONTARGET_CORRECT_REJECTION,0,,early,3.8547224716435644
39,2,C4,NONTARGET_CORRECT_REJECTION,0,,late,0.21337680841079207
39,2,C8,NONTARGET_CORRECT_REJECTION,0,,early,-0.2455334449509381
39,2,C8,NONTARGET_CORRECT_REJECTION,0,,late,-1.174119381477874
39,2,C10,NONTARGET_CORRECT_REJECTION,0,,early,0.9978864066133997
39,2,C10,NONTARGET_CORRECT_REJECTION,0,,late,-2.5905418193080916
39,2,C1,NONTARGET_CORRECT_REJECTION,0,,early,4.876570975479562
39,2,C1,NONTARGET_CORRECT_REJECTION,0,,late,3.488230862225793
39,2,P4,NONTARGET_CORRECT_REJECTION,0,,early,-8.34479730187518
39,2,P4,NONTARGET_CORRECT_REJECTION,0,,late,-1.6240366338827903
39,2,P3,NONTARGET_CORRECT_REJECTION,0,,early,0.21441326605300323
39,2,P3,NONTARGET_CORRECT_REJECTION,0,,late,0.046782039106732384
39,2,C3,NONTARGET_CORRECT_REJECTION,0,,early,-0.23255457753894881
39,2,C3,NONTARGET_CORRECT_REJECTION,0,,late,-2.1843778512543035
39,2,C7,NONTARGET_CORRECT_REJECTION,0,,early,3.1173908300051694
39,2,C7,NONTARGET_CORRECT_REJECTION,0,,late,-4.514436695321463
39,2,C4,NONTARGET_CORRECT_REJECTION,0,,early,-1.8095613094003857
39,2,C4,NONTARGET_CORRECT_REJECTION,0,,late,-1.93087588629803
39,2,C10,NONTARGET_CORRECT_REJECTION,0,,early,-6.5910061174838335
39,2,C10,NONTARGET_CORRECT_REJECTION,0,,late,-4.515795590070996
39,2,P4,NONTARGET_CORRECT_REJECTION,0,,early,1.996109251940627
39,2,P4,NONTARGET_CORRECT_REJECTION,0,,late,-2.965126660927842
39,2,C6,NONTARGET_CORRECT_REJECTION,0,,early,1.7017687132373138
39,2,C6,NONTARGET_CORRECT_REJECTION,0,,late,-0.4565276852790068
39,2,C8,NONTARGET_CORRECT_REJECTION,0,,early,-4.263415957897791
39,2,C8,NONTARGET_CORRECT_REJECTION,0,,late,-4.1409671096764935
39,2,P1,NONTARGET_CORRECT_REJECTION,0,,early,0.9269753381076359
39,2,P1,NONTARGET_CORRECT_REJECTION,0,,late,0.12622644599436986
39,2,C7,NONTARGET_CORRECT_REJECTION,0,,early,-3.04701995170496
39,2,C7,NONTARGET_CORRECT_REJECTION,0,,late,-0.17340361172333027
39,2,P3,NONTARGET_CORRECT_REJECTION,0,,early,1.8891370842727193
39,2,P3,NONTARGET_CORRECT_REJECTION,0,,late,-3.221820035445725
39,2,C5,NONTARGET_CORRECT_REJECTION,0,,early,1.344030566650485
39,2,C5,NONTARGET_CORRECT_REJECTION,0,,late,-0.8464998550309862
39,2,C3,NONTARGET_CORRECT_REJECTION,0,,early,3.7331457052685275
39,2,C3,NONTARGET_CORRECT_REJECTION,0,,late,-3.229864645792942
39,2,C4,NONTARGET_CORRECT_REJECTION,0,,early,-0.198231922188575
39,2,C4,NONTARGET_CORRECT_REJECTION,0,,late,-3.4178444336952905
39,2,C2,NONTARGET_CORRECT_REJECTION,0,,early,-2.54263123637598
39,2,C2,NONTARGET_CORRECT_REJECTION,0,,late,1.67937829551331
39,2,C7,NONTARGET_CORRECT_REJECTION,0,,early,1.6286498432108363
39,2,C7,NONTARGET_CORRECT_REJECTION,0,,late,-2.712861460091298
39,2,C6,NONTARGET_CORRECT_REJECTION,0,,early,-1.4486808603277117
39,2,C6,NONTARGET_CORRECT_REJECTION,0,,late,-4.1072501203239495
39,2,C5,NONTARGET_CORRECT_REJECTION,0,,early,2.028544690232709
39,2,C5,NONTARGET_CORRECT_REJECTION,0,,late,-3.469128628682839
39,2,C3,NONTARGET_CORRECT_REJECTION,0,,early,-0.4423971539676779
39,2,C3,NONTARGET_CORRECT_REJECTION,0,,late,-0.5398417479144758
39,2,P1,NONTARGET_CORRECT_REJECTION,0,,early,-6.694740165128713
39,2,P1,NONTARGET_CORRECT_REJECTION,0,,late,-4.66684177086604
39,2,P4,NONTARGET_CORRECT_REJECTION,0,,early,-2.5914511119608963
39,2,P4,NONTARGET_CORRECT_REJECTION,0,,late,-0.958228423290212
39,2,C10,NONTARGET_CORRECT_REJECTION,0,,early,-2.5317603955076384
39,2,C10,NONTARGET_CORRECT_REJECTION,0,,late,-1.393046244637022
39,2,P2,NONTARGET_CORRECT_REJECTION,0,,early,3.022036659897926
39,2,P2,NONTARGET_CORRECT_REJECTION,0,,late,0.8468644460878053
39,2,C1,NONTARGET_CORRECT_REJECTION,0,,early,-4.515008569372172
39,2,C1,NONTARGET_CORRECT_REJECTION,0,,late,-4.193464657585262
39,2,C9,NONTARGET_CORRECT_REJECTION,0,,early,1.1648694552870442
39,2,C9,NONTARGET_CORRECT_REJECTION,0,,late,-1.68605830016123
39,2,C8,NONTARGET_CORRECT_REJECTION,0,,early,-1.2770754217480638
39,2,C8,NONTARGET_CORRECT_REJECTION,0,,late,-2.4317585300693656
39,2,P1,NONTARGET_CORRECT_REJECTION,0,,early,-0.4429471766981976
39,2,P1,NONTARGET_CORRECT_REJECTION,0,,late,-1.6585562717747182
39,2,C7,NONTARGET_CORRECT_REJECTION,0,,early,-5.049463857259976
39,2,C7,NONTARGET_CORRECT_REJECTION,0,,late,-2.170395150641672
39,2,C10,NONTARGET_CORRECT_REJECTION,0,,early,3.2496570187659635
39,2,C10,NONTARGET_CORRECT_REJECTION,0,,late,-1.548760719861577
39,2,C4,NONTARGET_CORRECT_REJECTION,0,,early,-1.8199394905435182
39,2,C4,NONTARGET_CORRECT_REJECTION,0,,late,-2.484416943884625
39,2,C3,NONTARGET_CORRECT_REJECTION,0,,early,6.448533779029105
39,2,C3,NONTARGET_CORRECT_REJECTION,0,,late,-0.71208362164879
39,2,P2,NONTARGET_CORRECT_REJECTION,0,,early,-0.40624385289921167
39,2,P2,NONTARGET_CORRECT_REJECTION,0,,late,-0.9581807977380697
39,2,C5,NONTARGET_CORRECT_REJECTION,0,,early,0.5830190970442979
39,2,C5,NONTARGET_CORRECT_REJECTION,0,,late,1.8271649823464642
39,2,C2,NONTARGET_CORRECT_REJECTION,0,,early,-4.058311561568547
39,2,C2,NONTARGET_CORRECT_REJECTION,0,,late,-2.1197630337072337
39,2,C9,NONTARGET_CORRECT_REJECTION,0,,early,0.42321751511567046
39,2,C9,NONTARGET_CORRECT_REJECTION,0,,late,-0.36749246731429913
40,0,C8,NONTARGET_FALSE_ALARM,1,488.7000000000044,early,-2.1878084778182303
40,0,C8,NONTARGET_FALSE_ALARM,1,488.7000000000044,late,-4.2407637783654035
40,0,C9,NONTARGET_CORRECT_REJECTION,0,,early,-2.836068746284046
40,0,C9,NONTARGET_CORRECT_REJECTION,0,,late,-3.9824268360719226
40,0,C5,NONTARGET_CORRECT_REJECTION,0,,early,-3.4290152212398795
40,0,C5,NONTARGET_CORRECT_REJECTION,0,,late,0.28036791905078606
40,0,C10,NONTARGET_CORRECT_REJECTION,0,,early,-1.2350248365579595
40,0,C10,NONTARGET_CORRECT_REJECTION,0,,late,0.9922684384907247
40,0,C7,NONTARGET_CORRECT_REJECTION,0,,early,0.4174623860845975
40,0,C7,NONTARGET_CORRECT_REJECTION,0,,late,-0.05623319092549624
40,0,C1,NONTARGET_CORRECT_REJECTION,0,,early,-2.05057001698548
40,0,C1,NONTARGET_CORRECT_REJECTION,0,,late,-5.395441804584148
40,0,C4,NONTARGET_CORRECT_REJECTION,0,,early,-4.210789276026503
40,0,C4,NONTARGET_CORRECT_REJECTION,0,,late,-2.7296455611986685
40,0,C6,NONTARGET_CORRECT_REJECTION,0,,early,2.3594335847746706
40,0,C6,NONTARGET_CORRECT_REJECTION,0,,late,-1.665238631789881
40,0,C2,NONTARGET_CORRECT_REJECTION,0,,early,0.9118309981618353
40,0,C2,NONTARGET_CORRECT_REJECTION,0,,late,-1.4050152632123165
40,0,C3,NONTARGET_CORRECT_REJECTION,0,,early,1.302900588641188
40,0,C3,NONTARGET_CORRECT_REJECTION,0,,late,0.13009121802022594
40,0,C8,NONTARGET_CORRECT_REJECTION,0,,early,-0.2676245467487625
40,0,C8,NONTARGET_CORRECT_REJECTION,0,,late,-1.9124797208717779
40,0,C6,NONTARGET_CORRECT_REJECTION,0,,early,-3.6230996043266672
40,0,C6,NONTARGET_CORRECT_REJECTION,0,,late,-3.2423311024816863
40,0,C3,NONTARGET_CORRECT_REJECTION,0,,early,-2.056055689478793
40,0,C3,NONTARGET_CORRECT_REJECTION,0,,late,-1.2305693699342455
40,0,C7,NONTARGET_CORRECT_REJECTION,0,,early,0.007172140474963658
40,0,C7,NONTARGET_CORRECT_REJECTION,0,,late,-1.1477487040877916
40,0,C9,NONTARGET_CORRECT_REJECTION,0,,early,1.712967156493391
40,0,C9,NONTARGET_CORRECT_REJECTION,0,,late,-1.1795405834639918
40,0,C4,NONTARGET_CORRECT_REJECTION,0,,early,-0.5039384720821177
40,0,C4,NONTARGET_CORRECT_REJECTION,0,,late,-2.1802693679372136
40,0,C5,NONTARGET_CORRECT_REJECTION,0,,early,2.1970147369460045
40,0,C5,NONTARGET_CORRECT_REJECTION,0,,late,-1.0662940543314838
40,0,C1,NONTARGET_CORRECT_REJECTION,0,,early,1.3160010069018835
40,0,C1,NONTARGET_CORRECT_REJECTION,0,,late,-3.068040565595634
40,0,C10,NONTARGET_CORRECT_REJECTION,0,,early,1.3563086629687289
40,0,C10,NONTARGET_CORRECT_REJECTION,0,,late,-2.3492238134127548
40,0,C2,NONTARGET_CORRECT_REJECTION,0,,early,-0.09165744011983216
40,0,C2,NONTARGET_CORRECT_REJECTION,0,,late,-4.257690704112708
40,0,C1,NONTARGET_CORRECT_REJECTION,0,,early,4.021365137486045
40,0,C1,NONTARGET_CORRECT_REJECTION,0,,late,0.8229539173037014
40,0,C2,NONTARGET_CORRECT_REJECTION,0,,early,1.3404037604778836
40,0,C2,NONTARGET_CORRECT_REJECTION,0,,late,-5.722574961026898
40,0,C7,NONTARGET_CORRECT_REJECTION,0,,early,-3.94448961954223
40,0,C7,NONTARGET_CORRECT_REJECTION,0,,late,-5.787976871444949
40,0,C3,NONTARGET_CORRECT_REJECTION,0,,early,2.441698249472011
40,0,C3,NONTARGET_CORRECT_REJECTION,0,,late,-1.4295958801617428
40,0,C9,NONTARGET_CORRECT_REJECTION,0,,early,-3.141241467986699
40,0,C9,NONTARGET_CORRECT_REJECTION,0,,late,-0.74152067658506
40,0,C8,NONTARGET_CORRECT_REJECTION,0,,early,-2.2554688622553742
40,0,C8,NONTARGET_CORRECT_REJECTION,0,,late,-4.71612208148609
40,0,C6,NONTARGET_CORRECT_REJECTION,0,,early,0.4500229806881483
40,0,C6,NONTARGET_CORRECT_REJECTION,0,,late,-3.5577705821198715
40,0,C10,NONTARGET_CORRECT_REJECTION,0,,early,-4.530070233291209
40,0,C10,NONTARGET_CORRECT_REJECTION,0,,late,-2.5863121834548597
40,0,C5,NONTARGET_CORRECT_REJECTION,0,,early,-0.8615198436070205
40,0,C5,NONTARGET_CORRECT_REJECTION,0,,late,-1.700845213276274
40,0,C4,NONTARGET_CORRECT_REJECTION,0,,early,-1.677514089377379
40,0,C4,NONTARGET_CORRECT_REJECTION,0,,late,-1.455749372777356
40,0,C10,NONTARGET_CORRECT_REJECTION,0,,early,-3.071948803079732
40,0,C10,NONTARGET_CORRECT_REJECTION,0,,late,0.5205256179114742
40,0,C2,NONTARGET_CORRECT_REJECTION,0,,early,-3.9348586431565997
40,0,C2,NONTARGET_CORRECT_REJECTION,0,,late,-4.182632576350093
40,0,C4,NONTARGET_CORRECT_REJECTION,0,,early,7.534857688765474
40,0,C4,NONTARGET_CORRECT_REJECTION,0,,late,0.18295827347625723
40,0,C6,NONTARGET_CORRECT_REJECTION,0,,early,1.5183435466489819
40,0,C6,NONTARGET_CORRECT_REJECTION,0,,late,-2.452309711505033
40,0,C5,NONTARGET_CORRECT_REJECTION,0,,early,-1.177832484209373
40,0,C5,NONTARGET_CORRECT_REJECTION,0,,late,0.6033026285846049
40,0,C9,NONTARGET_CORRECT_REJECTION,0,,early,-2.0067861040481376
40,0,C9,NONTARGET_CORRECT_REJECTION,0,,late,-0.7983676853004967
40,0,C3,NONTARGET_CORRECT_REJECTION,0,,early,2.524987457483509
40,0,C3,NONTARGET_CORRECT_REJECTION,0,,late,-1.8483004062197022
40,0,C1,NONTARGET_CORRECT_REJECTION,0,,early,3.2368369133678287
40,0,C1,NONTARGET_CORRECT_REJECTION,0,,late,-4.133276045935996
40,0,C7,NONTARGET_CORRECT_REJECTION,0,,early,-2.996671893501243
40,0,C7,NONTARGET_CORRECT_REJECTION,0,,late,-2.6103597472540487
40,0,C8,NONTARGET_CORRECT_REJECTION,0,,early,-3.221690834613887
40,0,C8,NONTARGET_CORRECT_REJECTION,0,,late,-1.0430339669004756
40,0,C8,NONTARGET_CORRECT_REJECTION,0,,early,-4.599582972948383
40,0,C8,NONTARGET_CORRECT_REJECTION,0,,late,-2.669540737352114
40,0,C5,NONTARGET_CORRECT_REJECTION,0,,early,-0.22654991734145308
40,0,C5,NONTARGET_CORRECT_REJECTION,0,,late,-2.5756095964389343
40,0,C7,NONTARGET_CORRECT_REJECTION,0,,early,-0.6631780169423884
40,0,C7,NONTARGET_CORRECT_REJECTION,0,,late,-2.9923839420785043
40,0,C6,NONTARGET_CORRECT_REJECTION,0,,early,-1.3621917445189622
40,0,C6,NONTARGET_CORRECT_REJECTION,0,,late,-2.1916599662909713
40,0,C1,NONTARGET_CORRECT_REJECTION,0,,early,-2.0131022903453863
40,0,C1,NONTARGET_CORRECT_REJECTION,0,,late,-3.276523041523285
40,0,C2,NONTARGET_CORRECT_REJECTION,0,,early,0.7857485421346774
40,0,C2,NONTARGET_CORRECT_REJECTION,0,,late,-0.9784430511590113
40,0,C4,NONTARGET_CORRECT_REJECTION,0,,early,-1.6724019207115153
40,0,C4,NONTARGET_CORRECT_REJECTION,0,,late,-5.124130971605968
40,0,C9,NONTARGET_CORRECT_REJECTION,0,,early,2.783778059708355
40,0,C9,NONTARGET_CORRECT_REJECTION,0,,late,1.4754626367827262
40,0,C3,NONTARGET_CORRECT_REJECTION,0,,early,0.017030438362478903
40,0,C3,NONTARGET_CORRECT_REJECTION,0,,late,-3.7163072888592503
40,0,C10,NONTARGET_CORRECT_REJECTION,0,,early,-0.8915519832564898
40,0,C10,NONTARGET_CORRECT_REJECTION,0,,late,-3.816901900846027
40,0,C9,NONTARGET_CORRECT_REJECTION,0,,early,-2.9268415759122046
40,0,C9,NONTARGET_CORRECT_REJECTION,0,,late,-5.350561061996604
40,0,C6,NONTARGET_CORRECT_REJECTION,0,,early,3.749169907751322
40,0,C6,NONTARGET_CORRECT_REJECTION,0,,late,-0.010332789637896803
40,0,C2,NONTARGET_CORRECT_REJECTION,0,,early,2.651826423661935
40,0,C2,NONTARGET_CORRECT_REJECTION,0,,late,0.22274191576170826
40,0,C3,NONTARGET_CORRECT_REJECTION,0,,early,3.297458745832029
40,0,C3,NONTARGET_CORRECT_REJECTION,0,,late,1.940771918712234
40,0,C8,NONTARGET_CORRECT_REJECTION,0,,early,1.1912127877538583
40,0,C8,NONTARGET_CORRECT_REJECTION,0,,late,-3.4799962991674303
40,0,C4,NONTARGET_CORRECT_REJECTION,0,,early,-2.0867652254398537
40,0,C4,NONTARGET_CORRECT_REJECTION,0,,late,0.1439800220545161
40,0,C1,NONTARGET_CORRECT_REJECTION,0,,early,0.939763693765027
40,0,C1,NONTARGET_CORRECT_REJECTION,0,,late,-0.6212805877611914
40,0,C7,NONTARGET_CORRECT_REJECTION,0,,early,1.2728638848370606
40,0,C7,NONTARGET_CORRECT_REJECTION,0,,late,-6.679664217709816
40,0,C10,NONTARGET_CORRECT_REJECTION,0,,early,-0.1570458684695188
40,0,C10,NONTARGET_CORRECT_REJECTION,0,,late,2.1551857569726476
40,0,C5,NONTARGET_CORRECT_REJECTION,0,,early,-0.7050978860688253
40,0,C5,NONTARGET_CORRECT_REJECTION,0,,late,-2.050516316927865
40,0,C10,NONTARGET_CORRECT_REJECTION,0,,early,-1.2404909189578763
40,0,C10,NONTARGET_CORRECT_REJECTION,0,,late,-3.1834781483787444
40,0,C9,NONTARGET_CORRECT_REJECTION,0,,early,-1.6270094034333573
40,0,C9,NONTARGET_CORRECT_REJECTION,0,,late,-0.5882879611476234
40,0,C2,NONTARGET_CORRECT_REJECTION,0,,early,2.6597557709455057
40,0,C2,NONTARGET_CORRECT_REJECTION,0,,late,-2.023567030604837
40,0,C8,NONTARGET_CORRECT_REJECTION,0,,early,1.1674101500131742
40,0,C8,NONTARGET_CORRECT_REJECTION,0,,late,-1.1748332978479228
40,0,C7,NONTARGET_CORRECT_REJECTION,0,,early,-6.134547120756041
40,0,C7,NONTARGET_CORRECT_REJECTION,0,,late,-4.816623947446474
40,0,C6,NONTARGET_CORRECT_REJECTION,0,,early,1.5705888852190737
40,0,C6,NONTARGET_CORRECT_REJECTION,0,,late,-3.461454603556299
40,0,C5,NONTARGET_CORRECT_REJECTION,0,,early,-7.263339265568738
40,0,C5,NONTARGET_CORRECT_REJECTION,0,,late,0.21179399255156514
40,0,C4,NONTARGET_CORRECT_REJECTION,0,,early,0.03627603529501194
40,0,C4,NONTARGET_CORRECT_REJECTION,0,,late,-1.0549848114386589
40,0,C3,NONTARGET_CORRECT_REJECTION,0,,early,-1.8703415405119925
40,0,C3,NONTARGET_CORRECT_REJECTION,0,,late,-5.248492724406112
40,0,C1,NONTARGET_CORRECT_REJECTION,0,,early,0.1829364666482773
40,0,C1,NONTARGET_CORRECT_REJECTION,0,,late,-0.6949323414307936
40,0,C2,NONTARGET_CORRECT_REJECTION,0,,early,-0.11573035252828966
40,0,C2,NONTARGET_CORRECT_REJECTION,0,,late,-2.359589625234945
40,0,C9,NONTARGET_CORRECT_REJECTION,0,,early,0.12533873326625952
40,0,C9,NONTARGET_CORRECT_REJECTION,0,,late,-5.758188679890956
40,1,C6,NONTARGET_CORRECT_REJECTION,0,,early,-0.6547691773117296
40,1,C6,NONTARGET_CORRECT_REJECTION,0,,late,-2.7625291960219074
40,1,C1,NONTARGET_CORRECT_REJECTION,0,,early,6.876152043736776
40,1,C1,NONTARGET_CORRECT_REJECTION,0,,late,0.20410923537958983
40,1,C4,NONTARGET_CORRECT_REJECTION,0,,early,-5.3758531353144745
40,1,C4,NONTARGET_CORRECT_REJECTION,0,,late,-3.7934844500216562
40,1,C3,NONTARGET_CORRECT_REJECTION,0,,early,-2.2557405876765535
40,1,C3,NONTARGET_CORRECT_REJECTION,0,,late,0.37142460993320914
40,1,C5,NONTARGET_CORRECT_REJECTION,0,,early,-1.6543570965938752
40,1,C5,NONTARGET_CORRECT_REJECTION,0,,late,-1.4815942305650083
40,1,P1,NONTARGET_CORRECT_REJECTION,0,,early,6.542276250888691
40,1,P1,NONTARGET_CORRECT_REJECTION,0,,late,0.05085739956677313
40,1,C8,NONTARGET_CORRECT_REJECTION,0,,early,0.05983332822787818
40,1,C8,NONTARGET_CORRECT_REJECTION,0,,late,-1.0914063101788118
40,1,P2,NONTARGET_CORRECT_REJECTION,0,,early,4.1333044088819895
40,1,P2,NONTARGET_CORRECT_REJECTION,0,,late,-3.2101660225445667
40,1,C7,NONTARGET_CORRECT_REJECTION,0,,early,-1.279102925968844
40,1,C7,NONTARGET_CORRECT_REJECTION,0,,late,-2.4436413055559503
40,1,C4,NONTARGET_CORRECT_REJECTION,0,,early,-1.2769235764623614
40,1,C4,NONTARGET_CORRECT_REJECTION,0,,late,-0.5842255729137449
40,1,C3,NONTARGET_CORRECT_REJECTION,0,,early,2.915219685318909
40,1,C3,NONTARGET_CORRECT_REJECTION,0,,late,-1.5703510400636878
40,1,C1,NONTARGET_CORRECT_REJECTION,0,,early,-2.195319898089135
40,1,C1,NONTARGET_CORRECT_REJECTION,0,,late,-2.849763479933614
40,1,C7,NONTARGET_CORRECT_REJECTION,0,,early,-4.096401215328593
40,1,C7,NONTARGET_CORRECT_REJECTION,0,,late,-5.308494621243494
40,1,C6,NONTARGET_CORRECT_REJECTION,0,,early,1.7736068686605715
40,1,C6,NONTARGET_CORRECT_REJECTION,0,,late,0.2231903625668948
40,1,C5,NONTARGET_CORRECT_REJECTION,0,,early,5.166651360477705
40,1,C5,NONTARGET_CORRECT_REJECTION,0,,late,0.6710292385344472
40,1,P2,NONTARGET_CORRECT_REJECTION,0,,early,7.612645043486799
40,1,P2,NONTARGET_CORRECT_REJECTION,0,,late,-1.65265209983118
40,1,C1,NONTARGET_CORRECT_REJECTION,0,,early,5.610906590459954
40,1,C1,NONTARGET_CORRECT_REJECTION,0,,late,-0.665940150201383
40,1,P4,NONTARGET_CORRECT_REJECTION,0,,early,-3.1603030505204006
40,1,P4,NONTARGET_CORRECT_REJECTION,0,,late,-1.727433267041108
40,1,P1,NONTARGET_CORRECT_REJECTION,0,,early,8.317635747746095
40,1,P1,NONTARGET_CORRECT_REJECTION,0,,late,-1.7944340501326344
40,1,C10,NONTARGET_CORRECT_REJECTION,0,,early,-0.002899369154408031
40,1,C10,NONTARGET_CORRECT_REJECTION,0,,late,-0.39641678597770713
40,1,C3,NONTARGET_CORRECT_REJECTION,0,,early,1.7452883045884464
40,1,C3,NONTARGET_CORRECT_REJECTION,0,,late,-2.308844215890392
40,1,C6,NONTARGET_CORRECT_REJECTION,0,,early,3.43221084946727
40,1,C6,NONTARGET_CORRECT_REJECTION,0,,late,-3.3294667078109645
40,1,C5,NONTARGET_CORRECT_REJECTION,0,,early,-0.8388777618201712
40,1,C5,NONTARGET_CORRECT_REJECTION,0,,late,-6.785208155931941
40,1,C10,NONTARGET_CORRECT_REJECTION,0,,early,-5.063091056125319
40,1,C10,NONTARGET_CORRECT_REJECTION,0,,late,-5.232480041500275
40,1,P4,NONTARGET_CORRECT_REJECTION,0,,early,-0.697626656009231
40,1,P4,NONTARGET_CORRECT_REJECTION,0,,late,-1.65400983997645
40,1,C2,NONTARGET_CORRECT_REJECTION,0,,early,3.395937287434717
40,1,C2,NONTARGET_CORRECT_REJECTION,0,,late,-1.1404520600325998
40,1,P4,NONTARGET_CORRECT_REJECTION,0,,early,1.3153448082894483
40,1,P4,NONTARGET_CORRECT_REJECTION,0,,late,-4.068903874958464
40,1,C8,NONTARGET_CORRECT_REJECTION,0,,early,-6.799891731306525
40,1,C8,NONTARGET_CORRECT_REJECTION,0,,late,0.23496467380473102
40,1,P3,NONTARGET_CORRECT_REJECTION,0,,early,4.2697570649464955
40,1,P3,NONTARGET_CORRECT_REJECTION,0,,late,-3.7140043078420444
40,1,C9,NONTARGET_CORRECT_REJECTION,0,,early,-3.382696112019987
40,1,C9,NONTARGET_CORRECT_REJECTION,0,,late,-3.9037773040524906
40,1,C7,NONTARGET_CORRECT_REJECTION,0,,early,-4.171926735675781
40,1,C7,NONTARGET_CORRECT_REJECTION,0,,late,-2.5236235441479633
40,1,C4,NONTARGET_CORRECT_REJECTION,0,,early,-6.273321419748074
40,1,C4,NONTARGET_CORRECT_REJECTION,0,,late,-3.4597975474553473
40,1,C2,NONTARGET_CORRECT_REJECTION,0,,early,-2.0079073415761584
40,1,C2,NONTARGET_CORRECT_REJECTION,0,,late,-4.7468770374760805
40,1,C10,NONTARGET_CORRECT_REJECTION,0,,early,-1.8879119517459342
40,1,C10,NONTARGET_CORRECT_REJECTION,0,,late,-3.930002893322627
40,1,C1,NONTARGET_CORRECT_REJECTION,0,,early,4.912775321084753
40,1,C1,NONTARGET_CORRECT_REJECTION,0,,late,-3.565762189311345
40,1,C6,NONTARGET_CORRECT_REJECTION,0,,early,1.235100120768556
40,1,C6,NONTARGET_CORRECT_REJECTION,0,,late,-2.3917976778693286
40,1,P4,NONTARGET_CORRECT_REJECTION,0,,early,3.4143163847578504
40,1,P4,NONTARGET_CORRECT_REJECTION,0,,late,-4.756389829404841
40,1,C8,NONTARGET_CORRECT_REJECTION,0,,early,-3.0662706962284334
40,1,C8,NONTARGET_CORRECT_REJECTION,0,,late,-2.391455770643942
40,1,P2,NONTARGET_CORRECT_REJECTION,0,,early,7.04177156613161
40,1,P2,NONTARGET_CORRECT_REJECTION,0,,late,-1.320153588384139
40,1,C4,NONTARGET_CORRECT_REJECTION,0,,early,-0.5322239361249058
40,1,C4,NONTARGET_CORRECT_REJECTION,0,,late,0.44224365764214546
40,1,C1,NONTARGET_CORRECT_REJECTION,0,,early,0.8577984360670294
40,1,C1,NONTARGET_CORRECT_REJECTION,0,,late,0.13476649913576721
40,1,C2,NONTARGET_CORRECT_REJECTION,0,,early,-1.8544484817642073
40,1,C2,NONTARGET_CORRECT_REJECTION,0,,late,-4.092656742597419
40,1,C6,NONTARGET_CORRECT_REJECTION,0,,early,-2.907032608826675
40,1,C6,NONTARGET_CORRECT_REJECTION,0,,late,-5.954933967569021
40,1,P4,NONTARGET_CORRECT_REJECTION,0,,early,2.99987602956226
40,1,P4,NONTARGET_CORRECT_REJECTION,0,,late,-1.6697045289979242
40,1,C3,NONTARGET_CORRECT_REJECTION,0,,early,-2.6258663077441313
40,1,C3,NONTARGET_CORRECT_REJECTION,0,,late,-4.606409959557887
40,1,P1,NONTARGET_CORRECT_REJECTION,0,,early,5.779210945897627
40,1,P1,NONTARGET_CORRECT_REJECTION,0,,late,-3.187356833106403
40,1,C10,NONTARGET_CORRECT_REJECTION,0,,early,0.33928688336414436
40,1,C10,NONTARGET_CORRECT_REJECTION,0,,late,-4.670596243582085
40,1,C5,NONTARGET_CORRECT_REJECTION,0,,early,2.8549239658125853
40,1,C5,NONTARGET_CORRECT_REJECTION,0,,late,-2.043005770439984
40,1,C9,NONTARGET_CORRECT_REJECTION,0,,early,-1.1775395651418346
40,1,C9,NONTARGET_CORRECT_REJECTION,0,,late,-4.014048769953427
40,1,C7,NONTARGET_CORRECT_REJECTION,0,,early,-0.7700646911811437
40,1,C7,NONTARGET_CORRECT_REJECTION,0,,late,-4.3520935795372875
40,1,C4,NONTARGET_CORRECT_REJECTION,0,,early,-1.2277056852553967
40,1,C4,NONTARGET_CORRECT_REJECTION,0,,late,-1.8602748784652205
40,1,P1,NONTARGET_CORRECT_REJECTION,0,,early,6.209520169230545
40,1,P1,NONTARGET_CORRECT_REJECTION,0,,late,-0.557280448252598
40,1,C6,NONTARGET_CORRECT_REJECTION,0,,early,3.407491123335314
40,1,C6,NONTARGET_CORRECT_REJECTION,0,,late,-1.7501192057808108
40,1,P4,NONTARGET_CORRECT_REJECTION,0,,early,5.265145918828861
40,1,P4,NONTARGET_CORRECT_REJECTION,0,,late,-0.7476257776670127
40,1,P2,NONTARGET_CORRECT_REJECTION,0,,early,1.2583492347267957
40,1,P2,NONTARGET_CORRECT_REJECTION,0,,late,-4.61842489193589
40,1,C1,NONTARGET_CORRECT_REJECTION,0,,early,1.6376171572619953
40,1,C1,NONTARGET_CORRECT_REJECTION,0,,late,-0.2917433058388139
40,1,C8,NONTARGET_CORRECT_REJECTION,0,,early,1.9264767967771377
40,1,C8,NONTARGET_CORRECT_REJECTION,0,,late,-2.0489213653264247
40,1,C3,NONTARGET_CORRECT_REJECTION,0,,early,2.9733735994535686
40,1,C3,NONTARGET_CORRECT_REJECTION,0,,late,-2.90121781829234
40,1,C4,NONTARGET_CORRECT_REJECTION,0,,early,0.25716304506259546
40,1,C4,NONTARGET_CORRECT_REJECTION,0,,late,-3.228907995021893
40,1,C8,NONTARGET_CORRECT_REJECTION,0,,early,2.452553676639266
40,1,C8,NONTARGET_CORRECT_REJECTION,0,,late,-3.615132588507521
40,1,P2,NONTARGET_CORRECT_REJECTION,0,,early,6.746215465449066
40,1,P2,NONTARGET_CORRECT_REJECTION,0,,late,-1.7738334146085188
40,1,C5,NONTARGET_CORRECT_REJECTION,0,,early,-1.6064140315385587
40,1,C5,NONTARGET_CORRECT_REJECTION,0,,late,0.2834389368939917
40,1,C6,NONTARGET_CORRECT_REJECTION,0,,early,-1.453815803035459
40,1,C6,NONTARGET_CORRECT_REJECTION,0,,late,-4.535421727749592
40,1,C2,NONTARGET_CORRECT_REJECTION,0,,early,4.185939590234082
40,1,C2,NONTARGET_CORRECT_REJECTION,0,,late,1.4947359331915548
40,1,P3,NONTARGET_CORRECT_REJECTION,0,,early,-3.186135726437217
40,1,P3,NONTARGET_CORRECT_REJECTION,0,,late,-5.415818080953501
40,1,C9,NONTARGET_CORRECT_REJECTION,0,,early,-2.9282011162548582
40,1,C9,NONTARGET_CORRECT_REJECTION,0,,late,0.1144669186963225
40,1,C10,NONTARGET_CORRECT_REJECTION,0,,early,-4.633298295149448
40,1,C10,NONTARGET_CORRECT_REJECTION,0,,late,-3.5687355020926623
40,1,P4,NONTARGET_CORRECT_REJECTION,0,,early,4.076515209022277
40,1,P4,NONTARGET_CORRECT_REJECTION,0,,late,0.6036436351965767
40,1,C7,NONTARGET_CORRECT_REJECTION,0,,early,0.4209118681589446
40,1,C7,NONTARGET_CORRECT_REJECTION,0,,late,-0.18775123555089657
40,1,C6,NONTARGET_CORRECT_REJECTION,0,,early,-1.2663149557028837
40,1,C6,NONTARGET_CORRECT_REJECTION,0,,late,-3.1646488642664274
40,1,C4,NONTARGET_CORRECT_REJECTION,0,,early,0.7024174488532114
40,1,C4,NONTARGET_CORRECT_REJECTION,0,,late,-3.2128065981055354
40,2,C7,NONTARGET_CORRECT_REJECTION,0,,early,2.4317192599391015
40,2,C7,NONTARGET_CORRECT_REJECTION,0,,late,3.9529315913374625
40,2,P2,NONTARGET_CORRECT_REJECTION,0,,early,1.585457236739081
40,2,P2,NONTARGET_CORRECT_REJECTION,0,,late,-4.012396117948921
40,2,C3,NONTARGET_CORRECT_REJECTION,0,,early,0.8779055340925178
40,2,C3,NONTARGET_CORRECT_REJECTION,0,,late,0.8731428211215029
40,2,C5,NONTARGET_CORRECT_REJECTION,0,,early,2.416663524908061
40,2,C5,NONTARGET_CORRECT_REJECTION,0,,late,2.3069835578154025
40,2,C8,NONTARGET_CORRECT_REJECTION,0,,early,-0.9219033961479024
40,2,C8,NONTARGET_CORRECT_REJECTION,0,,late,0.7632154727197625
40,2,C9,NONTARGET_CORRECT_REJECTION,0,,early,-3.61446603379856
40,2,C9,NONTARGET_CORRECT_REJECTION,0,,late,-0.4031779157039774
40,2,P1,NONTARGET_CORRECT_REJECTION,0,,early,0.49998303387836107
40,2,P1,NONTARGET_CORRECT_REJECTION,0,,late,2.4701107823567314
40,2,P3,NONTARGET_CORRECT_REJECTION,0,,early,9.778633361068636
40,2,P3,NONTARGET_CORRECT_REJECTION,0,,late,-1.5225367918286772
40,2,P1,NONTARGET_CORRECT_REJECTION,0,,early,3.3216542023535047
40,2,P1,NONTARGET_CORRECT_REJECTION,0,,late,-1.5980911695928801
40,2,C2,NONTARGET_CORRECT_REJECTION,0,,early,1.7320976017067655
40,2,C2,NONTARGET_CORRECT_REJECTION,0,,late,-3.0176452043840287
40,2,C1,NONTARGET_CORRECT_REJECTION,0,,early,0.2764791749052261
40,2,C1,NONTARGET_CORRECT_REJECTION,0,,late,-0.2622355220642867
40,2,P3,NONTARGET_CORRECT_REJECTION,0,,early,1.973444124225904
40,2,P3,NONTARGET_CORRECT_REJECTION,0,,late,-6.4966372876850444
40,2,C7,NONTARGET_CORRECT_REJECTION,0,,early,3.138568109116154
40,2,C7,NONTARGET_CORRECT_REJECTION,0,,late,-2.526895578392191
40,2,P1,NONTARGET_CORRECT_REJECTION,0,,early,-3.9469290356918316
40,2,P1,NONTARGET_CORRECT_REJECTION,0,,late,-0.689638960570906
40,2,C9,NONTARGET_CORRECT_REJECTION,0,,early,-0.06829721014393737
40,2,C9,NONTARGET_CORRECT_REJECTION,0,,late,-2.4797358940651346
40,2,P4,NONTARGET_CORRECT_REJECTION,0,,early,1.9996611038623096
40,2,P4,NONTARGET_CORRECT_REJECTION,0,,late,-4.651925724901255
40,2,C6,NONTARGET_CORRECT_REJECTION,0,,early,-3.788633499273255
40,2,C6,NONTARGET_CORRECT_REJECTION,0,,late,-4.636114239990602
40,2,C8,NONTARGET_CORRECT_REJECTION,0,,early,1.4394939425694515
40,2,C8,NONTARGET_CORRECT_REJECTION,0,,late,-1.7597019870947257
40,2,C5,NONTARGET_CORRECT_REJECTION,0,,early,-1.4486871804406467
40,2,C5,NONTARGET_CORRECT_REJECTION,0,,late,3.2945206205049087
40,2,C3,NONTARGET_CORRECT_REJECTION,0,,early,-2.6393939519630902
40,2,C3,NONTARGET_CORRECT_REJECTION,0,,late,-4.389703224356228
40,2,C1,NONTARGET_CORRECT_REJECTION,0,,early,-0.6011934064621637
40,2,C1,NONTARGET_CORRECT_REJECTION,0,,late,1.2305256787684005
40,2,P4,NONTARGET_CORRECT_REJECTION,0,,early,-1.9135075036316622
40,2,P4,NONTARGET_CORRECT_REJECTION,0,,late,-2.6954718446594432
40,2,C10,NONTARGET_CORRECT_REJECTION,0,,early,-2.7725016345543665
40,2,C10,NONTARGET_CORRECT_REJECTION,0,,late,-2.3350118774461883
40,2,C8,NONTARGET_CORRECT_REJECTION,0,,early,-3.4527080172396545
40,2,C8,NONTARGET_CORRECT_REJECTION,0,,late,-2.627536104354658
40,2,C6,NONTARGET_CORRECT_REJECTION,0,,early,-0.6938136307803138
40,2,C6,NONTARGET_CORRECT_REJECTION,0,,late,-2.3452447411680932
40,2,C7,NONTARGET_CORRECT_REJECTION,0,,early,2.8214291771457156
40,2,C7,NONTARGET_CORRECT_REJECTION,0,,late,-4.5975721848154345
40,2,C6,NONTARGET_FALSE_ALARM,1,835.5,early,-4.335592190673439
40,2,C6,NONTARGET_FALSE_ALARM,1,835.5,late,-6.317994811737948
40,2,C5,NONTARGET_CORRECT_REJECTION,0,,early,-3.1624529397651995
40,2,C5,NONTARGET_CORRECT_REJECTION,0,,late,-1.0748691962073798
40,2,C4,NONTARGET_CORRECT_REJECTION,0,,early,-1.648395850102697
40,2,C4,NONTARGET_CORRECT_REJECTION,0,,late,-4.890857339252962
40,2,C2,NONTARGET_CORRECT_REJECTION,0,,early,7.604538818168057
40,2,C2,NONTARGET_CORRECT_REJECTION,0,,late,0.3044514902196883
40,2,C1,NONTARGET_CORRECT_REJECTION,0,,early,-2.657028678036938
40,2,C1,NONTARGET_CORRECT_REJECTION,0,,late,-3.0862507914602815
40,2,C10,NONTARGET_CORRECT_REJECTION,0,,early,-1.2517327580106357
40,2,C10,NONTARGET_CORRECT_REJECTION,0,,late,-0.05824147923807904
40,2,P1,NONTARGET_CORRECT_REJECTION,0,,early,1.7452723014940308
40,2,P1,NONTARGET_CORRECT_REJECTION,0,,late,-1.7708649340475875
40,2,C9,NONTARGET_CORRECT_REJECTION,0,,early,-0.9438352169659356
40,2,C9,NONTARGET_CORRECT_REJECTION,0,,late,-2.8744064203089406
40,2,C5,NONTARGET_CORRECT_REJECTION,0,,early,-3.0151380705271467
40,2,C5,NONTARGET_CORRECT_REJECTION,0,,late,-0.9271522422964166
40,2,C4,NONTARGET_CORRECT_REJECTION,0,,early,3.9441188081755802
40,2,C4,NONTARGET_CORRECT_REJECTION,0,,late,-3.0212300993972385
40,2,C8,NONTARGET_CORRECT_REJECTION,0,,early,0.31862664103032884
40,2,C8,NONTARGET_CORRECT_REJECTION,0,,late,-3.0210739392411807
40,2,C10,NONTARGET_CORRECT_REJECTION,0,,early,-1.7031484993672592
40,2,C10,NONTARGET_CORRECT_REJECTION,0,,late,-0.6647825714036568
40,2,C1,NONTARGET_CORRECT_REJECTION,0,,early,4.942934235103575
40,2,C1,NONTARGET_CORRECT_REJECTION,0,,late,-0.42450583930348773
40,2,P4,NONTARGET_CORRECT_REJECTION,0,,early,-1.8280736208324468
40,2,P4,NONTARGET_CORRECT_REJECTION,0,,late,-2.301187121655626
40,2,P3,NONTARGET_CORRECT_REJECTION,0,,early,0.4074739860146229
40,2,P3,NONTARGET_CORRECT_REJECTION,0,,late,-0.9723215265880781
40,2,C3,NONTARGET_CORRECT_REJECTION,0,,early,-3.1455925052490366
40,2,C3,NONTARGET_CORRECT_REJECTION,0,,late,-0.6254250090486831
40,2,C7,NONTARGET_CORRECT_REJECTION,0,,early,-0.3124995601998059
40,2,C7,NONTARGET_CORRECT_REJECTION,0,,late,-1.0227846276014598
40,2,C4,NONTARGET_CORRECT_REJECTION,0,,early,-2.8133782693067864
40,2,C4,NONTARGET_CORRECT_REJECTION,0,,late,-2.256262185435087
40,2,C10,NONTARGET_CORRECT_REJECTION,0,,early,-2.2044819826124797
40,2,C10,NONTARGET_CORRECT_REJECTION,0,,late,1.0213379836970864
40,2,P4,NONTARGET_CORRECT_REJECTION,0,,early,-2.6956476813872094
40,2,P4,NONTARGET_CORRECT_REJECTION,0,,late,0.2095014491893534
40,2,C6,NONTARGET_CORRECT_REJECTION,0,,early,0.5531973808515624
40,2,C6,NONTARGET_CORRECT_REJECTION,0,,late,-0.30472422680600786
40,2,C8,NONTARGET_CORRECT_REJECTION,0,,early,0.38016765735225416
40,2,C8,NONTARGET_CORRECT_REJECTION,0,,late,0.36538442852759845
40,2,P1,NONTARGET_CORRECT_REJECTION,0,,early,-0.7612527921812775
40,2,P1,NONTARGET_CORRECT_REJECTION,0,,late,-2.0247170822844405
40,2,P3,NONTARGET_CORRECT_REJECTION,0,,early,1.2843658528081903
40,2,P3,NONTARGET_CORRECT_REJECTION,0,,late,-1.606879554013612
40,2,C9,NONTARGET_CORRECT_REJECTION,0,,early,-0.83726422363263
40,2,C9,NONTARGET_CORRECT_REJECTION,0,,late,-2.089644651602575
40,2,C5,NONTARGET_CORRECT_REJECTION,0,,early,-1.799342426827487
40,2,C5,NONTARGET_CORRECT_REJECTION,0,,late,-4.952082278586391
40,2,C3,NONTARGET_CORRECT_REJECTION,0,,early,-0.071774937510393
40,2,C3,NONTARGET_CORRECT_REJECTION,0,,late,-0.06818872445047125
40,2,C2,NONTARGET_CORRECT_REJECTION,0,,early,0.952861708731443
40,2,C2,NONTARGET_CORRECT_REJECTION,0,,late,-0.30025794198179073
40,2,C7,NONTARGET_CORRECT_REJECTION,0,,early,-2.3376576139450997
40,2,C7,NONTARGET_CORRECT_REJECTION,0,,late,-1.3284832690739075
40,2,C6,NONTARGET_CORRECT_REJECTION,0,,early,0.2655229489250588
40,2,C6,NONTARGET_CORRECT_REJECTION,0,,late,-1.7415771613305646
40,2,C5,NONTARGET_CORRECT_REJECTION,0,,early,3.298540140009638
40,2,C5,NONTARGET_CORRECT_REJECTION,0,,late,0.31776037196683615
40,2,C3,NONTARGET_CORRECT_REJECTION,0,,early,1.8111039920126586
40,2,C3,NONTARGET_CORRECT_REJECTION,0,,late,-0.16719540530920066
40,2,P1,NONTARGET_CORRECT_REJECTION,0,,early,2.0013085684057006
40,2,P1,NONTARGET_CORRECT_REJECTION,0,,late,0.15888468199376998
40,2,P4,NONTARGET_CORRECT_REJECTION,0,,early,-2.8308104861822168
40,2,P4,NONTARGET_CORRECT_REJECTION,0,,late,0.4424383077376644
40,2,C10,NONTARGET_CORRECT_REJECTION,0,,early,-2.65253432857598
40,2,C10,NONTARGET_CORRECT_REJECTION,0,,late,-0.6481877460262754
40,2,C1,NONTARGET_CORRECT_REJECTION,0,,early,-1.6816868071162498
40,2,C1,NONTARGET_CORRECT_REJECTION,0,,late,1.4422327252377622
40,2,P2,NONTARGET_CORRECT_REJECTION,0,,early,3.4627502735106894
40,2,P2,NONTARGET_CORRECT_REJECTION,0,,late,-1.3181373910110634
40,2,C1,NONTARGET_CORRECT_REJECTION,0,,early,-3.004453661069477
40,2,C1,NONTARGET_CORRECT_REJECTION,0,,late,-0.104197430188155
40,2,C9,NONTARGET_CORRECT_REJECTION,0,,early,0.5953731124802848
40,2,C9,NONTARGET_CORRECT_REJECTION,0,,late,0.644997605263786
40,2,C8,NONTARGET_CORRECT_REJECTION,0,,early,1.8622944361355516
40,2,C8,NONTARGET_CORRECT_REJECTION,0,,late,-4.135632188973996
40,2,P1,NONTARGET_CORRECT_REJECTION,0,,early,4.540351336019135
40,2,P1,NONTARGET_CORRECT_REJECTION,0,,late,-2.332396952749621
40,2,C7,NONTARGET_CORRECT_REJECTION,0,,early,-6.1370133314825015
40,2,C7,NONTARGET_CORRECT_REJECTION,0,,late,-0.917705825486367
40,2,C10,NONTARGET_CORRECT_REJECTION,0,,early,-1.3140544052208556
40,2,C10,NONTARGET_CORRECT_REJECTION,0,,late,1.0373939285020348
40,2,C4,NONTARGET_CORRECT_REJECTION,0,,early,-1.084410786845853
40,2,C4,NONTARGET_CORRECT_REJECTION,0,,late,2.8464556553086524
40,2,C3,NONTARGET_CORRECT_REJECTION,0,,early,0.1796350734657418
40,2,C3,NONTARGET_CORRECT_REJECTION,0,,late,2.0056757166534536
40,2,P2,NONTARGET_CORRECT_REJECTION,0,,early,4.827545342930568
40,2,P2,NONTARGET_CORRECT_REJECTION,0,,late,-3.768722370234743
40,2,C5,NONTARGET_CORRECT_REJECTION,0,,early,0.5224680274672884
40,2,C5,NONTARGET_CORRECT_REJECTION,0,,late,-0.9028725645360682
40,2,C2,NONTARGET_CORRECT_REJECTION,0,,early,-1.9326204726357117
40,2,C2,NONTARGET_CORRECT_REJECTION,0,,late,0.6162464478593002
40,2,C9,NONTARGET_CORRECT_REJECTION,0,,early,-5.294461933448135
40,2,C9,NONTARGET_CORRECT_REJECTION,0,,late,-6.521732837598027
